,kfr_black_pooled_p25,kfr_black_pooled_p25_se,czname,state,county,tract
0,0.43688393,0.085584916,Phoenix,4,13,40530
1,0.34607136,0.058589317,Phoenix,4,13,60901
2,0.31542888,0.06096375,Phoenix,4,13,60903
3,0.47332206,0.072297096,Phoenix,4,13,60904
4,0.3955625,0.079358295,Phoenix,4,13,61009
5,0.39292845,0.068944052,Phoenix,4,13,61011
6,0.33981496,0.06653142,Phoenix,4,13,61012
7,0.67078263,0.069814816,Phoenix,4,13,61014
8,0.29130843,0.049117353,Phoenix,4,13,61015
9,0.29580772,0.061246496,Phoenix,4,13,61022
10,0.26393569,0.072582223,Phoenix,4,13,61023
11,0.39007086,0.083576493,Phoenix,4,13,61027
12,0.46659258,0.094897225,Phoenix,4,13,61033
13,0.38035658,0.072673015,Phoenix,4,13,61035
14,0.37976095,0.072767429,Phoenix,4,13,61040
15,0.40762603,0.070944488,Phoenix,4,13,61041
16,0.35139564,0.045765843,Phoenix,4,13,61046
17,0.40572006,0.032640848,Phoenix,4,13,61100
18,0.29124519,0.032839455,Phoenix,4,13,61200
19,0.35810572,0.058496505,Phoenix,4,13,61401
20,0.32385755,0.036646631,Phoenix,4,13,61402
21,0.43721044,0.072508603,Phoenix,4,13,71512
22,0.36028868,0.072305098,Phoenix,4,13,71517
23,0.40009573,0.069095746,Phoenix,4,13,71903
24,0.37606278,0.069726244,Phoenix,4,13,71906
25,0.32814124,0.058410533,Phoenix,4,13,71909
26,0.33073843,0.041712169,Phoenix,4,13,71910
27,0.29785854,0.07005652,Phoenix,4,13,71911
28,0.28280076,0.060940821,Phoenix,4,13,71912
29,0.34120038,0.051424995,Phoenix,4,13,71913
30,0.26438248,0.052378323,Phoenix,4,13,71914
31,0.36396614,0.051307693,Phoenix,4,13,71915
32,0.38489622,0.047288299,Phoenix,4,13,82002
33,0.32227919,0.035137698,Phoenix,4,13,82007
34,0.35229486,0.037077226,Phoenix,4,13,82008
35,0.30323982,0.031585235,Phoenix,4,13,82009
36,0.29034981,0.026638476,Phoenix,4,13,82010
37,0.41179615,0.07341864,Phoenix,4,13,82012
38,0.37231833,0.06233516,Phoenix,4,13,82016
39,0.40045112,0.040843364,Phoenix,4,13,82018
40,0.50122786,0.129472,Phoenix,4,13,82019
41,0.43800279,0.073015928,Phoenix,4,13,82020
42,0.40453842,0.11993963,Phoenix,4,13,82021
43,0.41243276,0.059347998,Phoenix,4,13,82023
44,0.4768635,0.07911507,Phoenix,4,13,82026
45,0.31702274,0.039079878,Phoenix,4,13,82028
46,0.4640691,0.077165529,Phoenix,4,13,82205
47,0.31614172,0.051571518,Phoenix,4,13,92305
48,0.3800264,0.071066409,Phoenix,4,13,92306
49,0.44726861,0.055493683,Phoenix,4,13,92307
50,0.29922932,0.05305874,Phoenix,4,13,92308
51,0.33124971,0.059898373,Phoenix,4,13,92309
52,0.41361886,0.049802985,Phoenix,4,13,92311
53,0.36539865,0.051610935,Phoenix,4,13,92312
54,0.33483514,0.029097529,Phoenix,4,13,92401
55,0.32907835,0.053564847,Phoenix,4,13,92402
56,0.28940398,0.048459508,Phoenix,4,13,92500
57,0.38852617,0.06472785,Phoenix,4,13,92705
58,0.3062712,0.089452885,Phoenix,4,13,92709
59,0.42997605,0.085722573,Phoenix,4,13,92710
60,0.36605057,0.064889707,Phoenix,4,13,92711
61,0.32118347,0.045888502,Phoenix,4,13,92712
62,0.43834773,0.051877484,Phoenix,4,13,92713
63,0.35844654,0.050449483,Phoenix,4,13,92715
64,0.32714406,0.037199434,Phoenix,4,13,92716
65,0.35412177,0.039417766,Phoenix,4,13,92717
66,0.3444514,0.035562597,Phoenix,4,13,92718
67,0.2879577,0.074315153,Phoenix,4,13,92719
68,0.46379286,0.067213714,Phoenix,4,13,92720
69,0.28165907,0.033705685,Phoenix,4,13,92801
70,0.28374627,0.025298024,Phoenix,4,13,92802
71,0.2121003,0.036029164,Phoenix,4,13,92900
72,0.34296417,0.02384204,Phoenix,4,13,93001
73,0.24788156,0.032560144,Phoenix,4,13,93002
74,0.27074277,0.021754066,Phoenix,4,13,93101
75,0.30623177,0.028812036,Phoenix,4,13,93104
76,0.31453019,0.029982137,Phoenix,4,13,93105
77,0.35876885,0.031740267,Phoenix,4,13,93106
78,0.35788915,0.033724301,Phoenix,4,13,93200
79,0.43240857,0.069031335,Phoenix,4,13,103210
80,0.31060651,0.05573307,Phoenix,4,13,103302
81,0.30593947,0.058860671,Phoenix,4,13,103306
82,0.48784906,0.091139778,Phoenix,4,13,103400
83,0.43398261,0.047624633,Phoenix,4,13,103609
84,0.35617852,0.070667543,Phoenix,4,13,103612
85,0.31781885,0.044042185,Phoenix,4,13,103615
86,0.30625886,0.043815386,Phoenix,4,13,103900
87,0.46752653,0.050553568,Phoenix,4,13,104000
88,0.33218718,0.062024273,Phoenix,4,13,104202
89,0.31079429,0.046028093,Phoenix,4,13,104203
90,0.31079102,0.054823294,Phoenix,4,13,104204
91,0.39664975,0.040942561,Phoenix,4,13,104205
92,0.3003636,0.047368612,Phoenix,4,13,104206
93,0.39910677,0.075285472,Phoenix,4,13,104207
94,0.31817284,0.05669469,Phoenix,4,13,104212
95,0.35711923,0.073313922,Phoenix,4,13,104215
96,0.35886088,0.074298806,Phoenix,4,13,104217
97,0.49301398,0.070642732,Phoenix,4,13,104218
98,0.41117308,0.049204335,Phoenix,4,13,104221
99,0.16326717,0.03615731,Phoenix,4,13,104222
100,0.30063623,0.04534182,Phoenix,4,13,104224
101,0.31026953,0.076667607,Phoenix,4,13,104226
102,0.33102995,0.050690904,Phoenix,4,13,104302
103,0.34224766,0.037737958,Phoenix,4,13,104401
104,0.27733901,0.044107933,Phoenix,4,13,104501
105,0.27837446,0.042816874,Phoenix,4,13,104502
106,0.39507231,0.059303552,Phoenix,4,13,104600
107,0.30415866,0.077083446,Phoenix,4,13,104802
108,0.3414045,0.050519913,Phoenix,4,13,105200
109,0.40601522,0.064540975,Phoenix,4,13,105501
110,0.39274311,0.064282611,Phoenix,4,13,105502
111,0.34993854,0.043005582,Phoenix,4,13,105503
112,0.34870169,0.028774982,Phoenix,4,13,105602
113,0.33269206,0.063815691,Phoenix,4,13,105701
114,0.29431838,0.076662146,Phoenix,4,13,105702
115,0.29737413,0.048178885,Phoenix,4,13,105800
116,0.28435296,0.036940243,Phoenix,4,13,105900
117,0.31801325,0.037016168,Phoenix,4,13,106003
118,0.42184246,0.064316295,Phoenix,4,13,106100
119,0.29362428,0.038883738,Phoenix,4,13,106300
120,0.46183285,0.081520736,Phoenix,4,13,106501
121,0.30286658,0.050728183,Phoenix,4,13,106502
122,0.33206338,0.028983586,Phoenix,4,13,106701
123,0.34598434,0.027658846,Phoenix,4,13,106801
124,0.33586287,0.058546875,Phoenix,4,13,106802
125,0.33648902,0.042375106,Phoenix,4,13,106900
126,0.30246922,0.03225074,Phoenix,4,13,107000
127,0.34441081,0.043983717,Phoenix,4,13,107101
128,0.32433337,0.023810638,Phoenix,4,13,107102
129,0.35171461,0.031886127,Phoenix,4,13,107201
130,0.28688598,0.043471355,Phoenix,4,13,107202
131,0.30106255,0.033079114,Phoenix,4,13,107300
132,0.36742783,0.027246716,Phoenix,4,13,107400
133,0.36484441,0.053879451,Phoenix,4,13,107601
134,0.57822162,0.077843718,Phoenix,4,13,107700
135,0.23964123,0.044657137,Phoenix,4,13,108400
136,0.40324202,0.068166628,Phoenix,4,13,108502
137,0.29049355,0.05122738,Phoenix,4,13,108601
138,0.3210243,0.033037215,Phoenix,4,13,108602
139,0.3722108,0.055170789,Phoenix,4,13,108802
140,0.34959155,0.060045768,Phoenix,4,13,108901
141,0.36401859,0.034813859,Phoenix,4,13,108902
142,0.27549401,0.029245155,Phoenix,4,13,109001
143,0.30205318,0.029212531,Phoenix,4,13,109002
144,0.31932053,0.026170792,Phoenix,4,13,109003
145,0.50694752,0.073578805,Phoenix,4,13,109101
146,0.44953054,0.057464112,Phoenix,4,13,109102
147,0.30851448,0.03462467,Phoenix,4,13,109200
148,0.29337853,0.039131664,Phoenix,4,13,109300
149,0.27326724,0.02115503,Phoenix,4,13,109400
150,0.29608536,0.029108791,Phoenix,4,13,109500
151,0.30968434,0.027869159,Phoenix,4,13,109601
152,0.32516783,0.021594163,Phoenix,4,13,109602
153,0.31785607,0.028886344,Phoenix,4,13,109603
154,0.27655753,0.031957846,Phoenix,4,13,109604
155,0.30569419,0.026557511,Phoenix,4,13,109701
156,0.3213805,0.035657298,Phoenix,4,13,109702
157,0.31234035,0.042043909,Phoenix,4,13,109703
158,0.23595542,0.042877357,Phoenix,4,13,109705
159,0.40184399,0.038969636,Phoenix,4,13,109801
160,0.31695884,0.044792455,Phoenix,4,13,109802
161,0.33899233,0.032279652,Phoenix,4,13,109900
162,0.30823684,0.032332081,Phoenix,4,13,110001
163,0.26856965,0.029070657,Phoenix,4,13,110002
164,0.27276483,0.032306641,Phoenix,4,13,110100
165,0.34258625,0.042854726,Phoenix,4,13,110400
166,0.31317919,0.040708669,Phoenix,4,13,110501
167,0.40619192,0.066511087,Phoenix,4,13,110502
168,0.2357709,0.027656049,Phoenix,4,13,110600
169,0.2983962,0.044731405,Phoenix,4,13,110701
170,0.30665857,0.046890944,Phoenix,4,13,110702
171,0.31665647,0.028238319,Phoenix,4,13,110801
172,0.36138174,0.051321581,Phoenix,4,13,110901
173,0.33818096,0.03821937,Phoenix,4,13,110902
174,0.30256376,0.059154626,Phoenix,4,13,111100
175,0.35969701,0.036948979,Phoenix,4,13,111201
176,0.2282594,0.046004552,Phoenix,4,13,111203
177,0.37711054,0.068247519,Phoenix,4,13,111204
178,0.33348897,0.028231394,Phoenix,4,13,111300
179,0.34770793,0.046372123,Phoenix,4,13,111401
180,0.28674567,0.033011321,Phoenix,4,13,111402
181,0.32317773,0.034203693,Phoenix,4,13,111502
182,0.2781626,0.059401326,Phoenix,4,13,111601
183,0.29762223,0.039315451,Phoenix,4,13,111602
184,0.34157073,0.036716539,Phoenix,4,13,111700
185,0.36081222,0.061288506,Phoenix,4,13,111800
186,0.29592383,0.049041849,Phoenix,4,13,112201
187,0.41500363,0.050095715,Phoenix,4,13,112202
188,0.2912505,0.032292057,Phoenix,4,13,112301
189,0.31712499,0.021371583,Phoenix,4,13,112302
190,0.34020013,0.033588428,Phoenix,4,13,112401
191,0.29299188,0.027674787,Phoenix,4,13,112402
192,0.35265657,0.026483674,Phoenix,4,13,112502
193,0.35265699,0.029372906,Phoenix,4,13,112503
194,0.29513726,0.026553869,Phoenix,4,13,112504
195,0.29027623,0.029376501,Phoenix,4,13,112505
196,0.31235364,0.030283123,Phoenix,4,13,112507
197,0.33192033,0.029521268,Phoenix,4,13,112509
198,0.28736973,0.051838055,Phoenix,4,13,112510
199,0.35669932,0.04383656,Phoenix,4,13,112513
200,0.32797855,0.045766942,Phoenix,4,13,112601
201,0.4028891,0.062659703,Phoenix,4,13,112700
202,0.27170694,0.041845437,Phoenix,4,13,112900
203,0.31568411,0.0503745,Phoenix,4,13,113100
204,0.30023307,0.041725934,Phoenix,4,13,113300
205,0.27108884,0.0349117,Phoenix,4,13,113501
206,0.30623499,0.042387828,Phoenix,4,13,113502
207,0.33956954,0.05467885,Phoenix,4,13,113601
208,0.3364498,0.024036169,Phoenix,4,13,113700
209,0.22473903,0.034802895,Phoenix,4,13,113900
210,0.2753548,0.036600731,Phoenix,4,13,114000
211,0.31687593,0.059920404,Phoenix,4,13,114200
212,0.24766938,0.051630367,Phoenix,4,13,114301
213,0.32907802,0.038741685,Phoenix,4,13,114302
214,0.27135095,0.039715808,Phoenix,4,13,114401
215,0.36205664,0.06221395,Phoenix,4,13,114402
216,0.29516652,0.023982991,Phoenix,4,13,114800
217,0.27195108,0.04682754,Phoenix,4,13,114900
218,0.30540448,0.018924138,Phoenix,4,13,115200
219,0.26436496,0.02636127,Phoenix,4,13,115300
220,0.27675465,0.061981909,Phoenix,4,13,115500
221,0.28618678,0.016532581,Phoenix,4,13,115600
222,0.31153584,0.034907404,Phoenix,4,13,115700
223,0.33917937,0.031080503,Phoenix,4,13,115801
224,0.32327488,0.057872549,Phoenix,4,13,115802
225,0.26954097,0.017357629,Phoenix,4,13,115900
226,0.31059122,0.012568118,Phoenix,4,13,116000
227,0.28328887,0.019021325,Phoenix,4,13,116100
228,0.3697156,0.037372768,Phoenix,4,13,116202
229,0.37577063,0.038982511,Phoenix,4,13,116203
230,0.40192404,0.038101725,Phoenix,4,13,116204
231,0.298437,0.027775059,Phoenix,4,13,116205
232,0.31207177,0.016695317,Phoenix,4,13,116300
233,0.31830683,0.031475496,Phoenix,4,13,116400
234,0.38025355,0.029536739,Phoenix,4,13,116500
235,0.24644093,0.019191243,Phoenix,4,13,116602
236,0.34892511,0.04736346,Phoenix,4,13,116606
237,0.44109458,0.059037533,Phoenix,4,13,116613
238,0.29696369,0.022408362,Phoenix,4,13,116702
239,0.29131618,0.026586313,Phoenix,4,13,116703
240,0.36564559,0.029657748,Phoenix,4,13,116704
241,0.48116109,0.12603316,Phoenix,4,13,116710
242,0.35450873,0.057532307,Phoenix,4,13,116712
243,0.38437626,0.060127813,Phoenix,4,13,116713
244,0.38610792,0.046945922,Phoenix,4,13,116717
245,0.31889936,0.065122865,Phoenix,4,13,116718
246,0.14518914,0.12981899,Phoenix,4,13,116719
247,0.35911897,0.061705992,Phoenix,4,13,116720
248,0.3853431,0.081163339,Phoenix,4,13,116725
249,0.36359313,0.049954567,Phoenix,4,13,116732
250,0.37813705,0.035590731,Phoenix,4,13,117000
251,0.50815159,0.066990986,Phoenix,4,13,117100
252,0.42435199,0.083635569,Phoenix,4,13,217600
253,0.35278976,0.06080687,Phoenix,4,13,217800
254,0.3396562,0.063662522,Phoenix,4,13,218000
255,0.29839697,0.052574541,Phoenix,4,13,218300
256,0.3580268,0.036440849,Phoenix,4,13,318800
257,0.30037081,0.044309147,Phoenix,4,13,318900
258,0.25120318,0.049244598,Phoenix,4,13,319104
259,0.27417645,0.034051266,Phoenix,4,13,319201
260,0.36865145,0.057408083,Phoenix,4,13,319202
261,0.38781548,0.07203646,Phoenix,4,13,319300
262,0.36802146,0.047786456,Phoenix,4,13,319401
263,0.34625271,0.039582383,Phoenix,4,13,319403
264,0.44161361,0.069408461,Phoenix,4,13,319500
265,0.35390037,0.051293623,Phoenix,4,13,319600
266,0.38335311,0.042271249,Phoenix,4,13,319703
267,0.37547135,0.04691641,Phoenix,4,13,319705
268,0.29452586,0.032625824,Phoenix,4,13,319706
269,0.34977335,0.032617472,Phoenix,4,13,319800
270,0.38363346,0.057393551,Phoenix,4,13,319903
271,0.64945745,0.067723796,Phoenix,4,13,319904
272,0.45235312,0.069385916,Phoenix,4,13,319905
273,0.32114774,0.053072844,Phoenix,4,13,319908
274,0.14577608,0.086135104,Phoenix,4,13,319909
275,0.34585211,0.04042748,Phoenix,4,13,320001
276,0.38368237,0.033087622,Phoenix,4,13,320007
277,0.44205853,0.093418263,Phoenix,4,13,420202
278,0.32011417,0.062473286,Phoenix,4,13,420208
279,0.43904343,0.068136796,Phoenix,4,13,420210
280,0.52824479,0.083322763,Phoenix,4,13,420216
281,0.30696943,0.036617484,Phoenix,4,13,420501
282,0.30750227,0.051005743,Phoenix,4,13,420503
283,0.41496032,0.076493293,Phoenix,4,13,420504
284,0.27011985,0.049281079,Phoenix,4,13,420704
285,0.27134141,0.051828571,Phoenix,4,13,420708
286,0.21327415,0.042243976,Phoenix,4,13,420800
287,0.25084466,0.038708963,Phoenix,4,13,420901
288,0.2166841,0.057448111,Phoenix,4,13,421001
289,0.34778526,0.042645451,Phoenix,4,13,421002
290,0.33472532,0.051436469,Phoenix,4,13,421101
291,0.3169511,0.041811839,Phoenix,4,13,421102
292,0.43242124,0.066530213,Phoenix,4,13,421201
293,0.31994572,0.046996523,Phoenix,4,13,421302
294,0.39010927,0.046916079,Phoenix,4,13,421303
295,0.34548593,0.046341773,Phoenix,4,13,421304
296,0.36935347,0.06821166,Phoenix,4,13,421602
297,0.3027159,0.043167219,Phoenix,4,13,421701
298,0.3288016,0.049191549,Phoenix,4,13,421802
299,0.33802631,0.054094348,Phoenix,4,13,421901
300,0.30114332,0.05080422,Phoenix,4,13,421902
301,0.36664712,0.033290911,Phoenix,4,13,422103
302,0.32365695,0.028627254,Phoenix,4,13,422104
303,0.2644906,0.029253958,Phoenix,4,13,422106
304,0.33112797,0.036613569,Phoenix,4,13,422107
305,0.26528493,0.042590991,Phoenix,4,13,422203
306,0.35079309,0.067532293,Phoenix,4,13,422204
307,0.34985667,0.072625838,Phoenix,4,13,422209
308,0.35923237,0.063246518,Phoenix,4,13,422210
309,0.33372766,0.085105166,Phoenix,4,13,422211
310,0.51775396,0.082821518,Phoenix,4,13,422213
311,0.31646833,0.058389172,Phoenix,4,13,422215
312,0.21485867,0.072899915,Phoenix,4,13,422216
313,0.40834728,0.088003851,Phoenix,4,13,422217
314,0.31059685,0.083118737,Phoenix,4,13,422218
315,0.38384667,0.077299446,Phoenix,4,13,422219
316,0.46582705,0.06439355,Phoenix,4,13,422221
317,0.36538419,0.052272279,Phoenix,4,13,422301
318,0.25918007,0.037596814,Phoenix,4,13,422302
319,0.35071188,0.062993504,Phoenix,4,13,422304
320,0.25190929,0.062018793,Phoenix,4,13,422305
321,0.32901213,0.07163807,Phoenix,4,13,422307
322,0.40368643,0.06823729,Phoenix,4,13,422308
323,0.40089673,0.059423517,Phoenix,4,13,422402
324,0.33234301,0.065387718,Phoenix,4,13,422403
325,0.34109536,0.055338822,Phoenix,4,13,422501
326,0.48192883,0.065723442,Phoenix,4,13,422502
327,0.31859261,0.05181298,Phoenix,4,13,422503
328,0.20531018,0.061142817,Phoenix,4,13,422504
329,0.31978902,0.052846387,Phoenix,4,13,422506
330,0.27760449,0.062357917,Phoenix,4,13,422514
331,0.11694781,0.064010382,Phoenix,4,13,422616
332,0.23755307,0.057898212,Phoenix,4,13,422632
333,0.44549894,0.082954355,Phoenix,4,13,422641
334,0.61196959,0.10572197,Phoenix,4,13,422642
335,0.30684555,0.056671202,Phoenix,4,13,522901
336,0.35412624,0.058930598,Phoenix,4,13,522903
337,0.30309168,0.043669306,Phoenix,4,13,522904
338,0.36907774,0.061238077,Phoenix,4,13,523003
339,0.48547688,0.056756929,Phoenix,4,13,523006
340,0.26728928,0.029629357,Phoenix,4,13,523102
341,0.29337993,0.047979161,Phoenix,4,13,523103
342,0.36867988,0.052626994,Phoenix,4,13,523104
343,0.29317534,0.076583587,Phoenix,4,13,616100
344,0.24691263,0.054038655,Phoenix,4,13,616400
345,0.34230277,0.06273026,Phoenix,4,13,616600
346,0.33821252,0.13709711,Phoenix,4,13,616700
347,0.2375741,0.069465287,Phoenix,4,13,617600
348,0.44028136,0.085434325,Phoenix,4,13,617700
349,0.4193404,0.10513335,Phoenix,4,13,618000
350,0.35391194,0.050352123,Phoenix,4,13,618500
351,0.27772406,0.050450981,Phoenix,4,13,618600
352,0.25197583,0.039653577,Phoenix,4,13,618800
353,0.3083815,0.047493298,Phoenix,4,13,618900
354,0.3192158,0.047928501,Phoenix,4,13,619100
355,0.33083251,0.04678316,Phoenix,4,13,619200
356,0.33492666,0.064502858,Phoenix,4,13,810300
357,0.25337425,0.082429536,Phoenix,4,13,810400
358,0.5280655,0.12016337,Phoenix,4,13,810500
359,0.38455606,0.071105197,Phoenix,4,13,810600
360,0.35301551,0.039226867,Phoenix,4,13,810700
361,0.37458679,0.06388177,Phoenix,4,13,810900
362,0.40658256,0.095722735,Phoenix,4,13,811300
363,0.34129131,0.10380437,Phoenix,4,13,811400
364,0.24999489,0.051329944,Phoenix,4,13,811600
365,0.33463103,0.066763833,Phoenix,4,13,811700
366,0.21202371,0.067942537,Phoenix,4,13,812100
367,0.46868572,0.098001711,Phoenix,4,13,813900
368,0.38286981,0.10644346,Phoenix,4,13,814400
369,0.39324826,0.11425598,Phoenix,4,13,814500
370,0.21177308,0.030881898,Phoenix,4,21,1000
371,0.30976418,0.065859638,Phoenix,4,21,1100
372,0.35097978,0.061642647,Phoenix,4,21,1200
373,0.39852697,0.07176502,Phoenix,4,21,1403
374,0.28307346,0.042220861,Phoenix,4,21,1406
375,0.29002523,0.051378135,Phoenix,4,21,1500
376,0.3274436,0.040025536,San Francisco,6,1,400300
377,0.29227149,0.03460674,San Francisco,6,1,400400
378,0.33572984,0.02401918,San Francisco,6,1,400500
379,0.34197333,0.029039947,San Francisco,6,1,400600
380,0.32495785,0.01536977,San Francisco,6,1,400700
381,0.29663461,0.016128965,San Francisco,6,1,400800
382,0.37063923,0.024670301,San Francisco,6,1,400900
383,0.29978362,0.011373059,San Francisco,6,1,401000
384,0.31159708,0.019194851,San Francisco,6,1,401100
385,0.36642471,0.032128368,San Francisco,6,1,401200
386,0.28513882,0.022919407,San Francisco,6,1,401300
387,0.294406,0.01342822,San Francisco,6,1,401400
388,0.31366026,0.019619744,San Francisco,6,1,401500
389,0.27156866,0.020193158,San Francisco,6,1,401600
390,0.28360596,0.025715914,San Francisco,6,1,401700
391,0.295946,0.019331547,San Francisco,6,1,401800
392,0.28237763,0.019580605,San Francisco,6,1,402200
393,0.30874592,0.017594289,San Francisco,6,1,402400
394,0.32749704,0.019521296,San Francisco,6,1,402500
395,0.40786096,0.058388855,San Francisco,6,1,402600
396,0.29193941,0.021161096,San Francisco,6,1,402700
397,0.32470918,0.030439759,San Francisco,6,1,402800
398,0.31765708,0.057529103,San Francisco,6,1,402900
399,0.36235234,0.030840367,San Francisco,6,1,403400
400,0.30750141,0.019154517,San Francisco,6,1,403501
401,0.35004056,0.032570966,San Francisco,6,1,403502
402,0.3540121,0.021271216,San Francisco,6,1,403600
403,0.31314385,0.032655362,San Francisco,6,1,403701
404,0.34937707,0.036421284,San Francisco,6,1,403702
405,0.3866176,0.044493038,San Francisco,6,1,403800
406,0.3642534,0.03235824,San Francisco,6,1,403900
407,0.34402156,0.041814703,San Francisco,6,1,404000
408,0.31280288,0.045161694,San Francisco,6,1,404101
409,0.3503435,0.11461589,San Francisco,6,1,404502
410,0.41436601,0.16375282,San Francisco,6,1,404600
411,0.41178852,0.03509628,San Francisco,6,1,404800
412,0.34589893,0.034883905,San Francisco,6,1,404900
413,0.38524947,0.061260715,San Francisco,6,1,405000
414,0.31354681,0.044890754,San Francisco,6,1,405100
415,0.3128362,0.023979237,San Francisco,6,1,405200
416,0.36114648,0.03528608,San Francisco,6,1,405301
417,0.2721754,0.030701382,San Francisco,6,1,405302
418,0.2623392,0.018292164,San Francisco,6,1,405401
419,0.2482024,0.019694295,San Francisco,6,1,405402
420,0.28414196,0.02059287,San Francisco,6,1,405500
421,0.2758497,0.022400608,San Francisco,6,1,405600
422,0.35260361,0.021433249,San Francisco,6,1,405700
423,0.30545089,0.01791059,San Francisco,6,1,405800
424,0.3327232,0.028271807,San Francisco,6,1,405901
425,0.3388952,0.031057525,San Francisco,6,1,405902
426,0.41148639,0.039514724,San Francisco,6,1,406000
427,0.31910473,0.040596738,San Francisco,6,1,406100
428,0.29596728,0.024741918,San Francisco,6,1,406201
429,0.31629765,0.027253032,San Francisco,6,1,406202
430,0.30016467,0.021528143,San Francisco,6,1,406300
431,0.27087903,0.025445154,San Francisco,6,1,406400
432,0.30397451,0.01558865,San Francisco,6,1,406500
433,0.32977805,0.0173536,San Francisco,6,1,406601
434,0.27772507,0.021849135,San Francisco,6,1,406602
435,0.34668952,0.040583696,San Francisco,6,1,406700
436,0.3441695,0.03398779,San Francisco,6,1,406800
437,0.37078965,0.025851913,San Francisco,6,1,406900
438,0.35099083,0.017043343,San Francisco,6,1,407000
439,0.33624592,0.026052626,San Francisco,6,1,407101
440,0.28032556,0.019712541,San Francisco,6,1,407102
441,0.33624321,0.029947609,San Francisco,6,1,407200
442,0.38336015,0.037485022,San Francisco,6,1,407300
443,0.29099602,0.019910153,San Francisco,6,1,407400
444,0.28339624,0.015485172,San Francisco,6,1,407500
445,0.3154749,0.01313567,San Francisco,6,1,407600
446,0.31133822,0.01719819,San Francisco,6,1,407700
447,0.31856412,0.027695086,San Francisco,6,1,407800
448,0.34172252,0.0330212,San Francisco,6,1,407900
449,0.42318615,0.03378069,San Francisco,6,1,408100
450,0.32125071,0.014206564,San Francisco,6,1,408200
451,0.31151199,0.017077237,San Francisco,6,1,408300
452,0.29973885,0.01478248,San Francisco,6,1,408400
453,0.2957406,0.012348024,San Francisco,6,1,408500
454,0.31221378,0.012959959,San Francisco,6,1,408600
455,0.28677851,0.011174909,San Francisco,6,1,408700
456,0.28417248,0.013349673,San Francisco,6,1,408800
457,0.26486588,0.014596422,San Francisco,6,1,408900
458,0.31697151,0.016946752,San Francisco,6,1,409000
459,0.29267639,0.018456776,San Francisco,6,1,409100
460,0.2802414,0.016227543,San Francisco,6,1,409200
461,0.2989147,0.015063121,San Francisco,6,1,409300
462,0.30345365,0.016089836,San Francisco,6,1,409400
463,0.27371347,0.015878197,San Francisco,6,1,409500
464,0.30920586,0.01546822,San Francisco,6,1,409600
465,0.31466645,0.012458317,San Francisco,6,1,409700
466,0.3114149,0.018857148,San Francisco,6,1,409800
467,0.34766278,0.026429996,San Francisco,6,1,409900
468,0.35564506,0.036017012,San Francisco,6,1,410000
469,0.36778548,0.022343632,San Francisco,6,1,410100
470,0.33225551,0.018240977,San Francisco,6,1,410200
471,0.27560085,0.01408046,San Francisco,6,1,410300
472,0.34891599,0.019388778,San Francisco,6,1,410400
473,0.29792935,0.018896481,San Francisco,6,1,410500
474,0.44984731,0.075960554,San Francisco,6,1,420200
475,0.5410859,0.1187933,San Francisco,6,1,420300
476,0.42538589,0.051552113,San Francisco,6,1,421900
477,0.34114346,0.040334024,San Francisco,6,1,422000
478,0.28124911,0.027004713,San Francisco,6,1,422100
479,0.3775548,0.037447181,San Francisco,6,1,422200
480,0.3734884,0.044645246,San Francisco,6,1,423000
481,0.35623184,0.031342831,San Francisco,6,1,423100
482,0.33020639,0.024743196,San Francisco,6,1,423200
483,0.291576,0.01870935,San Francisco,6,1,423300
484,0.3679522,0.021399489,San Francisco,6,1,423400
485,0.34405205,0.037993886,San Francisco,6,1,423500
486,0.33026865,0.044119947,San Francisco,6,1,423901
487,0.31633297,0.018251648,San Francisco,6,1,424001
488,0.33523017,0.021499604,San Francisco,6,1,424002
489,0.41352308,0.038034458,San Francisco,6,1,425103
490,0.36983103,0.032258309,San Francisco,6,1,425104
491,0.30049613,0.037250277,San Francisco,6,1,427200
492,0.36598131,0.046571765,San Francisco,6,1,427300
493,0.3215653,0.016339501,San Francisco,6,1,427600
494,0.43462729,0.050910704,San Francisco,6,1,427700
495,0.30288243,0.044053614,San Francisco,6,1,427800
496,0.38586223,0.052468959,San Francisco,6,1,427900
497,0.342926,0.047505777,San Francisco,6,1,428000
498,0.36032206,0.074986532,San Francisco,6,1,428100
499,0.38878673,0.075019725,San Francisco,6,1,428200
500,0.33621579,0.051977728,San Francisco,6,1,428400
501,0.36718088,0.073681995,San Francisco,6,1,428500
502,0.40499443,0.073396564,San Francisco,6,1,428600
503,0.35349539,0.02419276,San Francisco,6,1,428700
504,0.58292639,0.11194552,San Francisco,6,1,430200
505,0.31283173,0.02583429,San Francisco,6,1,430500
506,0.37166202,0.087554745,San Francisco,6,1,430600
507,0.32720557,0.047876123,San Francisco,6,1,430900
508,0.22874899,0.058783226,San Francisco,6,1,431000
509,0.41619492,0.049042258,San Francisco,6,1,431100
510,0.32797876,0.042423032,San Francisco,6,1,431200
511,0.29013538,0.0302341,San Francisco,6,1,432100
512,0.37476805,0.032118093,San Francisco,6,1,432200
513,0.41584024,0.060049508,San Francisco,6,1,432300
514,0.40770003,0.036616068,San Francisco,6,1,432400
515,0.36797401,0.047497589,San Francisco,6,1,432501
516,0.36234078,0.036716204,San Francisco,6,1,432502
517,0.28224015,0.021992901,San Francisco,6,1,432600
518,0.57479125,0.08771465,San Francisco,6,1,432700
519,0.59217507,0.06690117,San Francisco,6,1,432800
520,0.3741796,0.085610151,San Francisco,6,1,433000
521,0.23533666,0.045608804,San Francisco,6,1,433102
522,0.35717317,0.026025577,San Francisco,6,1,433103
523,0.41004673,0.035004973,San Francisco,6,1,433104
524,0.38021496,0.029790528,San Francisco,6,1,433200
525,0.27667174,0.053880494,San Francisco,6,1,433300
526,0.36248574,0.051490474,San Francisco,6,1,433400
527,0.36626804,0.033254955,San Francisco,6,1,433600
528,0.32643563,0.043660652,San Francisco,6,1,433700
529,0.27813083,0.021209208,San Francisco,6,1,433800
530,0.36425489,0.016582005,San Francisco,6,1,433900
531,0.28309566,0.024064818,San Francisco,6,1,434000
532,0.37275097,0.051129222,San Francisco,6,1,435102
533,0.35462198,0.10954422,San Francisco,6,1,435103
534,0.42295069,0.028279282,San Francisco,6,1,435104
535,0.36739308,0.031692907,San Francisco,6,1,435200
536,0.37390506,0.026458735,San Francisco,6,1,435300
537,0.35944545,0.034784272,San Francisco,6,1,435400
538,0.3292304,0.031950891,San Francisco,6,1,435500
539,0.34923995,0.028577525,San Francisco,6,1,435601
540,0.35844028,0.045254424,San Francisco,6,1,435602
541,0.43331888,0.063617997,San Francisco,6,1,435700
542,0.31600067,0.049826656,San Francisco,6,1,435800
543,0.206016,0.062022623,San Francisco,6,1,436100
544,0.37865746,0.037125804,San Francisco,6,1,436200
545,0.31655201,0.026544776,San Francisco,6,1,436300
546,0.36577192,0.026921412,San Francisco,6,1,436401
547,0.45162794,0.072299674,San Francisco,6,1,436402
548,0.28228867,0.022847537,San Francisco,6,1,436500
549,0.34163117,0.025755432,San Francisco,6,1,436601
550,0.33685219,0.026528362,San Francisco,6,1,436602
551,0.413883,0.067572854,San Francisco,6,1,436700
552,0.31736726,0.032972753,San Francisco,6,1,436800
553,0.29064733,0.026563995,San Francisco,6,1,436900
554,0.2532275,0.045499086,San Francisco,6,1,437000
555,0.33318067,0.056437492,San Francisco,6,1,437101
556,0.33440354,0.032271184,San Francisco,6,1,437102
557,0.30154386,0.03630852,San Francisco,6,1,437200
558,0.40606254,0.046565283,San Francisco,6,1,437300
559,0.55538905,0.095689207,San Francisco,6,1,437400
560,0.33657059,0.031631973,San Francisco,6,1,437500
561,0.3644197,0.062292572,San Francisco,6,1,437600
562,0.27181521,0.020720402,San Francisco,6,1,437701
563,0.26123399,0.02542421,San Francisco,6,1,437702
564,0.38704017,0.039419107,San Francisco,6,1,437800
565,0.30610141,0.043855827,San Francisco,6,1,437900
566,0.47255901,0.072112888,San Francisco,6,1,438000
567,0.32369059,0.042731263,San Francisco,6,1,438100
568,0.35698026,0.041927509,San Francisco,6,1,438201
569,0.36572489,0.056733131,San Francisco,6,1,438203
570,0.32868353,0.03590655,San Francisco,6,1,438204
571,0.30692086,0.039528031,San Francisco,6,1,438300
572,0.13360281,0.1081778,San Francisco,6,1,438400
573,0.26493704,0.052612316,San Francisco,6,1,440100
574,0.47724509,0.054540571,San Francisco,6,1,440200
575,0.42462236,0.063006856,San Francisco,6,1,440301
576,0.39034849,0.038485315,San Francisco,6,1,440304
577,0.36357552,0.067471571,San Francisco,6,1,440305
578,0.25282526,0.028336521,San Francisco,6,1,440306
579,0.3098681,0.043524787,San Francisco,6,1,440307
580,0.39334038,0.048591342,San Francisco,6,1,440308
581,0.30235991,0.040474523,San Francisco,6,1,440331
582,0.45685956,0.10278989,San Francisco,6,1,440333
583,0.37487495,0.063323885,San Francisco,6,1,440334
584,0.39140776,0.037132114,San Francisco,6,1,440336
585,0.22685535,0.073684759,San Francisco,6,1,441200
586,0.45170096,0.066467397,San Francisco,6,1,441302
587,0.31748977,0.045746487,San Francisco,6,1,441401
588,0.44928446,0.087935142,San Francisco,6,1,441402
589,0.29627243,0.080777131,San Francisco,6,1,441501
590,0.43169278,0.091620773,San Francisco,6,1,441503
591,0.49699718,0.069731742,San Francisco,6,1,441521
592,0.28468969,0.060948681,San Francisco,6,1,441522
593,0.31565666,0.08669845,San Francisco,6,1,441523
594,0.43765482,0.075337678,San Francisco,6,1,441601
595,0.45663074,0.045889746,San Francisco,6,1,441602
596,0.33931571,0.045495309,San Francisco,6,1,441700
597,0.40093568,0.054604992,San Francisco,6,1,441800
598,0.36895275,0.064154655,San Francisco,6,1,441921
599,0.33045939,0.040540397,San Francisco,6,1,441923
600,0.4483391,0.073904619,San Francisco,6,1,441924
601,0.36731324,0.07184092,San Francisco,6,1,441925
602,0.26593876,0.040659938,San Francisco,6,1,441926
603,0.32666981,0.037750755,San Francisco,6,1,441927
604,0.41900754,0.096754141,San Francisco,6,1,442200
605,0.27474931,0.05513379,San Francisco,6,1,442301
606,0.33692825,0.043942563,San Francisco,6,1,442302
607,0.31837142,0.066234984,San Francisco,6,1,442400
608,0.34592563,0.053238325,San Francisco,6,1,442500
609,0.43437544,0.054023027,San Francisco,6,1,442602
610,0.25358561,0.05800204,San Francisco,6,1,442900
611,0.3850179,0.091563068,San Francisco,6,1,443002
612,0.48317531,0.078502022,San Francisco,6,1,443104
613,0.48421976,0.097522408,San Francisco,6,1,444100
614,0.25489703,0.051124159,San Francisco,6,1,444200
615,0.44287694,0.073258981,San Francisco,6,1,444301
616,0.43587148,0.094283506,San Francisco,6,1,444302
617,0.31722286,0.052155271,San Francisco,6,1,444400
618,0.31747052,0.047928918,San Francisco,6,1,444500
619,0.29487938,0.060107853,San Francisco,6,1,444601
620,0.41691676,0.074343964,San Francisco,6,1,444602
621,0.40691862,0.050862644,San Francisco,6,1,450200
622,0.29465774,0.059780616,San Francisco,6,1,450300
623,0.3453193,0.087176636,San Francisco,6,1,450400
624,0.23488511,0.12204684,San Francisco,6,1,450602
625,0.36845055,0.10115074,San Francisco,6,1,450741
626,0.25050455,0.056540396,San Francisco,6,1,450743
627,0.40993407,0.075122699,San Francisco,6,1,451404
628,0.50671464,0.072817586,San Francisco,6,1,451506
629,0.43658608,0.060631096,San Francisco,6,13,302005
630,0.39791575,0.076714799,San Francisco,6,13,302006
631,0.32520625,0.05788805,San Francisco,6,13,302007
632,0.36430517,0.070074409,San Francisco,6,13,302008
633,0.33414218,0.044895366,San Francisco,6,13,302009
634,0.29637599,0.045572534,San Francisco,6,13,302010
635,0.41300407,0.067782238,San Francisco,6,13,303103
636,0.38081729,0.042395853,San Francisco,6,13,303201
637,0.21512845,0.074610703,San Francisco,6,13,303202
638,0.18659617,0.094817422,San Francisco,6,13,303205
639,0.2586447,0.030868387,San Francisco,6,13,305000
640,0.33902723,0.066204943,San Francisco,6,13,306002
641,0.24807674,0.043082509,San Francisco,6,13,306003
642,0.34774986,0.049375404,San Francisco,6,13,306004
643,0.32211372,0.057415377,San Francisco,6,13,307101
644,0.36017224,0.049768001,San Francisco,6,13,307102
645,0.34617454,0.045578346,San Francisco,6,13,307201
646,0.29052991,0.020094555,San Francisco,6,13,307202
647,0.31597319,0.049315277,San Francisco,6,13,307204
648,0.34927818,0.033946104,San Francisco,6,13,307205
649,0.37920886,0.044478875,San Francisco,6,13,308001
650,0.34118474,0.049973179,San Francisco,6,13,308002
651,0.33122936,0.031760011,San Francisco,6,13,309000
652,0.30176339,0.025010187,San Francisco,6,13,310000
653,0.30645391,0.021991368,San Francisco,6,13,311000
654,0.34070304,0.021435441,San Francisco,6,13,312000
655,0.30744269,0.016696066,San Francisco,6,13,313101
656,0.306546,0.027939579,San Francisco,6,13,313102
657,0.28794318,0.026373975,San Francisco,6,13,313103
658,0.38023248,0.048768029,San Francisco,6,13,313203
659,0.40544721,0.034973454,San Francisco,6,13,313204
660,0.24461532,0.067855656,San Francisco,6,13,313205
661,0.33593273,0.02208486,San Francisco,6,13,313206
662,0.33399791,0.029249728,San Francisco,6,13,314102
663,0.27158356,0.018075822,San Francisco,6,13,314103
664,0.30932811,0.023997247,San Francisco,6,13,314104
665,0.25897637,0.033000115,San Francisco,6,13,314200
666,0.39174923,0.075285241,San Francisco,6,13,315000
667,0.51375526,0.068587586,San Francisco,6,13,319000
668,0.49179083,0.10063352,San Francisco,6,13,320004
669,0.36585388,0.064969659,San Francisco,6,13,321200
670,0.3294012,0.06255307,San Francisco,6,13,324002
671,0.26655459,0.036081828,San Francisco,6,13,327000
672,0.18462963,0.054918513,San Francisco,6,13,329000
673,0.48898292,0.08320865,San Francisco,6,13,330000
674,0.54534918,0.082078993,San Francisco,6,13,332000
675,0.42535692,0.080718234,San Francisco,6,13,333200
676,0.2858026,0.042464048,San Francisco,6,13,334004
677,0.5584684,0.11413407,San Francisco,6,13,334006
678,0.33621126,0.037730366,San Francisco,6,13,336101
679,0.31530029,0.029612388,San Francisco,6,13,336102
680,0.2985574,0.041634556,San Francisco,6,13,336202
681,0.37268651,0.057533849,San Francisco,6,13,337200
682,0.33892474,0.056897797,San Francisco,6,13,338101
683,0.54224932,0.12222295,San Francisco,6,13,345101
684,0.76385075,0.10050114,San Francisco,6,13,345115
685,0.2935999,0.071929395,San Francisco,6,13,345202
686,0.27215683,0.051717836,San Francisco,6,13,355107
687,0.41140878,0.030147642,San Francisco,6,13,355108
688,0.43921018,0.05618237,San Francisco,6,13,355109
689,0.34179628,0.053829763,San Francisco,6,13,355110
690,0.35927248,0.035416633,San Francisco,6,13,355111
691,0.35690993,0.049621578,San Francisco,6,13,355200
692,0.34011871,0.073877379,San Francisco,6,13,355301
693,0.35835859,0.032540306,San Francisco,6,13,356001
694,0.31622788,0.0571451,San Francisco,6,13,356002
695,0.32233444,0.031185938,San Francisco,6,13,358000
696,0.37975523,0.037063599,San Francisco,6,13,359102
697,0.31887963,0.028465278,San Francisco,6,13,359103
698,0.34104225,0.046291694,San Francisco,6,13,359104
699,0.35654685,0.056170296,San Francisco,6,13,359105
700,0.37516007,0.061494272,San Francisco,6,13,359202
701,0.3797453,0.02766161,San Francisco,6,13,359203
702,0.34285101,0.037027273,San Francisco,6,13,359204
703,0.42332441,0.06445384,San Francisco,6,13,360101
704,0.33948097,0.057050504,San Francisco,6,13,360102
705,0.38288313,0.037747201,San Francisco,6,13,360200
706,0.35932916,0.034445804,San Francisco,6,13,361000
707,0.34586146,0.057449531,San Francisco,6,13,362000
708,0.35248065,0.022575531,San Francisco,6,13,363000
709,0.32102323,0.03059824,San Francisco,6,13,364002
710,0.29242563,0.01586375,San Francisco,6,13,365002
711,0.34707099,0.023392424,San Francisco,6,13,365003
712,0.37749502,0.029044682,San Francisco,6,13,366001
713,0.29735553,0.024405792,San Francisco,6,13,366002
714,0.33914241,0.017348211,San Francisco,6,13,367100
715,0.27754024,0.023627039,San Francisco,6,13,367200
716,0.30913901,0.026366021,San Francisco,6,13,368001
717,0.32323214,0.036605272,San Francisco,6,13,368002
718,0.30965945,0.017348439,San Francisco,6,13,369001
719,0.3030034,0.032656454,San Francisco,6,13,369002
720,0.41521633,0.052172896,San Francisco,6,13,370000
721,0.3743954,0.0230728,San Francisco,6,13,371000
722,0.35226837,0.023083257,San Francisco,6,13,372000
723,0.30511737,0.020494876,San Francisco,6,13,373000
724,0.36135894,0.024371196,San Francisco,6,13,374000
725,0.30118006,0.017914193,San Francisco,6,13,375000
726,0.29939309,0.01337105,San Francisco,6,13,376000
727,0.30454636,0.013519068,San Francisco,6,13,377000
728,0.26843852,0.054777883,San Francisco,6,13,378000
729,0.32865107,0.011402993,San Francisco,6,13,379000
730,0.3157433,0.016724989,San Francisco,6,13,380000
731,0.31618801,0.012417224,San Francisco,6,13,381000
732,0.35891503,0.011703861,San Francisco,6,13,382000
733,0.31711918,0.040647771,San Francisco,6,13,383000
734,0.33229426,0.073354907,San Francisco,6,13,384000
735,0.38361809,0.035020646,San Francisco,6,13,386000
736,0.31120104,0.076622218,San Francisco,6,13,387000
737,0.54381043,0.072999157,San Francisco,6,13,388000
738,0.31233785,0.072999217,San Francisco,6,13,389200
739,0.30285087,0.0167489,San Francisco,6,13,392200
740,0.23653625,0.072770454,San Francisco,6,13,392300
741,0.2989451,0.047803003,Los Angeles,6,37,101210
742,0.26757723,0.048936281,Los Angeles,6,37,102107
743,0.4415504,0.07406716,Los Angeles,6,37,103200
744,0.32253125,0.029627798,Los Angeles,6,37,104103
745,0.33226201,0.029765222,Los Angeles,6,37,104105
746,0.32328248,0.022172486,Los Angeles,6,37,104108
747,0.40501657,0.036160231,Los Angeles,6,37,104124
748,0.339459,0.032828338,Los Angeles,6,37,104201
749,0.34602463,0.026410328,Los Angeles,6,37,104203
750,0.34709805,0.040747501,Los Angeles,6,37,104204
751,0.33204097,0.037357237,Los Angeles,6,37,104310
752,0.30368832,0.031964015,Los Angeles,6,37,104320
753,0.33628398,0.050848261,Los Angeles,6,37,104701
754,0.31195602,0.030794101,Los Angeles,6,37,104704
755,0.32351127,0.073190004,Los Angeles,6,37,106010
756,0.27665198,0.056382287,Los Angeles,6,37,106020
757,0.45619872,0.075137995,Los Angeles,6,37,106111
758,0.32882157,0.061942134,Los Angeles,6,37,106112
759,0.19493164,0.060593415,Los Angeles,6,37,106113
760,0.35535789,0.043746483,Los Angeles,6,37,106114
761,0.43180364,0.04304776,Los Angeles,6,37,106405
762,0.31423253,0.079535931,Los Angeles,6,37,106406
763,0.38151833,0.049886849,Los Angeles,6,37,106407
764,0.42884058,0.062214486,Los Angeles,6,37,106408
765,0.41290832,0.080383904,Los Angeles,6,37,106510
766,0.27745846,0.094207123,Los Angeles,6,37,106642
767,0.39555177,0.1393338,Los Angeles,6,37,106646
768,0.37913328,0.076090693,Los Angeles,6,37,109200
769,0.27938867,0.055370908,Los Angeles,6,37,109601
770,0.36838916,0.065387249,Los Angeles,6,37,109603
771,0.26658651,0.074039266,Los Angeles,6,37,109700
772,0.2424725,0.060720757,Los Angeles,6,37,109800
773,0.30766383,0.062320516,Los Angeles,6,37,111202
774,0.36206344,0.046991754,Los Angeles,6,37,111301
775,0.30290714,0.04191805,Los Angeles,6,37,111400
776,0.33489817,0.059994493,Los Angeles,6,37,113213
777,0.29666182,0.027190439,Los Angeles,6,37,113233
778,0.2895492,0.046756294,Los Angeles,6,37,113234
779,0.37992993,0.045251936,Los Angeles,6,37,113321
780,0.29614884,0.052417465,Los Angeles,6,37,113401
781,0.41225126,0.036443215,Los Angeles,6,37,113421
782,0.25126237,0.043805461,Los Angeles,6,37,113422
783,0.36382401,0.052588686,Los Angeles,6,37,115201
784,0.27344057,0.055631373,Los Angeles,6,37,115202
785,0.4257184,0.071359709,Los Angeles,6,37,115301
786,0.43158337,0.049819089,Los Angeles,6,37,115401
787,0.39534155,0.061232381,Los Angeles,6,37,115403
788,0.33208132,0.048286319,Los Angeles,6,37,115404
789,0.32653406,0.048598796,Los Angeles,6,37,117101
790,0.27665839,0.057113253,Los Angeles,6,37,117102
791,0.23930293,0.032954548,Los Angeles,6,37,117201
792,0.52429426,0.10332113,Los Angeles,6,37,117301
793,0.49146518,0.066637978,Los Angeles,6,37,117302
794,0.31051284,0.055655617,Los Angeles,6,37,117404
795,0.33437988,0.051840272,Los Angeles,6,37,117405
796,0.33775744,0.047419053,Los Angeles,6,37,117407
797,0.31286901,0.040021103,Los Angeles,6,37,117408
798,0.32011402,0.03707606,Los Angeles,6,37,117510
799,0.29769015,0.043245148,Los Angeles,6,37,117520
800,0.3128354,0.038098413,Los Angeles,6,37,117530
801,0.22571468,0.053734995,Los Angeles,6,37,119202
802,0.26526898,0.047265265,Los Angeles,6,37,119310
803,0.38132799,0.043940529,Los Angeles,6,37,119320
804,0.19775747,0.046706952,Los Angeles,6,37,119340
805,0.32107535,0.055319577,Los Angeles,6,37,119341
806,0.24608529,0.02929645,Los Angeles,6,37,119342
807,0.39818886,0.088843718,Los Angeles,6,37,119400
808,0.31747881,0.065063797,Los Angeles,6,37,119800
809,0.25144234,0.04572355,Los Angeles,6,37,120020
810,0.32748714,0.037255861,Los Angeles,6,37,120103
811,0.36936936,0.048754569,Los Angeles,6,37,120104
812,0.40112677,0.063371152,Los Angeles,6,37,120106
813,0.27903008,0.04060372,Los Angeles,6,37,120107
814,0.32799271,0.032638896,Los Angeles,6,37,120108
815,0.2666305,0.047513779,Los Angeles,6,37,120300
816,0.33350137,0.034179471,Los Angeles,6,37,120400
817,0.3432821,0.063644879,Los Angeles,6,37,121222
818,0.43215594,0.083318166,Los Angeles,6,37,121801
819,0.28987625,0.063234448,Los Angeles,6,37,122420
820,0.29911286,0.055584203,Los Angeles,6,37,123103
821,0.39944333,0.068953991,Los Angeles,6,37,123104
822,0.40034571,0.05336481,Los Angeles,6,37,123301
823,0.25795862,0.042557169,Los Angeles,6,37,123304
824,0.3194429,0.073691584,Los Angeles,6,37,123510
825,0.21327676,0.042953536,Los Angeles,6,37,123520
826,0.34359023,0.059980899,Los Angeles,6,37,123601
827,0.34267917,0.065548852,Los Angeles,6,37,123602
828,0.28997731,0.047665935,Los Angeles,6,37,123800
829,0.34007686,0.047651395,Los Angeles,6,37,123901
830,0.28697774,0.047644645,Los Angeles,6,37,124102
831,0.30686399,0.057259068,Los Angeles,6,37,124104
832,0.26794547,0.055467509,Los Angeles,6,37,124105
833,0.23377335,0.046914943,Los Angeles,6,37,124204
834,0.5698486,0.077109076,Los Angeles,6,37,124300
835,0.39245161,0.075970463,Los Angeles,6,37,124400
836,0.38900959,0.070707478,Los Angeles,6,37,124600
837,0.33589554,0.052751258,Los Angeles,6,37,124903
838,0.30635306,0.041259974,Los Angeles,6,37,125100
839,0.32353494,0.048299253,Los Angeles,6,37,125310
840,0.36195853,0.044015296,Los Angeles,6,37,125320
841,0.32705101,0.036070883,Los Angeles,6,37,125401
842,0.42344129,0.052924965,Los Angeles,6,37,125402
843,0.29030591,0.057819702,Los Angeles,6,37,125501
844,0.28990394,0.052340385,Los Angeles,6,37,127102
845,0.20767201,0.035594061,Los Angeles,6,37,127103
846,0.41129029,0.0548205,Los Angeles,6,37,127104
847,0.35446182,0.043513816,Los Angeles,6,37,127210
848,0.3246693,0.041886881,Los Angeles,6,37,127220
849,0.40643001,0.062817149,Los Angeles,6,37,127300
850,0.31215137,0.036017153,Los Angeles,6,37,127400
851,0.24023031,0.03843344,Los Angeles,6,37,127520
852,0.37576392,0.059316743,Los Angeles,6,37,127603
853,0.34551865,0.035806537,Los Angeles,6,37,127604
854,0.32668987,0.040670447,Los Angeles,6,37,127605
855,0.254453,0.045135543,Los Angeles,6,37,127606
856,0.2610184,0.042899024,Los Angeles,6,37,127711
857,0.43192127,0.07757698,Los Angeles,6,37,127712
858,0.33574471,0.066830754,Los Angeles,6,37,127803
859,0.27174699,0.036962029,Los Angeles,6,37,127804
860,0.27682137,0.050586574,Los Angeles,6,37,127805
861,0.4180434,0.056816276,Los Angeles,6,37,127806
862,0.38699237,0.049121909,Los Angeles,6,37,127910
863,0.30394262,0.047100272,Los Angeles,6,37,127920
864,0.29222876,0.049579754,Los Angeles,6,37,128101
865,0.33467314,0.055014029,Los Angeles,6,37,128102
866,0.28727868,0.036357563,Los Angeles,6,37,128210
867,0.43454316,0.059097052,Los Angeles,6,37,128302
868,0.39732936,0.051113758,Los Angeles,6,37,128303
869,0.30805743,0.063044645,Los Angeles,6,37,128400
870,0.41960552,0.057852652,Los Angeles,6,37,128500
871,0.21530041,0.039394341,Los Angeles,6,37,128601
872,0.25299227,0.055181939,Los Angeles,6,37,128702
873,0.38404834,0.078987665,Los Angeles,6,37,128801
874,0.2464515,0.052804444,Los Angeles,6,37,128802
875,0.23851833,0.050220244,Los Angeles,6,37,128910
876,0.41127262,0.045475304,Los Angeles,6,37,131010
877,0.25821441,0.052518219,Los Angeles,6,37,131020
878,0.43876451,0.077266082,Los Angeles,6,37,131300
879,0.38825947,0.043971792,Los Angeles,6,37,131400
880,0.19526768,0.048634741,Los Angeles,6,37,131600
881,0.36530742,0.061867617,Los Angeles,6,37,131701
882,0.41563353,0.060597863,Los Angeles,6,37,131702
883,0.38045514,0.063171133,Los Angeles,6,37,131800
884,0.48098677,0.084669754,Los Angeles,6,37,131900
885,0.45299047,0.073516697,Los Angeles,6,37,132101
886,0.35347608,0.064663917,Los Angeles,6,37,132102
887,0.39735392,0.060782377,Los Angeles,6,37,132300
888,0.3380245,0.06337823,Los Angeles,6,37,132501
889,0.4507924,0.08731138,Los Angeles,6,37,132900
890,0.18885382,0.049564894,Los Angeles,6,37,133100
891,0.23177494,0.049414091,Los Angeles,6,37,134001
892,0.31632981,0.070617869,Los Angeles,6,37,134103
893,0.35424849,0.058833081,Los Angeles,6,37,134104
894,0.21090439,0.061822277,Los Angeles,6,37,134201
895,0.42096266,0.084789991,Los Angeles,6,37,134303
896,0.35639209,0.05797467,Los Angeles,6,37,134305
897,0.38874403,0.078074351,Los Angeles,6,37,134306
898,0.31690311,0.06055855,Los Angeles,6,37,134520
899,0.28024679,0.048999798,Los Angeles,6,37,134522
900,0.36059499,0.05710604,Los Angeles,6,37,134710
901,0.282767,0.029281843,Los Angeles,6,37,134720
902,0.36203933,0.057359606,Los Angeles,6,37,134903
903,0.30950972,0.060226098,Los Angeles,6,37,134904
904,0.39467943,0.056748435,Los Angeles,6,37,135113
905,0.37746227,0.072059758,Los Angeles,6,37,135114
906,0.3107782,0.049781218,Los Angeles,6,37,137103
907,0.35801387,0.071229503,Los Angeles,6,37,137201
908,0.33508557,0.072087824,Los Angeles,6,37,137502
909,0.28330144,0.090489618,Los Angeles,6,37,139001
910,0.28711155,0.08000908,Los Angeles,6,37,139200
911,0.39992779,0.041274801,Los Angeles,6,37,139302
912,0.38678238,0.057001267,Los Angeles,6,37,139303
913,0.35747519,0.069765083,Los Angeles,6,37,139401
914,0.54715288,0.081833102,Los Angeles,6,37,141302
915,0.24566908,0.055230048,Los Angeles,6,37,143200
916,0.39065701,0.07211145,Los Angeles,6,37,143300
917,0.4205969,0.088665992,Los Angeles,6,37,143604
918,0.39317176,0.097874582,Los Angeles,6,37,185100
919,0.35320973,0.061593987,Los Angeles,6,37,190100
920,0.30670789,0.05915013,Los Angeles,6,37,190201
921,0.48778108,0.084709533,Los Angeles,6,37,190301
922,0.26521954,0.043728441,Los Angeles,6,37,190510
923,0.32623723,0.046687629,Los Angeles,6,37,191000
924,0.25581247,0.047857687,Los Angeles,6,37,191201
925,0.28623968,0.059887569,Los Angeles,6,37,201302
926,0.44417104,0.085378669,Los Angeles,6,37,201700
927,0.23729759,0.051733438,Los Angeles,6,37,206200
928,0.21055198,0.025332406,Los Angeles,6,37,206300
929,0.26031893,0.049055487,Los Angeles,6,37,207301
930,0.21331765,0.039898042,Los Angeles,6,37,207302
931,0.26115111,0.045328278,Los Angeles,6,37,208620
932,0.30232194,0.054111604,Los Angeles,6,37,208710
933,0.37159514,0.046881635,Los Angeles,6,37,208802
934,0.44035232,0.075521246,Los Angeles,6,37,208903
935,0.37575206,0.046037681,Los Angeles,6,37,211000
936,0.28205854,0.058844458,Los Angeles,6,37,211121
937,0.35265514,0.056504156,Los Angeles,6,37,211701
938,0.44184703,0.051482387,Los Angeles,6,37,211703
939,0.24158084,0.035928145,Los Angeles,6,37,211802
940,0.33356586,0.03548925,Los Angeles,6,37,211803
941,0.25894347,0.062075932,Los Angeles,6,37,211804
942,0.24068776,0.046924125,Los Angeles,6,37,211910
943,0.36783001,0.058001522,Los Angeles,6,37,211921
944,0.43782192,0.054255374,Los Angeles,6,37,211922
945,0.351345,0.055014685,Los Angeles,6,37,212101
946,0.23439759,0.052068129,Los Angeles,6,37,212410
947,0.26088187,0.050035629,Los Angeles,6,37,212502
948,0.46963075,0.078816205,Los Angeles,6,37,212610
949,0.42870188,0.063916177,Los Angeles,6,37,212620
950,0.3920784,0.075988196,Los Angeles,6,37,212701
951,0.32303962,0.069699168,Los Angeles,6,37,212702
952,0.38999233,0.035677452,Los Angeles,6,37,212800
953,0.33335468,0.025071856,Los Angeles,6,37,212900
954,0.34701338,0.068190336,Los Angeles,6,37,213100
955,0.47267503,0.076429136,Los Angeles,6,37,213201
956,0.23272669,0.05200186,Los Angeles,6,37,213202
957,0.13745603,0.048891164,Los Angeles,6,37,213402
958,0.24062756,0.045605119,Los Angeles,6,37,215101
959,0.40391049,0.042605851,Los Angeles,6,37,216100
960,0.38158908,0.025664033,Los Angeles,6,37,216200
961,0.45318305,0.050612073,Los Angeles,6,37,216300
962,0.24633789,0.065040447,Los Angeles,6,37,216401
963,0.38860303,0.023861013,Los Angeles,6,37,216700
964,0.37909532,0.062550195,Los Angeles,6,37,216800
965,0.35213321,0.020643476,Los Angeles,6,37,216900
966,0.39243826,0.047126595,Los Angeles,6,37,217002
967,0.32657436,0.016587716,Los Angeles,6,37,217100
968,0.33576182,0.021365158,Los Angeles,6,37,217200
969,0.32930991,0.023182841,Los Angeles,6,37,218110
970,0.34657291,0.027240478,Los Angeles,6,37,218120
971,0.27484372,0.020368585,Los Angeles,6,37,218210
972,0.34904498,0.018882249,Los Angeles,6,37,218220
973,0.31709218,0.015328201,Los Angeles,6,37,218300
974,0.32875842,0.018403547,Los Angeles,6,37,218400
975,0.28515378,0.018599734,Los Angeles,6,37,218500
976,0.33548734,0.021009609,Los Angeles,6,37,218600
977,0.29672116,0.020323973,Los Angeles,6,37,218701
978,0.30333349,0.023006149,Los Angeles,6,37,218702
979,0.39487576,0.031697653,Los Angeles,6,37,218800
980,0.32322645,0.014402268,Los Angeles,6,37,218900
981,0.2806046,0.022025051,Los Angeles,6,37,219010
982,0.33872679,0.017924745,Los Angeles,6,37,219020
983,0.33284336,0.01974573,Los Angeles,6,37,219300
984,0.40359509,0.036118075,Los Angeles,6,37,219500
985,0.32830143,0.020686731,Los Angeles,6,37,219700
986,0.33189562,0.025595436,Los Angeles,6,37,219800
987,0.31065354,0.021786151,Los Angeles,6,37,219901
988,0.28625178,0.019224564,Los Angeles,6,37,219902
989,0.30694118,0.01383426,Los Angeles,6,37,220000
990,0.31278667,0.022567555,Los Angeles,6,37,220100
991,0.34635833,0.071569771,Los Angeles,6,37,221210
992,0.31197777,0.020267636,Los Angeles,6,37,221302
993,0.36401901,0.042441744,Los Angeles,6,37,221303
994,0.33792344,0.024532881,Los Angeles,6,37,221304
995,0.35673535,0.020829394,Los Angeles,6,37,221401
996,0.3777523,0.027398238,Los Angeles,6,37,221402
997,0.33074322,0.024322217,Los Angeles,6,37,221500
998,0.31902188,0.03356798,Los Angeles,6,37,221601
999,0.34405771,0.061130334,Los Angeles,6,37,221602
1000,0.3402662,0.059028339,Los Angeles,6,37,221710
1001,0.31799313,0.041029364,Los Angeles,6,37,221810
1002,0.23742965,0.041846815,Los Angeles,6,37,221820
1003,0.29366148,0.048363544,Los Angeles,6,37,221900
1004,0.29181054,0.017966406,Los Angeles,6,37,222001
1005,0.30317652,0.015355206,Los Angeles,6,37,222002
1006,0.35600194,0.022819353,Los Angeles,6,37,222100
1007,0.30003259,0.023044297,Los Angeles,6,37,222200
1008,0.30794647,0.016535204,Los Angeles,6,37,222500
1009,0.32222793,0.015595497,Los Angeles,6,37,222600
1010,0.29746237,0.06230389,Los Angeles,6,37,224010
1011,0.34618077,0.047165014,Los Angeles,6,37,224600
1012,0.25554094,0.029795488,Los Angeles,6,37,226420
1013,0.27037656,0.028350476,Los Angeles,6,37,226700
1014,0.31445068,0.037235495,Los Angeles,6,37,227010
1015,0.35035077,0.038408753,Los Angeles,6,37,227020
1016,0.32142159,0.032876797,Los Angeles,6,37,228100
1017,0.26395974,0.031446673,Los Angeles,6,37,228210
1018,0.29061043,0.024420602,Los Angeles,6,37,228220
1019,0.3205291,0.026121341,Los Angeles,6,37,228310
1020,0.26356483,0.033453476,Los Angeles,6,37,228320
1021,0.27164847,0.040537741,Los Angeles,6,37,228410
1022,0.24538973,0.026090894,Los Angeles,6,37,228420
1023,0.27321732,0.021759829,Los Angeles,6,37,228500
1024,0.34638837,0.023066364,Los Angeles,6,37,228600
1025,0.29535094,0.025581649,Los Angeles,6,37,228710
1026,0.25870273,0.022232305,Los Angeles,6,37,228720
1027,0.22949132,0.022791604,Los Angeles,6,37,228800
1028,0.26062435,0.031416327,Los Angeles,6,37,228900
1029,0.30931169,0.028157296,Los Angeles,6,37,229100
1030,0.27130595,0.018105621,Los Angeles,6,37,229200
1031,0.34854239,0.026723171,Los Angeles,6,37,229300
1032,0.29270789,0.026362637,Los Angeles,6,37,229410
1033,0.2998015,0.023496453,Los Angeles,6,37,229420
1034,0.20522046,0.03802672,Los Angeles,6,37,231100
1035,0.30223271,0.020629067,Los Angeles,6,37,231210
1036,0.263042,0.018040122,Los Angeles,6,37,231220
1037,0.31362724,0.016134042,Los Angeles,6,37,231300
1038,0.30841827,0.016238222,Los Angeles,6,37,231400
1039,0.33815381,0.016923329,Los Angeles,6,37,231500
1040,0.29947308,0.014846745,Los Angeles,6,37,231600
1041,0.29548579,0.022388261,Los Angeles,6,37,231710
1042,0.30034947,0.019660853,Los Angeles,6,37,231720
1043,0.32756492,0.026892239,Los Angeles,6,37,231800
1044,0.26728299,0.018028174,Los Angeles,6,37,231900
1045,0.31119856,0.019684101,Los Angeles,6,37,232110
1046,0.29751331,0.017946633,Los Angeles,6,37,232120
1047,0.29053217,0.017032422,Los Angeles,6,37,232200
1048,0.313954,0.017348191,Los Angeles,6,37,232300
1049,0.30552724,0.011369143,Los Angeles,6,37,232400
1050,0.28132081,0.013091758,Los Angeles,6,37,232500
1051,0.29652959,0.011575188,Los Angeles,6,37,232600
1052,0.28440756,0.01565483,Los Angeles,6,37,232700
1053,0.27770317,0.02122803,Los Angeles,6,37,232800
1054,0.35936692,0.016459022,Los Angeles,6,37,234000
1055,0.32695711,0.022445638,Los Angeles,6,37,234200
1056,0.32923585,0.014063278,Los Angeles,6,37,234300
1057,0.3356452,0.02001008,Los Angeles,6,37,234501
1058,0.30735242,0.015984228,Los Angeles,6,37,234502
1059,0.32933074,0.011998313,Los Angeles,6,37,234600
1060,0.30325264,0.01284312,Los Angeles,6,37,234700
1061,0.32443348,0.016398931,Los Angeles,6,37,234800
1062,0.24993676,0.014073164,Los Angeles,6,37,234901
1063,0.27553022,0.013133909,Los Angeles,6,37,234902
1064,0.38696989,0.01711591,Los Angeles,6,37,235100
1065,0.31494907,0.015005903,Los Angeles,6,37,235201
1066,0.29980752,0.012387422,Los Angeles,6,37,235202
1067,0.30626047,0.022489121,Los Angeles,6,37,236000
1068,0.31341979,0.01222453,Los Angeles,6,37,236100
1069,0.29660743,0.010897273,Los Angeles,6,37,236202
1070,0.31806222,0.012936775,Los Angeles,6,37,236203
1071,0.27442735,0.012889397,Los Angeles,6,37,236204
1072,0.32702801,0.017226636,Los Angeles,6,37,236400
1073,0.27956101,0.016092589,Los Angeles,6,37,237101
1074,0.32922119,0.021378985,Los Angeles,6,37,237102
1075,0.31871217,0.020641224,Los Angeles,6,37,237201
1076,0.31349084,0.014784533,Los Angeles,6,37,237202
1077,0.29900479,0.011970225,Los Angeles,6,37,237300
1078,0.27938446,0.016301621,Los Angeles,6,37,237401
1079,0.304544,0.015338186,Los Angeles,6,37,237402
1080,0.28081962,0.018614141,Los Angeles,6,37,237500
1081,0.24787322,0.018827083,Los Angeles,6,37,237600
1082,0.27724975,0.016604504,Los Angeles,6,37,237710
1083,0.26546189,0.018894233,Los Angeles,6,37,237720
1084,0.32510236,0.013813634,Los Angeles,6,37,237800
1085,0.31395504,0.015369923,Los Angeles,6,37,237900
1086,0.29472387,0.011805516,Los Angeles,6,37,238000
1087,0.30452463,0.011921969,Los Angeles,6,37,238100
1088,0.29275128,0.010189449,Los Angeles,6,37,238200
1089,0.28668121,0.015295002,Los Angeles,6,37,238310
1090,0.25927079,0.01663864,Los Angeles,6,37,238320
1091,0.32757217,0.014945853,Los Angeles,6,37,238400
1092,0.30314511,0.021446832,Los Angeles,6,37,239201
1093,0.33046198,0.026600784,Los Angeles,6,37,239202
1094,0.33366859,0.022896254,Los Angeles,6,37,239310
1095,0.32121545,0.025360268,Los Angeles,6,37,239320
1096,0.24485309,0.02689673,Los Angeles,6,37,239330
1097,0.28465983,0.01848357,Los Angeles,6,37,239501
1098,0.30054313,0.020806467,Los Angeles,6,37,239502
1099,0.3531166,0.025030313,Los Angeles,6,37,239601
1100,0.31488416,0.021229601,Los Angeles,6,37,239602
1101,0.2828604,0.019597322,Los Angeles,6,37,239701
1102,0.30143312,0.018310256,Los Angeles,6,37,239702
1103,0.2786577,0.019950638,Los Angeles,6,37,239801
1104,0.29693243,0.016733665,Los Angeles,6,37,239802
1105,0.33227888,0.022262545,Los Angeles,6,37,240010
1106,0.26614445,0.014611778,Los Angeles,6,37,240020
1107,0.30592591,0.015319938,Los Angeles,6,37,240200
1108,0.29535311,0.015188283,Los Angeles,6,37,240300
1109,0.305819,0.014228318,Los Angeles,6,37,240401
1110,0.30906129,0.014582579,Los Angeles,6,37,240402
1111,0.30798227,0.012595063,Los Angeles,6,37,240500
1112,0.27100292,0.012364492,Los Angeles,6,37,240600
1113,0.27790847,0.01197068,Los Angeles,6,37,240700
1114,0.26080179,0.013328218,Los Angeles,6,37,240800
1115,0.2852605,0.013337814,Los Angeles,6,37,240900
1116,0.27591521,0.014707763,Los Angeles,6,37,241001
1117,0.29076409,0.014941771,Los Angeles,6,37,241002
1118,0.28316438,0.018711589,Los Angeles,6,37,241110
1119,0.29046252,0.015057446,Los Angeles,6,37,241120
1120,0.33256757,0.016943658,Los Angeles,6,37,241201
1121,0.29207596,0.013015782,Los Angeles,6,37,241202
1122,0.32877445,0.025543477,Los Angeles,6,37,241300
1123,0.26142275,0.014607394,Los Angeles,6,37,241400
1124,0.27689061,0.018275905,Los Angeles,6,37,242000
1125,0.268502,0.018584197,Los Angeles,6,37,242100
1126,0.2817595,0.015740812,Los Angeles,6,37,242200
1127,0.30054295,0.015406855,Los Angeles,6,37,242300
1128,0.22236638,0.014594599,Los Angeles,6,37,242600
1129,0.25967774,0.013043157,Los Angeles,6,37,242700
1130,0.27256268,0.015400199,Los Angeles,6,37,243000
1131,0.25639933,0.015201983,Los Angeles,6,37,243100
1132,0.35683593,0.020890513,Los Angeles,6,37,269601
1133,0.27995351,0.020960705,Los Angeles,6,37,269602
1134,0.33600587,0.035702612,Los Angeles,6,37,269700
1135,0.35505876,0.034282546,Los Angeles,6,37,269800
1136,0.27790558,0.036378566,Los Angeles,6,37,269903
1137,0.19472797,0.033568788,Los Angeles,6,37,269904
1138,0.41859919,0.045005754,Los Angeles,6,37,269905
1139,0.32333761,0.034247763,Los Angeles,6,37,269906
1140,0.30070376,0.039613582,Los Angeles,6,37,269907
1141,0.30158165,0.031783633,Los Angeles,6,37,270100
1142,0.32299578,0.049376454,Los Angeles,6,37,270200
1143,0.38655454,0.028657705,Los Angeles,6,37,270300
1144,0.32866332,0.047611486,Los Angeles,6,37,271701
1145,0.41156718,0.074067339,Los Angeles,6,37,271702
1146,0.14172825,0.051570296,Los Angeles,6,37,271801
1147,0.30276233,0.032534759,Los Angeles,6,37,271802
1148,0.31574133,0.07264439,Los Angeles,6,37,271901
1149,0.22006293,0.048835758,Los Angeles,6,37,272302
1150,0.28092319,0.02720869,Los Angeles,6,37,273200
1151,0.26760796,0.023795165,Los Angeles,6,37,273300
1152,0.30644441,0.047649462,Los Angeles,6,37,275102
1153,0.31928766,0.05564598,Los Angeles,6,37,275200
1154,0.46855727,0.098704658,Los Angeles,6,37,275311
1155,0.40680188,0.037793212,Los Angeles,6,37,275500
1156,0.32917479,0.018439403,Los Angeles,6,37,276100
1157,0.33826914,0.065341748,Los Angeles,6,37,276603
1158,0.45246986,0.074965708,Los Angeles,6,37,276604
1159,0.32519814,0.024084475,Los Angeles,6,37,277200
1160,0.31836206,0.014710921,Los Angeles,6,37,277400
1161,0.40719348,0.066353917,Los Angeles,6,37,278001
1162,0.33596286,0.018333878,Los Angeles,6,37,291110
1163,0.30105737,0.024964314,Los Angeles,6,37,291120
1164,0.36084497,0.034251913,Los Angeles,6,37,291130
1165,0.33254847,0.030305915,Los Angeles,6,37,291210
1166,0.28152445,0.028706543,Los Angeles,6,37,291220
1167,0.27651086,0.05538534,Los Angeles,6,37,291300
1168,0.27856642,0.016979218,Los Angeles,6,37,292000
1169,0.34315342,0.03808032,Los Angeles,6,37,293201
1170,0.35149071,0.026230427,Los Angeles,6,37,293202
1171,0.36534888,0.065594755,Los Angeles,6,37,293301
1172,0.35604081,0.045213796,Los Angeles,6,37,293302
1173,0.35491729,0.037635397,Los Angeles,6,37,293304
1174,0.38674164,0.056206327,Los Angeles,6,37,293307
1175,0.31085891,0.051485989,Los Angeles,6,37,294120
1176,0.35522106,0.028105965,Los Angeles,6,37,294410
1177,0.24626802,0.050274033,Los Angeles,6,37,294421
1178,0.37341663,0.060122587,Los Angeles,6,37,294701
1179,0.29292193,0.07037206,Los Angeles,6,37,294830
1180,0.43138435,0.092259504,Los Angeles,6,37,295103
1181,0.34898245,0.053866494,Los Angeles,6,37,296210
1182,0.30395406,0.038508389,Los Angeles,6,37,296220
1183,0.31615865,0.058977969,Los Angeles,6,37,296300
1184,0.31637505,0.037983865,Los Angeles,6,37,296500
1185,0.35185465,0.040773839,Los Angeles,6,37,296600
1186,0.39712977,0.045005813,Los Angeles,6,37,296901
1187,0.34640202,0.047649473,Los Angeles,6,37,296902
1188,0.32209665,0.066072814,Los Angeles,6,37,297000
1189,0.29239997,0.031988945,Los Angeles,6,37,297110
1190,0.30865976,0.043084778,Los Angeles,6,37,297120
1191,0.25611863,0.054369371,Los Angeles,6,37,297201
1192,0.4092266,0.1169081,Los Angeles,6,37,297300
1193,0.28080192,0.060041316,Los Angeles,6,37,297500
1194,0.4059571,0.047927137,Los Angeles,6,37,297601
1195,0.3398937,0.056832299,Los Angeles,6,37,297602
1196,0.31758192,0.057762563,Los Angeles,6,37,301502
1197,0.37401813,0.076586679,Los Angeles,6,37,301601
1198,0.33168489,0.067012846,Los Angeles,6,37,301900
1199,0.33452997,0.046677146,Los Angeles,6,37,310601
1200,0.43647951,0.068276815,Los Angeles,6,37,310702
1201,0.33887151,0.069837019,Los Angeles,6,37,310703
1202,0.23454547,0.056435082,Los Angeles,6,37,311600
1203,0.31832367,0.057820156,Los Angeles,6,37,311802
1204,0.52550399,0.13697617,Los Angeles,6,37,400204
1205,0.36134496,0.12492985,Los Angeles,6,37,400206
1206,0.38697973,0.049940038,Los Angeles,6,37,400304
1207,0.44992545,0.064619601,Los Angeles,6,37,400603
1208,0.23369741,0.066962458,Los Angeles,6,37,400604
1209,0.064771824,0.10592405,Los Angeles,6,37,401203
1210,0.10790881,0.10626716,Los Angeles,6,37,401304
1211,0.29803938,0.033318982,Los Angeles,6,37,401311
1212,0.48328784,0.077796623,Los Angeles,6,37,401500
1213,0.42214167,0.090790547,Los Angeles,6,37,401601
1214,0.31143931,0.040728301,Los Angeles,6,37,401602
1215,0.35513985,0.098707505,Los Angeles,6,37,401701
1216,0.34441307,0.038687583,Los Angeles,6,37,401703
1217,0.35215059,0.027145719,Los Angeles,6,37,401704
1218,0.33415335,0.070334814,Los Angeles,6,37,401800
1219,0.43104538,0.053062506,Los Angeles,6,37,401902
1220,0.34407938,0.027944539,Los Angeles,6,37,402001
1221,0.33626914,0.045261085,Los Angeles,6,37,402002
1222,0.272681,0.017192839,Los Angeles,6,37,402101
1223,0.32868421,0.020955142,Los Angeles,6,37,402102
1224,0.31289372,0.027436676,Los Angeles,6,37,402200
1225,0.37479904,0.034182157,Los Angeles,6,37,402301
1226,0.21468207,0.037926119,Los Angeles,6,37,402303
1227,0.46480572,0.064959005,Los Angeles,6,37,402304
1228,0.33385655,0.034404393,Los Angeles,6,37,402402
1229,0.33256286,0.03734393,Los Angeles,6,37,402403
1230,0.27938497,0.027073516,Los Angeles,6,37,402405
1231,0.30637658,0.031685039,Los Angeles,6,37,402406
1232,0.27952221,0.035036121,Los Angeles,6,37,402501
1233,0.33519644,0.036918852,Los Angeles,6,37,402502
1234,0.35558239,0.027692841,Los Angeles,6,37,402600
1235,0.30723971,0.027298896,Los Angeles,6,37,402702
1236,0.32870477,0.030578863,Los Angeles,6,37,402703
1237,0.3239381,0.038675416,Los Angeles,6,37,402705
1238,0.31391698,0.036303721,Los Angeles,6,37,402706
1239,0.22239777,0.049937729,Los Angeles,6,37,402801
1240,0.27827722,0.041094467,Los Angeles,6,37,402804
1241,0.30392668,0.03333931,Los Angeles,6,37,402902
1242,0.24343073,0.040653147,Los Angeles,6,37,402903
1243,0.24353965,0.051679224,Los Angeles,6,37,402904
1244,0.3084901,0.025845461,Los Angeles,6,37,403000
1245,0.34522873,0.11149123,Los Angeles,6,37,403303
1246,0.48622653,0.070249081,Los Angeles,6,37,403304
1247,0.40509802,0.058372226,Los Angeles,6,37,403312
1248,0.43313712,0.055891503,Los Angeles,6,37,403316
1249,0.4471733,0.054147251,Los Angeles,6,37,403317
1250,0.48200244,0.040229049,Los Angeles,6,37,403318
1251,0.43973756,0.061280392,Los Angeles,6,37,403319
1252,0.49134254,0.087225273,Los Angeles,6,37,403320
1253,0.47498396,0.066115238,Los Angeles,6,37,403321
1254,0.49796885,0.085723504,Los Angeles,6,37,403322
1255,0.43771842,0.078571334,Los Angeles,6,37,403323
1256,0.38148707,0.06452062,Los Angeles,6,37,403324
1257,0.60107327,0.079804257,Los Angeles,6,37,403325
1258,0.33367619,0.083848357,Los Angeles,6,37,403401
1259,0.26306203,0.061055169,Los Angeles,6,37,403402
1260,0.64743328,0.10093843,Los Angeles,6,37,403403
1261,0.44797507,0.072507977,Los Angeles,6,37,403406
1262,0.36021668,0.06672813,Los Angeles,6,37,403408
1263,0.2950027,0.047292516,Los Angeles,6,37,403600
1264,0.39407614,0.074467994,Los Angeles,6,37,403721
1265,0.42852312,0.046173993,Los Angeles,6,37,403722
1266,0.4188095,0.048225831,Los Angeles,6,37,403801
1267,0.30131671,0.048426278,Los Angeles,6,37,403802
1268,0.36185303,0.057331115,Los Angeles,6,37,404000
1269,0.24232969,0.040862154,Los Angeles,6,37,404100
1270,0.3363001,0.045873657,Los Angeles,6,37,404201
1271,0.36431769,0.10635822,Los Angeles,6,37,404202
1272,0.24257806,0.062572882,Los Angeles,6,37,404504
1273,0.30490085,0.066693529,Los Angeles,6,37,404701
1274,0.3091152,0.050823327,Los Angeles,6,37,404702
1275,0.49350843,0.094583765,Los Angeles,6,37,404801
1276,0.28811473,0.058363054,Los Angeles,6,37,405301
1277,0.31563303,0.054366659,Los Angeles,6,37,405302
1278,0.26335707,0.062074602,Los Angeles,6,37,405400
1279,0.39670554,0.068578407,Los Angeles,6,37,405500
1280,0.44744715,0.092523552,Los Angeles,6,37,405600
1281,0.22669666,0.057987876,Los Angeles,6,37,405701
1282,0.35923862,0.047103979,Los Angeles,6,37,405702
1283,0.24120662,0.038104717,Los Angeles,6,37,405800
1284,0.34869754,0.059404586,Los Angeles,6,37,405900
1285,0.34122372,0.053405114,Los Angeles,6,37,406000
1286,0.43522736,0.056851517,Los Angeles,6,37,406102
1287,0.33145651,0.050398633,Los Angeles,6,37,406200
1288,0.29766363,0.04391348,Los Angeles,6,37,406300
1289,0.39370146,0.043641031,Los Angeles,6,37,406500
1290,0.32694507,0.057366513,Los Angeles,6,37,406601
1291,0.42797205,0.072299831,Los Angeles,6,37,406602
1292,0.30293167,0.049470898,Los Angeles,6,37,406701
1293,0.26835227,0.027072679,Los Angeles,6,37,406702
1294,0.37529978,0.074595608,Los Angeles,6,37,406800
1295,0.30537555,0.060816064,Los Angeles,6,37,406901
1296,0.19933392,0.052669518,Los Angeles,6,37,407501
1297,0.23943192,0.047601268,Los Angeles,6,37,407601
1298,0.33497077,0.062850349,Los Angeles,6,37,407702
1299,0.38657349,0.075833678,Los Angeles,6,37,407801
1300,0.47490275,0.078395002,Los Angeles,6,37,407802
1301,0.42017531,0.05668664,Los Angeles,6,37,407900
1302,0.32499084,0.073573612,Los Angeles,6,37,408003
1303,0.43067092,0.061769955,Los Angeles,6,37,408004
1304,0.35411313,0.056883745,Los Angeles,6,37,408005
1305,0.27693695,0.034077942,Los Angeles,6,37,408006
1306,0.37222108,0.037438959,Los Angeles,6,37,408133
1307,0.35680649,0.055304945,Los Angeles,6,37,408134
1308,0.35715997,0.044600051,Los Angeles,6,37,408135
1309,0.19485198,0.061771378,Los Angeles,6,37,408136
1310,0.37861097,0.042342547,Los Angeles,6,37,408137
1311,0.4933005,0.055754922,Los Angeles,6,37,408211
1312,0.3255927,0.10394668,Los Angeles,6,37,408626
1313,0.24046578,0.065564632,Los Angeles,6,37,408705
1314,0.49514753,0.080763377,Los Angeles,6,37,408722
1315,0.3897858,0.04085375,Los Angeles,6,37,408724
1316,0.25685844,0.02930484,Los Angeles,6,37,408800
1317,0.35401419,0.028034749,Los Angeles,6,37,430002
1318,0.28569573,0.079373278,Los Angeles,6,37,430003
1319,0.3303085,0.034142282,Los Angeles,6,37,430101
1320,0.29942477,0.038353544,Los Angeles,6,37,430102
1321,0.32210645,0.030493213,Los Angeles,6,37,430901
1322,0.2678948,0.032844447,Los Angeles,6,37,430902
1323,0.34097287,0.030157285,Los Angeles,6,37,431001
1324,0.35742924,0.052374523,Los Angeles,6,37,431002
1325,0.34361145,0.022165561,Los Angeles,6,37,431100
1326,0.33437362,0.0251633,Los Angeles,6,37,431200
1327,0.34568405,0.10879242,Los Angeles,6,37,460000
1328,0.36895421,0.043840725,Los Angeles,6,37,460100
1329,0.38739428,0.024477758,Los Angeles,6,37,460200
1330,0.36911285,0.021882934,Los Angeles,6,37,460301
1331,0.31703186,0.018078245,Los Angeles,6,37,460302
1332,0.38617569,0.06075063,Los Angeles,6,37,460401
1333,0.28235105,0.013312597,Los Angeles,6,37,460900
1334,0.30044639,0.0170624,Los Angeles,6,37,461000
1335,0.35102895,0.024471775,Los Angeles,6,37,461100
1336,0.18773019,0.057538483,Los Angeles,6,37,461200
1337,0.31950498,0.049643472,Los Angeles,6,37,461300
1338,0.35618487,0.04628111,Los Angeles,6,37,461400
1339,0.30205175,0.023853561,Los Angeles,6,37,461501
1340,0.30353674,0.016586281,Los Angeles,6,37,461502
1341,0.30246443,0.017661132,Los Angeles,6,37,461600
1342,0.41736382,0.063193209,Los Angeles,6,37,461700
1343,0.32811415,0.023997426,Los Angeles,6,37,461901
1344,0.26440182,0.018130437,Los Angeles,6,37,462001
1345,0.31896472,0.02130913,Los Angeles,6,37,462002
1346,0.34406346,0.02315365,Los Angeles,6,37,462100
1347,0.27840635,0.021025173,Los Angeles,6,37,462201
1348,0.42533138,0.075009391,Los Angeles,6,37,462202
1349,0.32815525,0.021731131,Los Angeles,6,37,462301
1350,0.34288755,0.032357637,Los Angeles,6,37,462302
1351,0.31086856,0.037800618,Los Angeles,6,37,462400
1352,0.34353772,0.057996228,Los Angeles,6,37,462500
1353,0.22865747,0.09131413,Los Angeles,6,37,462600
1354,0.31338701,0.029757554,Los Angeles,6,37,462700
1355,0.39966065,0.043355908,Los Angeles,6,37,462800
1356,0.27906254,0.045849275,Los Angeles,6,37,463200
1357,0.35022593,0.045207839,Los Angeles,6,37,463400
1358,0.49655476,0.0788377,Los Angeles,6,37,463500
1359,0.35572258,0.049155593,Los Angeles,6,37,463601
1360,0.39759532,0.055794034,Los Angeles,6,37,463602
1361,0.39733732,0.067305855,Los Angeles,6,37,463900
1362,0.2839123,0.046752896,Los Angeles,6,37,464000
1363,0.49708936,0.054852929,Los Angeles,6,37,480600
1364,0.2527073,0.061823681,Los Angeles,6,37,480704
1365,0.49003467,0.072390758,Los Angeles,6,37,481202
1366,0.39790827,0.077575058,Los Angeles,6,37,502700
1367,0.30642575,0.091662772,Los Angeles,6,37,502801
1368,0.47570845,0.082322292,Los Angeles,6,37,503801
1369,0.44872922,0.080000028,Los Angeles,6,37,504001
1370,0.26875424,0.040991243,Los Angeles,6,37,504101
1371,0.29446408,0.034373205,Los Angeles,6,37,532800
1372,0.31735927,0.026195722,Los Angeles,6,37,532900
1373,0.33653244,0.052044351,Los Angeles,6,37,533001
1374,0.29144186,0.023808178,Los Angeles,6,37,535001
1375,0.2535553,0.031033421,Los Angeles,6,37,535002
1376,0.29993886,0.016320532,Los Angeles,6,37,535101
1377,0.32224703,0.022699719,Los Angeles,6,37,535102
1378,0.29888102,0.015555425,Los Angeles,6,37,535200
1379,0.29706779,0.028720414,Los Angeles,6,37,535300
1380,0.27752772,0.024300929,Los Angeles,6,37,535400
1381,0.36699528,0.067956127,Los Angeles,6,37,536104
1382,0.14982402,0.059144687,Los Angeles,6,37,536200
1383,0.32218462,0.02698363,Los Angeles,6,37,540000
1384,0.33546335,0.03252909,Los Angeles,6,37,540101
1385,0.37090641,0.022809511,Los Angeles,6,37,540102
1386,0.32241589,0.027989311,Los Angeles,6,37,540202
1387,0.30719441,0.023969728,Los Angeles,6,37,540203
1388,0.32685602,0.03472409,Los Angeles,6,37,540300
1389,0.3043617,0.02843458,Los Angeles,6,37,540400
1390,0.29957005,0.0245401,Los Angeles,6,37,540501
1391,0.27361897,0.017553277,Los Angeles,6,37,540502
1392,0.2596741,0.014767919,Los Angeles,6,37,540600
1393,0.2759366,0.015057838,Los Angeles,6,37,540700
1394,0.31293565,0.011816921,Los Angeles,6,37,540800
1395,0.28526396,0.015435697,Los Angeles,6,37,540901
1396,0.3180207,0.013370405,Los Angeles,6,37,540902
1397,0.37479433,0.033355504,Los Angeles,6,37,541001
1398,0.29696342,0.023943881,Los Angeles,6,37,541002
1399,0.34411627,0.020669062,Los Angeles,6,37,541100
1400,0.3162905,0.011612634,Los Angeles,6,37,541200
1401,0.27792919,0.011224703,Los Angeles,6,37,541300
1402,0.28301749,0.015194133,Los Angeles,6,37,541400
1403,0.30051348,0.02266035,Los Angeles,6,37,541500
1404,0.29114071,0.02130926,Los Angeles,6,37,541603
1405,0.32020909,0.017319135,Los Angeles,6,37,541604
1406,0.30697569,0.014420885,Los Angeles,6,37,541605
1407,0.30605179,0.025172181,Los Angeles,6,37,541606
1408,0.28864107,0.018953737,Los Angeles,6,37,541700
1409,0.30490649,0.017805422,Los Angeles,6,37,541801
1410,0.31987795,0.023769215,Los Angeles,6,37,541802
1411,0.30348828,0.014531766,Los Angeles,6,37,542000
1412,0.25002897,0.019828908,Los Angeles,6,37,542103
1413,0.34464377,0.033336572,Los Angeles,6,37,542104
1414,0.30729687,0.020421429,Los Angeles,6,37,542105
1415,0.23648754,0.039378859,Los Angeles,6,37,542106
1416,0.29255384,0.013908016,Los Angeles,6,37,542200
1417,0.291805,0.011858937,Los Angeles,6,37,542401
1418,0.32026345,0.017149601,Los Angeles,6,37,542402
1419,0.27287722,0.013114078,Los Angeles,6,37,542501
1420,0.33575216,0.016151967,Los Angeles,6,37,542502
1421,0.27881846,0.026939215,Los Angeles,6,37,542601
1422,0.29889959,0.018161319,Los Angeles,6,37,542602
1423,0.2966415,0.013798703,Los Angeles,6,37,542700
1424,0.3169747,0.01505533,Los Angeles,6,37,542800
1425,0.28507397,0.021701818,Los Angeles,6,37,542900
1426,0.30023724,0.013674622,Los Angeles,6,37,543000
1427,0.31164333,0.011238005,Los Angeles,6,37,543100
1428,0.30476338,0.016071914,Los Angeles,6,37,543201
1429,0.2868273,0.016027516,Los Angeles,6,37,543202
1430,0.36247629,0.016256612,Los Angeles,6,37,543304
1431,0.33813399,0.029539797,Los Angeles,6,37,543305
1432,0.35497755,0.026247872,Los Angeles,6,37,543306
1433,0.32940614,0.018936792,Los Angeles,6,37,543321
1434,0.31857732,0.014824189,Los Angeles,6,37,543322
1435,0.35034385,0.027248533,Los Angeles,6,37,543400
1436,0.33650902,0.034344144,Los Angeles,6,37,543501
1437,0.31642172,0.05213964,Los Angeles,6,37,543502
1438,0.32518095,0.041681755,Los Angeles,6,37,543503
1439,0.32936302,0.055673715,Los Angeles,6,37,543601
1440,0.35841846,0.034732636,Los Angeles,6,37,543602
1441,0.35848328,0.053172123,Los Angeles,6,37,543603
1442,0.23293489,0.044055093,Los Angeles,6,37,543604
1443,0.34870291,0.03747623,Los Angeles,6,37,543702
1444,0.44809589,0.071225718,Los Angeles,6,37,543703
1445,0.38483009,0.076062292,Los Angeles,6,37,543801
1446,0.32022333,0.039049093,Los Angeles,6,37,543802
1447,0.36108693,0.064083375,Los Angeles,6,37,543903
1448,0.3103455,0.024211001,Los Angeles,6,37,543905
1449,0.32110259,0.041338716,Los Angeles,6,37,544001
1450,0.23111694,0.048498623,Los Angeles,6,37,544002
1451,0.2729319,0.038615886,Los Angeles,6,37,550100
1452,0.28432459,0.050119109,Los Angeles,6,37,550202
1453,0.38953501,0.040932216,Los Angeles,6,37,550300
1454,0.43249524,0.077405803,Los Angeles,6,37,550902
1455,0.34328386,0.061000261,Los Angeles,6,37,551101
1456,0.27356115,0.023202762,Los Angeles,6,37,551102
1457,0.36976752,0.068026252,Los Angeles,6,37,551201
1458,0.34138349,0.031148221,Los Angeles,6,37,551202
1459,0.28798372,0.04727722,Los Angeles,6,37,551300
1460,0.34033063,0.052759524,Los Angeles,6,37,551401
1461,0.29289338,0.040980779,Los Angeles,6,37,551501
1462,0.24946062,0.042216796,Los Angeles,6,37,551502
1463,0.35239303,0.040665731,Los Angeles,6,37,551700
1464,0.26767749,0.028851576,Los Angeles,6,37,551800
1465,0.32583955,0.046725661,Los Angeles,6,37,551900
1466,0.36001125,0.048007719,Los Angeles,6,37,552002
1467,0.24122038,0.038016867,Los Angeles,6,37,552100
1468,0.2883822,0.029208943,Los Angeles,6,37,552200
1469,0.31960011,0.034052249,Los Angeles,6,37,552301
1470,0.37407702,0.050296746,Los Angeles,6,37,552302
1471,0.42161712,0.074747205,Los Angeles,6,37,552602
1472,0.34687221,0.055300184,Los Angeles,6,37,552700
1473,0.34778184,0.053947393,Los Angeles,6,37,552800
1474,0.33901864,0.039239544,Los Angeles,6,37,552900
1475,0.26174825,0.04182554,Los Angeles,6,37,553000
1476,0.35259837,0.023031291,Los Angeles,6,37,553100
1477,0.22414893,0.033582289,Los Angeles,6,37,553200
1478,0.33441314,0.074743465,Los Angeles,6,37,553300
1479,0.26966128,0.070296422,Los Angeles,6,37,553400
1480,0.33065876,0.02780633,Los Angeles,6,37,553502
1481,0.33755064,0.025032446,Los Angeles,6,37,553503
1482,0.28246567,0.02415826,Los Angeles,6,37,553504
1483,0.31941688,0.01890482,Los Angeles,6,37,553601
1484,0.30027264,0.017295877,Los Angeles,6,37,553602
1485,0.31828406,0.034742504,Los Angeles,6,37,553702
1486,0.296518,0.020630462,Los Angeles,6,37,553801
1487,0.29807198,0.02298047,Los Angeles,6,37,553802
1488,0.29424086,0.033974059,Los Angeles,6,37,553901
1489,0.31852564,0.025562273,Los Angeles,6,37,553902
1490,0.31292263,0.044790324,Los Angeles,6,37,554001
1491,0.31527069,0.026764605,Los Angeles,6,37,554002
1492,0.28646809,0.03317197,Los Angeles,6,37,554101
1493,0.25481379,0.064610496,Los Angeles,6,37,554103
1494,0.29312876,0.036909003,Los Angeles,6,37,554104
1495,0.31261078,0.023097055,Los Angeles,6,37,554105
1496,0.35741073,0.043201737,Los Angeles,6,37,554201
1497,0.35154057,0.040302727,Los Angeles,6,37,554203
1498,0.35900208,0.029161613,Los Angeles,6,37,554204
1499,0.30328807,0.020746676,Los Angeles,6,37,554301
1500,0.33555594,0.026514355,Los Angeles,6,37,554302
1501,0.31535479,0.021598335,Los Angeles,6,37,554403
1502,0.3164722,0.023567891,Los Angeles,6,37,554404
1503,0.32288644,0.029426578,Los Angeles,6,37,554405
1504,0.33265358,0.032705367,Los Angeles,6,37,554406
1505,0.46957147,0.065176688,Los Angeles,6,37,554511
1506,0.33376268,0.050578542,Los Angeles,6,37,554512
1507,0.56137818,0.12768325,Los Angeles,6,37,554513
1508,0.45653778,0.048944477,Los Angeles,6,37,554514
1509,0.4263992,0.075609669,Los Angeles,6,37,554515
1510,0.41082129,0.082116887,Los Angeles,6,37,554516
1511,0.45153084,0.074578889,Los Angeles,6,37,554517
1512,0.33070102,0.077169068,Los Angeles,6,37,554518
1513,0.29353514,0.10369744,Los Angeles,6,37,554519
1514,0.38713473,0.061434705,Los Angeles,6,37,554521
1515,0.33483383,0.062578954,Los Angeles,6,37,554522
1516,0.32113481,0.056246143,Los Angeles,6,37,554600
1517,0.42434779,0.080133691,Los Angeles,6,37,554802
1518,0.23166406,0.044642918,Los Angeles,6,37,554900
1519,0.33507225,0.040465713,Los Angeles,6,37,555001
1520,0.34653151,0.035915658,Los Angeles,6,37,555002
1521,0.33241606,0.025715217,Los Angeles,6,37,555102
1522,0.37695476,0.033338677,Los Angeles,6,37,555103
1523,0.32066458,0.034870379,Los Angeles,6,37,555104
1524,0.32361907,0.04384147,Los Angeles,6,37,555212
1525,0.2833401,0.080266774,Los Angeles,6,37,570001
1526,0.26468736,0.063021854,Los Angeles,6,37,570003
1527,0.26960796,0.027601585,Los Angeles,6,37,570100
1528,0.29741469,0.019218534,Los Angeles,6,37,570202
1529,0.32898599,0.020627925,Los Angeles,6,37,570203
1530,0.31637666,0.026349638,Los Angeles,6,37,570204
1531,0.2956093,0.016524583,Los Angeles,6,37,570301
1532,0.2478777,0.019121299,Los Angeles,6,37,570303
1533,0.30402207,0.016698616,Los Angeles,6,37,570304
1534,0.35548806,0.020265607,Los Angeles,6,37,570402
1535,0.3136442,0.019995874,Los Angeles,6,37,570403
1536,0.29515758,0.021981543,Los Angeles,6,37,570404
1537,0.32404619,0.018941913,Los Angeles,6,37,570501
1538,0.34510997,0.021334188,Los Angeles,6,37,570502
1539,0.31545621,0.016571784,Los Angeles,6,37,570601
1540,0.30365643,0.019849667,Los Angeles,6,37,570602
1541,0.33428288,0.013189758,Los Angeles,6,37,570603
1542,0.35348955,0.024393735,Los Angeles,6,37,570701
1543,0.40996918,0.085669301,Los Angeles,6,37,570702
1544,0.39409071,0.076301858,Los Angeles,6,37,570800
1545,0.25325602,0.058280505,Los Angeles,6,37,570901
1546,0.31319982,0.062449589,Los Angeles,6,37,570902
1547,0.2047849,0.070430137,Los Angeles,6,37,571000
1548,0.46316007,0.053493399,Los Angeles,6,37,571200
1549,0.3122614,0.057836238,Los Angeles,6,37,571300
1550,0.41076493,0.050508834,Los Angeles,6,37,571400
1551,0.31239414,0.023879129,Los Angeles,6,37,571502
1552,0.37169728,0.037640639,Los Angeles,6,37,571503
1553,0.37084451,0.033271976,Los Angeles,6,37,571504
1554,0.33601463,0.036702435,Los Angeles,6,37,571600
1555,0.28293058,0.017929433,Los Angeles,6,37,571701
1556,0.3564041,0.027125388,Los Angeles,6,37,571703
1557,0.28967011,0.020411149,Los Angeles,6,37,571704
1558,0.30915341,0.079103276,Los Angeles,6,37,571800
1559,0.28987107,0.024639856,Los Angeles,6,37,571900
1560,0.3867605,0.045497924,Los Angeles,6,37,572001
1561,0.37197393,0.026895676,Los Angeles,6,37,572002
1562,0.30259281,0.074137315,Los Angeles,6,37,572100
1563,0.34935567,0.02539441,Los Angeles,6,37,572201
1564,0.36375111,0.036777493,Los Angeles,6,37,572202
1565,0.24933584,0.026529346,Los Angeles,6,37,572301
1566,0.38111386,0.030224724,Los Angeles,6,37,572302
1567,0.32069749,0.038563117,Los Angeles,6,37,572400
1568,0.29782626,0.024752881,Los Angeles,6,37,572500
1569,0.31669635,0.028897483,Los Angeles,6,37,572600
1570,0.32564595,0.028882593,Los Angeles,6,37,572700
1571,0.30497348,0.050155498,Los Angeles,6,37,572800
1572,0.30698502,0.024517121,Los Angeles,6,37,572900
1573,0.34573844,0.019730445,Los Angeles,6,37,573002
1574,0.32217976,0.040896539,Los Angeles,6,37,573003
1575,0.30020994,0.017043769,Los Angeles,6,37,573004
1576,0.3001554,0.013063372,Los Angeles,6,37,573100
1577,0.30503267,0.017717993,Los Angeles,6,37,573201
1578,0.34000856,0.01824823,Los Angeles,6,37,573202
1579,0.32178465,0.021512667,Los Angeles,6,37,573300
1580,0.2692889,0.030249463,Los Angeles,6,37,573402
1581,0.21837077,0.073771723,Los Angeles,6,37,574500
1582,0.34670913,0.043556884,Los Angeles,6,37,574902
1583,0.41243616,0.052906029,Los Angeles,6,37,575001
1584,0.32066563,0.0351438,Los Angeles,6,37,575002
1585,0.29814148,0.021048322,Los Angeles,6,37,575101
1586,0.34127778,0.028035235,Los Angeles,6,37,575102
1587,0.29501045,0.016349347,Los Angeles,6,37,575103
1588,0.30067983,0.021195881,Los Angeles,6,37,575201
1589,0.29364687,0.033107653,Los Angeles,6,37,575202
1590,0.33022711,0.018906429,Los Angeles,6,37,575300
1591,0.32309386,0.026432309,Los Angeles,6,37,575401
1592,0.2673912,0.025567764,Los Angeles,6,37,575402
1593,0.2671389,0.021672919,Los Angeles,6,37,575802
1594,0.30825391,0.033905227,Los Angeles,6,37,575803
1595,0.2879217,0.023143243,Los Angeles,6,37,575901
1596,0.32912824,0.023287248,Los Angeles,6,37,575902
1597,0.31776097,0.038982432,Los Angeles,6,37,576001
1598,0.30325037,0.021831967,Los Angeles,6,37,576200
1599,0.34189251,0.025071075,Los Angeles,6,37,576301
1600,0.28990355,0.019912317,Los Angeles,6,37,576302
1601,0.2184837,0.023928372,Los Angeles,6,37,576401
1602,0.33965272,0.028786907,Los Angeles,6,37,576402
1603,0.31431293,0.018492581,Los Angeles,6,37,576403
1604,0.27961987,0.027225081,Los Angeles,6,37,576501
1605,0.30598575,0.017469717,Los Angeles,6,37,576502
1606,0.33459815,0.02481821,Los Angeles,6,37,576503
1607,0.32455549,0.03094882,Los Angeles,6,37,576601
1608,0.33150858,0.045145355,Los Angeles,6,37,576602
1609,0.3199355,0.064632133,Los Angeles,6,37,576700
1610,0.32596031,0.024431141,Los Angeles,6,37,576801
1611,0.31710911,0.02713058,Los Angeles,6,37,576802
1612,0.2948809,0.017047685,Los Angeles,6,37,576901
1613,0.26702976,0.015846126,Los Angeles,6,37,576903
1614,0.29294655,0.021908611,Los Angeles,6,37,576904
1615,0.34288386,0.02003216,Los Angeles,6,37,577000
1616,0.32840952,0.031364687,Los Angeles,6,37,577100
1617,0.39229298,0.07051114,Los Angeles,6,37,577200
1618,0.449718,0.076257974,Los Angeles,6,37,577603
1619,0.28777319,0.010221244,Los Angeles,6,37,600100
1620,0.31179076,0.012918061,Los Angeles,6,37,600201
1621,0.26659021,0.0090281675,Los Angeles,6,37,600202
1622,0.29414091,0.013160055,Los Angeles,6,37,600302
1623,0.28928921,0.013129085,Los Angeles,6,37,600303
1624,0.32369828,0.016948054,Los Angeles,6,37,600304
1625,0.31676111,0.012326253,Los Angeles,6,37,600400
1626,0.3336232,0.021542022,Los Angeles,6,37,600501
1627,0.33146071,0.023613239,Los Angeles,6,37,600502
1628,0.29800478,0.017305331,Los Angeles,6,37,600601
1629,0.28119057,0.016980374,Los Angeles,6,37,600602
1630,0.32068983,0.017883878,Los Angeles,6,37,600702
1631,0.42279148,0.03216888,Los Angeles,6,37,600703
1632,0.33634329,0.019965855,Los Angeles,6,37,600704
1633,0.31550288,0.017698286,Los Angeles,6,37,600801
1634,0.30573377,0.01945943,Los Angeles,6,37,600802
1635,0.32029742,0.010460646,Los Angeles,6,37,600902
1636,0.32666862,0.022073558,Los Angeles,6,37,600911
1637,0.35204595,0.021856537,Los Angeles,6,37,600912
1638,0.34603295,0.020774821,Los Angeles,6,37,601001
1639,0.325331,0.013076435,Los Angeles,6,37,601002
1640,0.3179993,0.01236579,Los Angeles,6,37,601100
1641,0.35126969,0.044464387,Los Angeles,6,37,601202
1642,0.29501051,0.017355267,Los Angeles,6,37,601211
1643,0.32317534,0.013832893,Los Angeles,6,37,601212
1644,0.37301061,0.028529407,Los Angeles,6,37,601301
1645,0.332816,0.01060295,Los Angeles,6,37,601302
1646,0.31378168,0.010876782,Los Angeles,6,37,601303
1647,0.3432849,0.017796578,Los Angeles,6,37,601401
1648,0.39261138,0.045583081,Los Angeles,6,37,601402
1649,0.27857238,0.03193561,Los Angeles,6,37,601501
1650,0.29189602,0.034972481,Los Angeles,6,37,601700
1651,0.30722141,0.041152596,Los Angeles,6,37,601801
1652,0.29775089,0.050205629,Los Angeles,6,37,601802
1653,0.31233683,0.015782513,Los Angeles,6,37,601900
1654,0.32667223,0.029266845,Los Angeles,6,37,602002
1655,0.30287683,0.016726131,Los Angeles,6,37,602003
1656,0.33228096,0.022351904,Los Angeles,6,37,602004
1657,0.35013235,0.016758641,Los Angeles,6,37,602103
1658,0.29750907,0.014163328,Los Angeles,6,37,602104
1659,0.38362384,0.025765598,Los Angeles,6,37,602105
1660,0.3908048,0.023233172,Los Angeles,6,37,602106
1661,0.31818736,0.022235105,Los Angeles,6,37,602200
1662,0.37439141,0.0570115,Los Angeles,6,37,602301
1663,0.32809755,0.021381289,Los Angeles,6,37,602402
1664,0.28795677,0.015768701,Los Angeles,6,37,602403
1665,0.32672155,0.018066103,Los Angeles,6,37,602404
1666,0.33749232,0.01572242,Los Angeles,6,37,602504
1667,0.31502363,0.015984258,Los Angeles,6,37,602505
1668,0.26437113,0.011603765,Los Angeles,6,37,602506
1669,0.31878987,0.015050239,Los Angeles,6,37,602507
1670,0.32832488,0.012719871,Los Angeles,6,37,602508
1671,0.30655769,0.019615337,Los Angeles,6,37,602509
1672,0.32121062,0.010804505,Los Angeles,6,37,602600
1673,0.32630566,0.018400567,Los Angeles,6,37,602700
1674,0.30003035,0.016967302,Los Angeles,6,37,602801
1675,0.33493829,0.017073587,Los Angeles,6,37,602802
1676,0.33286646,0.027512144,Los Angeles,6,37,602900
1677,0.33274883,0.016208155,Los Angeles,6,37,603001
1678,0.30263945,0.041133001,Los Angeles,6,37,603004
1679,0.30937409,0.014260178,Los Angeles,6,37,603005
1680,0.3478474,0.068912961,Los Angeles,6,37,603006
1681,0.37114823,0.03127148,Los Angeles,6,37,603101
1682,0.3099438,0.026450161,Los Angeles,6,37,603102
1683,0.32808903,0.053739786,Los Angeles,6,37,603200
1684,0.33311933,0.068835616,Los Angeles,6,37,603301
1685,0.30195853,0.024390584,Los Angeles,6,37,603400
1686,0.34466505,0.055047307,Los Angeles,6,37,603500
1687,0.35459417,0.046598669,Los Angeles,6,37,603600
1688,0.28905836,0.07529147,Los Angeles,6,37,603702
1689,0.33402729,0.053900965,Los Angeles,6,37,603703
1690,0.31632206,0.013635821,Los Angeles,6,37,603704
1691,0.34139803,0.021160753,Los Angeles,6,37,603801
1692,0.30494615,0.034508027,Los Angeles,6,37,603802
1693,0.3392967,0.027520262,Los Angeles,6,37,603900
1694,0.28835785,0.02674624,Los Angeles,6,37,604001
1695,0.31466857,0.029958518,Los Angeles,6,37,604002
1696,0.30547592,0.023962084,Los Angeles,6,37,604100
1697,0.36015645,0.054670565,Los Angeles,6,37,620521
1698,0.25737834,0.058183268,Los Angeles,6,37,620601
1699,0.34137237,0.081233449,Los Angeles,6,37,620701
1700,0.53467542,0.085133016,Los Angeles,6,37,621201
1701,0.16089274,0.14316991,Los Angeles,6,37,621301
1702,0.24910638,0.031541325,Los Angeles,6,37,650003
1703,0.45769933,0.055385839,Los Angeles,6,37,650004
1704,0.34378523,0.068799511,Los Angeles,6,37,650101
1705,0.39260092,0.064368196,Los Angeles,6,37,650200
1706,0.29161739,0.05365257,Los Angeles,6,37,650300
1707,0.45095059,0.050936572,Los Angeles,6,37,650602
1708,0.39588469,0.048085809,Los Angeles,6,37,650604
1709,0.37805319,0.05644846,Los Angeles,6,37,650605
1710,0.36790767,0.059729695,Los Angeles,6,37,650901
1711,0.30417988,0.049833354,Los Angeles,6,37,650902
1712,0.21861395,0.049023256,Los Angeles,6,37,651101
1713,0.53032315,0.074375123,Los Angeles,6,37,651222
1714,0.7601912,0.095647685,Los Angeles,6,37,651402
1715,0.32839382,0.069780521,Los Angeles,6,37,670003
1716,0.39659807,0.045935154,Los Angeles,6,37,670100
1717,0.4292911,0.078564361,Los Angeles,6,37,670701
1718,0.50000715,0.077397987,Los Angeles,6,37,700902
1719,0.42638198,0.070696831,Los Angeles,6,37,701702
1720,0.25045583,0.028251452,Los Angeles,6,37,701801
1721,0.28823328,0.025996147,Los Angeles,6,37,701802
1722,0.45157525,0.07138589,Los Angeles,6,37,702002
1723,0.37541568,0.053711183,Los Angeles,6,37,702400
1724,0.46711478,0.069725767,Los Angeles,6,37,702501
1725,0.35179594,0.036590207,Los Angeles,6,37,702502
1726,0.31545964,0.041142043,Los Angeles,6,37,702600
1727,0.32210264,0.037489466,Los Angeles,6,37,702801
1728,0.31159729,0.081567086,Los Angeles,6,37,702901
1729,0.30939421,0.020481268,Los Angeles,6,37,703001
1730,0.34791699,0.02229985,Los Angeles,6,37,703002
1731,0.345195,0.017027697,Los Angeles,6,37,703100
1732,0.34901822,0.019620949,Los Angeles,6,37,703200
1733,0.3200852,0.023610746,Los Angeles,6,37,900103
1734,0.33818534,0.028104946,Los Angeles,6,37,900104
1735,0.24991404,0.018158887,Los Angeles,6,37,900501
1736,0.32786831,0.027222732,Los Angeles,6,37,900504
1737,0.33385172,0.031864546,Los Angeles,6,37,900505
1738,0.30461085,0.024597576,Los Angeles,6,37,900506
1739,0.36434606,0.023688264,Los Angeles,6,37,900507
1740,0.27810964,0.069688968,Los Angeles,6,37,900508
1741,0.28746966,0.024608957,Los Angeles,6,37,900602
1742,0.29602554,0.021116827,Los Angeles,6,37,900605
1743,0.26397744,0.022384947,Los Angeles,6,37,900606
1744,0.26838568,0.02146063,Los Angeles,6,37,900607
1745,0.31310385,0.030281413,Los Angeles,6,37,900608
1746,0.298289,0.022986744,Los Angeles,6,37,900609
1747,0.28885481,0.031746779,Los Angeles,6,37,900701
1748,0.33418968,0.028494753,Los Angeles,6,37,900703
1749,0.32884166,0.020569101,Los Angeles,6,37,900704
1750,0.33992815,0.027603922,Los Angeles,6,37,900705
1751,0.2999728,0.021957474,Los Angeles,6,37,900803
1752,0.31087628,0.029299086,Los Angeles,6,37,900804
1753,0.3558813,0.039072089,Los Angeles,6,37,900805
1754,0.27717528,0.029941287,Los Angeles,6,37,900806
1755,0.27482921,0.03883218,Los Angeles,6,37,901004
1756,0.40465361,0.042760756,Los Angeles,6,37,901008
1757,0.28009716,0.03380708,Los Angeles,6,37,901009
1758,0.31081867,0.026673572,Los Angeles,6,37,901010
1759,0.32779837,0.029477198,Los Angeles,6,37,901011
1760,0.38706645,0.056764148,Los Angeles,6,37,901101
1761,0.25291249,0.047129992,Los Angeles,6,37,901102
1762,0.25385055,0.033783969,Los Angeles,6,37,901205
1763,0.27806208,0.07714504,Los Angeles,6,37,901213
1764,0.25818217,0.032487832,Los Angeles,6,37,910001
1765,0.35130218,0.075387836,Los Angeles,6,37,910002
1766,0.28864384,0.050331801,Los Angeles,6,37,910201
1767,0.38196462,0.044060349,Los Angeles,6,37,910207
1768,0.35876015,0.033332642,Los Angeles,6,37,910208
1769,0.3982572,0.042701732,Los Angeles,6,37,910209
1770,0.33674583,0.061353423,Los Angeles,6,37,910210
1771,0.25369179,0.052351031,Los Angeles,6,37,910301
1772,0.39756912,0.055570513,Los Angeles,6,37,910302
1773,0.36533475,0.036337059,Los Angeles,6,37,910401
1774,0.26988637,0.026411161,Los Angeles,6,37,910402
1775,0.29240847,0.033424083,Los Angeles,6,37,910403
1776,0.25583902,0.028036978,Los Angeles,6,37,910404
1777,0.28779882,0.020625658,Los Angeles,6,37,910501
1778,0.25726193,0.032268584,Los Angeles,6,37,910502
1779,0.27519116,0.027764767,Los Angeles,6,37,910504
1780,0.28380722,0.037510853,Los Angeles,6,37,910505
1781,0.29152018,0.023547348,Los Angeles,6,37,910601
1782,0.33971611,0.035844069,Los Angeles,6,37,910602
1783,0.34151858,0.02549083,Los Angeles,6,37,910603
1784,0.31369671,0.027489586,Los Angeles,6,37,910605
1785,0.28970498,0.035559487,Los Angeles,6,37,910606
1786,0.33198437,0.027119808,Los Angeles,6,37,910705
1787,0.32435545,0.029099397,Los Angeles,6,37,910706
1788,0.33969888,0.026431076,Los Angeles,6,37,910707
1789,0.33435947,0.028837482,Los Angeles,6,37,910711
1790,0.33782154,0.042897936,Los Angeles,6,37,910712
1791,0.33574507,0.026994674,Los Angeles,6,37,910713
1792,0.37557736,0.034934346,Los Angeles,6,37,910714
1793,0.33706471,0.028537711,Los Angeles,6,37,910715
1794,0.33980852,0.031757519,Los Angeles,6,37,910716
1795,0.30555615,0.074272215,Los Angeles,6,37,910807
1796,0.46495348,0.087007552,Los Angeles,6,37,920029
1797,0.33604637,0.088612124,Los Angeles,6,37,920030
1798,0.36045027,0.065220796,Los Angeles,6,37,920035
1799,0.32374334,0.037641659,Los Angeles,6,37,920037
1800,0.44279522,0.084775165,Los Angeles,6,37,920038
1801,0.49123555,0.083354406,Los Angeles,6,37,920041
1802,0.37137458,0.056802019,Los Angeles,6,37,920042
1803,0.48931459,0.090825416,Los Angeles,6,37,920106
1804,0.071181796,0.1157257,Los Angeles,6,37,920118
1805,0.18341227,0.050658111,Los Angeles,6,37,920337
1806,0.22094762,0.055181175,Los Angeles,6,37,980015
1807,0.30909356,0.069237813,San Francisco,6,41,102202
1808,0.53880054,0.10530142,San Francisco,6,41,103200
1809,0.49309474,0.075621404,San Francisco,6,41,104101
1810,0.3602182,0.070193365,San Francisco,6,41,104102
1811,0.31588444,0.056326482,San Francisco,6,41,104200
1812,0.41202584,0.051431697,San Francisco,6,41,105000
1813,0.25535876,0.064193614,San Francisco,6,41,106002
1814,0.35108542,0.066999912,San Francisco,6,41,109001
1815,0.43118685,0.051459733,San Francisco,6,41,112201
1816,0.44782364,0.080675736,San Francisco,6,41,112202
1817,0.33069295,0.025739344,San Francisco,6,41,129000
1818,0.30474767,0.078714594,San Francisco,6,55,201004
1819,0.49341431,0.10874286,San Francisco,6,55,201006
1820,0.25167069,0.051343065,San Francisco,6,55,201007
1821,0.37286606,0.038437016,Los Angeles,6,59,1801
1822,0.3696427,0.057956945,Los Angeles,6,59,1802
1823,0.37861818,0.059787802,Los Angeles,6,59,11601
1824,0.38905412,0.085055828,Los Angeles,6,59,11708
1825,0.63174754,0.096081257,Los Angeles,6,59,11711
1826,0.36176196,0.09144187,Los Angeles,6,59,32015
1827,0.37881884,0.077260442,Los Angeles,6,59,32022
1828,0.36095083,0.076585956,Los Angeles,6,59,32027
1829,0.28386477,0.079121217,Los Angeles,6,59,32053
1830,0.35521665,0.076432966,Los Angeles,6,59,42307
1831,0.40850925,0.073163651,Los Angeles,6,59,42320
1832,0.41512918,0.071203992,Los Angeles,6,59,42330
1833,0.28623962,0.096682377,Los Angeles,6,59,52408
1834,0.4252176,0.090666838,Los Angeles,6,59,52418
1835,0.39591047,0.068291612,Los Angeles,6,59,52423
1836,0.43118304,0.1422541,Los Angeles,6,59,52424
1837,0.3740457,0.05958036,Los Angeles,6,59,52425
1838,0.35813817,0.067019567,Los Angeles,6,59,52524
1839,0.43088552,0.085602507,Los Angeles,6,59,62636
1840,0.34830561,0.13742565,Los Angeles,6,59,62637
1841,0.24767256,0.047432885,Los Angeles,6,59,63807
1842,0.31964737,0.064759009,Los Angeles,6,59,63902
1843,0.24298723,0.063264981,Los Angeles,6,59,63907
1844,0.28202227,0.044216383,Los Angeles,6,59,74004
1845,0.35182956,0.051918849,Los Angeles,6,59,74106
1846,0.20603949,0.058703825,Los Angeles,6,59,74111
1847,0.45822003,0.074474499,Los Angeles,6,59,74408
1848,0.33274519,0.068095908,Los Angeles,6,59,74701
1849,0.35100228,0.055396229,Los Angeles,6,59,74801
1850,0.2658509,0.046982184,Los Angeles,6,59,74802
1851,0.29623631,0.074572004,Los Angeles,6,59,74803
1852,0.34665838,0.070399627,Los Angeles,6,59,74806
1853,0.38722044,0.088100486,Los Angeles,6,59,75100
1854,0.38553807,0.074003324,Los Angeles,6,59,75301
1855,0.31980273,0.090744913,Los Angeles,6,59,75403
1856,0.4029837,0.08494167,Los Angeles,6,59,75405
1857,0.43433324,0.073306896,Los Angeles,6,59,75507
1858,0.33517018,0.059100699,Los Angeles,6,59,75513
1859,0.44692472,0.06388095,Los Angeles,6,59,75515
1860,0.46877551,0.067410201,Los Angeles,6,59,75701
1861,0.32833967,0.053571764,Los Angeles,6,59,76000
1862,0.29904655,0.065492488,Los Angeles,6,59,76102
1863,0.32723257,0.080709726,Los Angeles,6,59,86301
1864,0.32162261,0.069202967,Los Angeles,6,59,86303
1865,0.34823397,0.060445629,Los Angeles,6,59,86306
1866,0.42317832,0.065695219,Los Angeles,6,59,86406
1867,0.3241874,0.051808055,Los Angeles,6,59,86407
1868,0.27621076,0.037642099,Los Angeles,6,59,86601
1869,0.38804495,0.049729444,Los Angeles,6,59,86602
1870,0.27308416,0.045223866,Los Angeles,6,59,86701
1871,0.33885741,0.040292304,Los Angeles,6,59,86702
1872,0.47255293,0.080335669,Los Angeles,6,59,86802
1873,0.32731467,0.033727068,Los Angeles,6,59,86803
1874,0.36317813,0.036650207,Los Angeles,6,59,86901
1875,0.37977868,0.065832868,Los Angeles,6,59,86902
1876,0.39433712,0.055266894,Los Angeles,6,59,86903
1877,0.35585704,0.047380745,Los Angeles,6,59,87001
1878,0.31662145,0.037531171,Los Angeles,6,59,87002
1879,0.28527322,0.044465512,Los Angeles,6,59,87101
1880,0.41496989,0.05026523,Los Angeles,6,59,87102
1881,0.25927189,0.049884725,Los Angeles,6,59,87103
1882,0.23165475,0.0475301,Los Angeles,6,59,87105
1883,0.55041289,0.083334245,Los Angeles,6,59,87106
1884,0.2776148,0.039654676,Los Angeles,6,59,87200
1885,0.29277864,0.061602581,Los Angeles,6,59,87300
1886,0.3695823,0.070641577,Los Angeles,6,59,87503
1887,0.28353757,0.057151239,Los Angeles,6,59,87504
1888,0.40666923,0.071799502,Los Angeles,6,59,87505
1889,0.35980001,0.049719594,Los Angeles,6,59,87601
1890,0.41802546,0.083151214,Los Angeles,6,59,87602
1891,0.32532075,0.10872063,Los Angeles,6,59,87704
1892,0.23179424,0.044765387,Los Angeles,6,59,87802
1893,0.3246721,0.045145761,Los Angeles,6,59,87803
1894,0.28263885,0.053082798,Los Angeles,6,59,87805
1895,0.31869867,0.074635208,Los Angeles,6,59,87806
1896,0.4055911,0.068331659,Los Angeles,6,59,87902
1897,0.2846534,0.095606811,Los Angeles,6,59,88403
1898,0.32318339,0.064470604,Los Angeles,6,59,99227
1899,0.36631075,0.084346682,Los Angeles,6,59,99251
1900,0.29272088,0.059900727,Los Angeles,6,59,99411
1901,0.42881405,0.075983845,Los Angeles,6,59,99502
1902,0.46071303,0.053458288,Los Angeles,6,59,110014
1903,0.44336498,0.063765056,Los Angeles,6,59,110015
1904,0.32463157,0.10181739,Los Angeles,6,59,110102
1905,0.40651622,0.049378131,Los Angeles,6,59,110104
1906,0.34044892,0.094680324,Los Angeles,6,59,110106
1907,0.32239181,0.062955432,Los Angeles,6,59,110109
1908,0.29417372,0.046300247,Los Angeles,6,59,110110
1909,0.25151509,0.052176051,Los Angeles,6,59,110111
1910,0.25253206,0.067896046,Los Angeles,6,59,110114
1911,0.4441666,0.10099263,Los Angeles,6,59,110115
1912,0.080871813,0.069340378,Los Angeles,6,59,110116
1913,0.34472448,0.041391473,Los Angeles,6,59,110117
1914,0.31867591,0.031585652,Los Angeles,6,59,110201
1915,0.35304302,0.041746456,Los Angeles,6,59,110202
1916,0.37831447,0.079110309,Los Angeles,6,59,110203
1917,0.41849881,0.053902019,Los Angeles,6,59,110301
1918,0.34442082,0.075500205,Los Angeles,6,59,110302
1919,0.34544504,0.056786206,Los Angeles,6,59,110303
1920,0.30499914,0.070465215,Los Angeles,6,59,110304
1921,0.24467382,0.054532323,Los Angeles,6,59,110401
1922,0.3254762,0.046477474,Los Angeles,6,59,110402
1923,0.37054953,0.035743497,Los Angeles,6,59,110500
1924,0.30066121,0.030475663,Los Angeles,6,59,110603
1925,0.39271179,0.057227019,Los Angeles,6,59,110604
1926,0.37644881,0.053128958,Los Angeles,6,59,110606
1927,0.47084448,0.075999513,Los Angeles,6,65,30103
1928,0.3164669,0.03417946,Los Angeles,6,65,30104
1929,0.40889311,0.045272999,Los Angeles,6,65,30200
1930,0.36019912,0.039326575,Los Angeles,6,65,30300
1931,0.32628724,0.024338266,Los Angeles,6,65,30400
1932,0.31102341,0.019825479,Los Angeles,6,65,30501
1933,0.29351366,0.03897237,Los Angeles,6,65,30503
1934,0.46409366,0.10609352,Los Angeles,6,65,30601
1935,0.59899515,0.096884899,Los Angeles,6,65,30602
1936,0.38303128,0.045771562,Los Angeles,6,65,30700
1937,0.37057021,0.04085331,Los Angeles,6,65,30800
1938,0.33438131,0.047433689,Los Angeles,6,65,30900
1939,0.34280926,0.038238637,Los Angeles,6,65,31001
1940,0.31692278,0.030257415,Los Angeles,6,65,31002
1941,0.30092216,0.028831039,Los Angeles,6,65,31100
1942,0.39776617,0.046149381,Los Angeles,6,65,31200
1943,0.33820152,0.031881168,Los Angeles,6,65,31401
1944,0.32838839,0.033913705,Los Angeles,6,65,31402
1945,0.39361557,0.0334539,Los Angeles,6,65,31501
1946,0.32720277,0.029039625,Los Angeles,6,65,31502
1947,0.40564567,0.050146189,Los Angeles,6,65,31601
1948,0.38185656,0.042708479,Los Angeles,6,65,31602
1949,0.36111659,0.046125174,Los Angeles,6,65,31701
1950,0.32946265,0.049220968,Los Angeles,6,65,31703
1951,0.41088974,0.043950323,Los Angeles,6,65,31704
1952,0.28050452,0.023058487,Los Angeles,6,65,40101
1953,0.36563504,0.043841019,Los Angeles,6,65,40201
1954,0.24737941,0.047314826,Los Angeles,6,65,40203
1955,0.27860138,0.034682382,Los Angeles,6,65,40204
1956,0.36507696,0.042462304,Los Angeles,6,65,40301
1957,0.36488393,0.048203528,Los Angeles,6,65,40302
1958,0.31626886,0.058726519,Los Angeles,6,65,40404
1959,0.49618179,0.072560154,Los Angeles,6,65,40405
1960,0.37599751,0.067707904,Los Angeles,6,65,40501
1961,0.29347426,0.064483598,Los Angeles,6,65,40502
1962,0.32491624,0.053281352,Los Angeles,6,65,40503
1963,0.44075555,0.083541945,Los Angeles,6,65,40604
1964,0.40334386,0.053074911,Los Angeles,6,65,40607
1965,0.32013327,0.080184713,Los Angeles,6,65,40611
1966,0.42783564,0.061890025,Los Angeles,6,65,40613
1967,0.50614256,0.069167517,Los Angeles,6,65,40615
1968,0.20368469,0.077408783,Los Angeles,6,65,40616
1969,0.24771844,0.10814624,Los Angeles,6,65,40807
1970,0.38597971,0.058054853,Los Angeles,6,65,40808
1971,0.43674085,0.085021488,Los Angeles,6,65,40809
1972,0.41494545,0.051743913,Los Angeles,6,65,40814
1973,0.40279794,0.051519167,Los Angeles,6,65,40815
1974,0.3929224,0.10595214,Los Angeles,6,65,40816
1975,0.3604489,0.036159128,Los Angeles,6,65,40821
1976,0.27718952,0.036573999,Los Angeles,6,65,40901
1977,0.33845702,0.083284631,Los Angeles,6,65,40902
1978,0.42129609,0.09644676,Los Angeles,6,65,40903
1979,0.18963283,0.048289433,Los Angeles,6,65,40904
1980,0.3537592,0.048755612,Los Angeles,6,65,41001
1981,0.33870158,0.049998146,Los Angeles,6,65,41002
1982,0.34236774,0.032125443,Los Angeles,6,65,41004
1983,0.42606211,0.051248867,Los Angeles,6,65,41101
1984,0.25738084,0.036894094,Los Angeles,6,65,41201
1985,0.38169867,0.065179005,Los Angeles,6,65,41202
1986,0.39261493,0.0508033,Los Angeles,6,65,41203
1987,0.32085511,0.062552303,Los Angeles,6,65,41302
1988,0.22304469,0.059838966,Los Angeles,6,65,41403
1989,0.43685743,0.078157023,Los Angeles,6,65,41404
1990,0.35768482,0.061676268,Los Angeles,6,65,41405
1991,0.34243676,0.040450882,Los Angeles,6,65,41406
1992,0.40591311,0.041297253,Los Angeles,6,65,41407
1993,0.34990302,0.029476462,Los Angeles,6,65,41408
1994,0.29407537,0.041357797,Los Angeles,6,65,41409
1995,0.37405023,0.063109599,Los Angeles,6,65,41412
1996,0.39314336,0.063304581,Los Angeles,6,65,41703
1997,0.66720009,0.13342021,Los Angeles,6,65,41803
1998,0.44705185,0.058586162,Los Angeles,6,65,41805
1999,0.39530861,0.063888133,Los Angeles,6,65,41806
2000,0.47714317,0.05799263,Los Angeles,6,65,41808
2001,0.31214374,0.050267529,Los Angeles,6,65,41809
2002,0.15983948,0.10655936,Los Angeles,6,65,41810
2003,0.26903194,0.049015701,Los Angeles,6,65,41813
2004,0.48313829,0.084900521,Los Angeles,6,65,41904
2005,0.3960565,0.064206481,Los Angeles,6,65,41906
2006,0.42477942,0.068159662,Los Angeles,6,65,41910
2007,0.35250992,0.064598337,Los Angeles,6,65,41911
2008,0.35384405,0.12180308,Los Angeles,6,65,42003
2009,0.367791,0.090747982,Los Angeles,6,65,42004
2010,0.38191062,0.14790675,Los Angeles,6,65,42005
2011,0.46644017,0.098207623,Los Angeles,6,65,42008
2012,0.31311125,0.032639813,Los Angeles,6,65,42009
2013,0.34876516,0.035445228,Los Angeles,6,65,42010
2014,0.38920212,0.049932495,Los Angeles,6,65,42012
2015,0.39924407,0.065121621,Los Angeles,6,65,42013
2016,0.4873113,0.059472162,Los Angeles,6,65,42014
2017,0.34216252,0.030516379,Los Angeles,6,65,42206
2018,0.31197244,0.07776247,Los Angeles,6,65,42207
2019,0.32885471,0.029370828,Los Angeles,6,65,42209
2020,0.33776551,0.029376982,Los Angeles,6,65,42210
2021,0.37061796,0.027180213,Los Angeles,6,65,42212
2022,0.42712921,0.059498169,Los Angeles,6,65,42213
2023,0.36283925,0.029550966,Los Angeles,6,65,42214
2024,0.42683679,0.057631735,Los Angeles,6,65,42217
2025,0.31657219,0.033218332,Los Angeles,6,65,42300
2026,0.28590649,0.06961292,Los Angeles,6,65,42401
2027,0.37504613,0.031772416,Los Angeles,6,65,42402
2028,0.30759498,0.029339859,Los Angeles,6,65,42403
2029,0.29855397,0.03052743,Los Angeles,6,65,42404
2030,0.33722472,0.018977733,Los Angeles,6,65,42405
2031,0.36650807,0.03089476,Los Angeles,6,65,42406
2032,0.36082485,0.043039277,Los Angeles,6,65,42407
2033,0.4182958,0.042860921,Los Angeles,6,65,42408
2034,0.36813453,0.032366063,Los Angeles,6,65,42409
2035,0.30627847,0.028649157,Los Angeles,6,65,42410
2036,0.34672838,0.041338198,Los Angeles,6,65,42411
2037,0.32221514,0.054978799,Los Angeles,6,65,42412
2038,0.26713231,0.030363889,Los Angeles,6,65,42505
2039,0.35065293,0.023778157,Los Angeles,6,65,42506
2040,0.34363717,0.027515298,Los Angeles,6,65,42507
2041,0.35374883,0.023314016,Los Angeles,6,65,42508
2042,0.30852431,0.03136104,Los Angeles,6,65,42509
2043,0.35123798,0.02148963,Los Angeles,6,65,42510
2044,0.35457072,0.028535988,Los Angeles,6,65,42511
2045,0.30133149,0.022735465,Los Angeles,6,65,42512
2046,0.32221535,0.036870915,Los Angeles,6,65,42513
2047,0.34495857,0.026680559,Los Angeles,6,65,42514
2048,0.29250124,0.023299191,Los Angeles,6,65,42515
2049,0.32967135,0.023145502,Los Angeles,6,65,42516
2050,0.35116884,0.036325771,Los Angeles,6,65,42517
2051,0.2903583,0.029376997,Los Angeles,6,65,42518
2052,0.27987713,0.028257441,Los Angeles,6,65,42519
2053,0.28428376,0.024156105,Los Angeles,6,65,42520
2054,0.3881911,0.025867758,Los Angeles,6,65,42521
2055,0.3119933,0.018797046,Los Angeles,6,65,42617
2056,0.36115536,0.032353401,Los Angeles,6,65,42618
2057,0.31042373,0.028417788,Los Angeles,6,65,42619
2058,0.35131016,0.062360186,Los Angeles,6,65,42620
2059,0.34079909,0.027661376,Los Angeles,6,65,42621
2060,0.56671983,0.079983473,Los Angeles,6,65,42622
2061,0.37327385,0.054993652,Los Angeles,6,65,42623
2062,0.48720679,0.073673755,Los Angeles,6,65,42624
2063,0.32145971,0.019794162,Los Angeles,6,65,42706
2064,0.52657795,0.10706239,Los Angeles,6,65,42708
2065,0.42050478,0.055759635,Los Angeles,6,65,42715
2066,0.27515462,0.051834442,Los Angeles,6,65,42719
2067,0.36229479,0.061785392,Los Angeles,6,65,42729
2068,0.52169228,0.091133356,Los Angeles,6,65,42738
2069,0.33302009,0.023533784,Los Angeles,6,65,42800
2070,0.32974222,0.032728292,Los Angeles,6,65,42901
2071,0.19949986,0.037643451,Los Angeles,6,65,42902
2072,0.27363804,0.030283049,Los Angeles,6,65,42903
2073,0.2909826,0.020467436,Los Angeles,6,65,42904
2074,0.30370834,0.042781811,Los Angeles,6,65,43003
2075,0.33569172,0.06284371,Los Angeles,6,65,43005
2076,0.31480467,0.051014476,Los Angeles,6,65,43006
2077,0.35486522,0.088259667,Los Angeles,6,65,43007
2078,0.46885663,0.084344447,Los Angeles,6,65,43008
2079,0.1756016,0.064917728,Los Angeles,6,65,43010
2080,0.34703654,0.056340389,Los Angeles,6,65,43206
2081,0.31647298,0.055312298,Los Angeles,6,65,43211
2082,0.36927307,0.038808044,Los Angeles,6,65,43216
2083,0.35206658,0.065956928,Los Angeles,6,65,43220
2084,0.59850925,0.08754877,Los Angeles,6,65,43227
2085,0.25888449,0.069512665,Los Angeles,6,65,43228
2086,0.53704691,0.1089409,Los Angeles,6,65,43240
2087,0.57121575,0.084210105,Los Angeles,6,65,43244
2088,0.33926284,0.071998253,Los Angeles,6,65,43250
2089,0.28169838,0.08039546,Los Angeles,6,65,43254
2090,0.39777809,0.068957143,Los Angeles,6,65,43256
2091,0.48457924,0.083283506,Los Angeles,6,65,43262
2092,0.33954015,0.062810853,Los Angeles,6,65,43264
2093,0.20785467,0.072506309,Los Angeles,6,65,43266
2094,0.31762615,0.091771483,Los Angeles,6,65,43270
2095,0.36027217,0.079016052,Los Angeles,6,65,43291
2096,0.38401893,0.064408213,Los Angeles,6,65,43317
2097,0.3154898,0.047627583,Los Angeles,6,65,43401
2098,0.42712265,0.057510145,Los Angeles,6,65,43405
2099,0.33398944,0.056222007,Los Angeles,6,65,43504
2100,0.32222444,0.063618392,Los Angeles,6,65,43507
2101,0.31867808,0.053218868,Los Angeles,6,65,44101
2102,0.35061178,0.059277643,Los Angeles,6,65,44102
2103,0.3827908,0.069235697,Los Angeles,6,65,44103
2104,0.30671942,0.022215975,Los Angeles,6,65,44200
2105,0.29547748,0.043329988,Los Angeles,6,65,44300
2106,0.36377969,0.054415818,Los Angeles,6,65,44507
2107,0.29121551,0.055215821,Los Angeles,6,65,44509
2108,0.19410382,0.032121424,Los Angeles,6,65,44510
2109,0.29626065,0.042456049,Los Angeles,6,65,44516
2110,0.38448647,0.065345898,Los Angeles,6,65,44518
2111,0.34201697,0.031643674,Los Angeles,6,65,44605
2112,0.36731935,0.068211004,Los Angeles,6,65,44701
2113,0.27930421,0.058796275,Los Angeles,6,65,44904
2114,0.35364407,0.0575886,Los Angeles,6,65,44907
2115,0.2394444,0.043033794,Los Angeles,6,65,44915
2116,0.37733915,0.074484237,Los Angeles,6,65,44926
2117,0.36016995,0.085305385,Los Angeles,6,65,45110
2118,0.40019378,0.060951669,Los Angeles,6,65,45501
2119,0.29843077,0.03803974,Los Angeles,6,65,46102
2120,0.27779138,0.056558639,Los Angeles,6,65,46103
2121,0.29034701,0.030399853,Los Angeles,6,65,46200
2122,0.38275871,0.091218866,Los Angeles,6,65,46403
2123,0.32863432,0.033897676,Los Angeles,6,65,46500
2124,0.31113985,0.022096956,Los Angeles,6,65,46700
2125,0.31500986,0.017839227,Los Angeles,6,65,46800
2126,0.27675113,0.048484694,Los Angeles,6,65,47900
2127,0.37252593,0.092519239,Los Angeles,6,65,48100
2128,0.35992885,0.075104661,Los Angeles,6,65,48200
2129,0.33514279,0.023495568,Los Angeles,6,65,48300
2130,0.40552929,0.071240813,Los Angeles,6,65,48700
2131,0.33229733,0.023407657,Los Angeles,6,65,48800
2132,0.33678141,0.032665756,Los Angeles,6,65,48901
2133,0.31498778,0.021642674,Los Angeles,6,65,48902
2134,0.36228463,0.038224407,Los Angeles,6,65,49000
2135,0.41325977,0.063879587,Los Angeles,6,65,50300
2136,0.50208765,0.064665392,Los Angeles,6,65,50400
2137,0.31828627,0.047675628,Los Angeles,6,65,50500
2138,0.46192917,0.084438585,Los Angeles,6,65,50600
2139,0.33665201,0.070348307,Los Angeles,6,65,50700
2140,0.29203758,0.036350042,Los Angeles,6,65,50900
2141,0.3161056,0.029567229,Los Angeles,6,65,51100
2142,0.40627441,0.088978827,Los Angeles,6,65,51300
2143,0.33271399,0.069144838,Los Angeles,6,65,941000
2144,0.29363242,0.058208425,Los Angeles,6,65,941300
2145,0.39326483,0.06565579,Los Angeles,6,65,941400
2146,0.46246129,0.060341805,Los Angeles,6,71,103
2147,0.35478213,0.067727618,Los Angeles,6,71,104
2148,0.68603456,0.14655645,Los Angeles,6,71,105
2149,0.36914271,0.10166264,Los Angeles,6,71,107
2150,0.35602888,0.052326322,Los Angeles,6,71,108
2151,0.37077013,0.087648124,Los Angeles,6,71,109
2152,0.3794364,0.048744649,Los Angeles,6,71,113
2153,0.50207108,0.084668748,Los Angeles,6,71,115
2154,0.448652,0.068055272,Los Angeles,6,71,116
2155,0.40046051,0.090364158,Los Angeles,6,71,117
2156,0.56428075,0.14460455,Los Angeles,6,71,118
2157,0.32912454,0.029252384,Los Angeles,6,71,201
2158,0.43330491,0.050931953,Los Angeles,6,71,203
2159,0.42038852,0.048502695,Los Angeles,6,71,205
2160,0.29263523,0.050236914,Los Angeles,6,71,207
2161,0.33612916,0.050933626,Los Angeles,6,71,208
2162,0.27512941,0.021960381,Los Angeles,6,71,301
2163,0.14601709,0.057454817,Los Angeles,6,71,303
2164,0.34373122,0.07553339,Los Angeles,6,71,304
2165,0.55428189,0.077947751,Los Angeles,6,71,401
2166,0.36065948,0.04772336,Los Angeles,6,71,404
2167,0.39909324,0.056534223,Los Angeles,6,71,501
2168,0.35850969,0.033795878,Los Angeles,6,71,503
2169,0.13390222,0.074283078,Los Angeles,6,71,504
2170,0.29611912,0.030606804,Los Angeles,6,71,603
2171,0.3660427,0.044109143,Los Angeles,6,71,604
2172,0.23767197,0.040847816,Los Angeles,6,71,606
2173,0.35027725,0.039896231,Los Angeles,6,71,808
2174,0.31998691,0.050459564,Los Angeles,6,71,812
2175,0.33113155,0.11280438,Los Angeles,6,71,813
2176,0.3768734,0.098371677,Los Angeles,6,71,814
2177,0.51776457,0.11275695,Los Angeles,6,71,815
2178,0.31463832,0.076369785,Los Angeles,6,71,816
2179,0.36618373,0.071763858,Los Angeles,6,71,817
2180,0.28555965,0.040572129,Los Angeles,6,71,818
2181,0.3026607,0.11945237,Los Angeles,6,71,820
2182,0.32428953,0.049950611,Los Angeles,6,71,821
2183,0.38743445,0.029346535,Los Angeles,6,71,823
2184,0.31187108,0.027592033,Los Angeles,6,71,824
2185,0.30901214,0.025264079,Los Angeles,6,71,825
2186,0.40168232,0.048370663,Los Angeles,6,71,826
2187,0.36103642,0.035310876,Los Angeles,6,71,901
2188,0.31752959,0.021449653,Los Angeles,6,71,903
2189,0.31762457,0.04628088,Los Angeles,6,71,904
2190,0.31658831,0.027957182,Los Angeles,6,71,1001
2191,0.24820158,0.035418805,Los Angeles,6,71,1002
2192,0.34056595,0.045027792,Los Angeles,6,71,1101
2193,0.34694377,0.069204211,Los Angeles,6,71,1103
2194,0.34757853,0.056035344,Los Angeles,6,71,1104
2195,0.26694372,0.090794258,Los Angeles,6,71,1200
2196,0.32941422,0.044116445,Los Angeles,6,71,1305
2197,0.36114457,0.055396929,Los Angeles,6,71,1307
2198,0.31950894,0.036512788,Los Angeles,6,71,1308
2199,0.34799644,0.026247161,Los Angeles,6,71,1309
2200,0.31698862,0.05460405,Los Angeles,6,71,1310
2201,0.42418957,0.064222321,Los Angeles,6,71,1311
2202,0.36310515,0.03881726,Los Angeles,6,71,1312
2203,0.38645342,0.065763019,Los Angeles,6,71,1400
2204,0.31526062,0.020025095,Los Angeles,6,71,1504
2205,0.3121579,0.066272408,Los Angeles,6,71,1600
2206,0.39364663,0.03375449,Los Angeles,6,71,1702
2207,0.52740842,0.071094282,Los Angeles,6,71,1703
2208,0.29475132,0.03573424,Los Angeles,6,71,1704
2209,0.36280885,0.033814523,Los Angeles,6,71,1706
2210,0.29693794,0.030384939,Los Angeles,6,71,1707
2211,0.33412924,0.054964591,Los Angeles,6,71,1803
2212,0.36494362,0.036996357,Los Angeles,6,71,1804
2213,0.34976834,0.049136423,Los Angeles,6,71,1806
2214,0.37581873,0.047089588,Los Angeles,6,71,1808
2215,0.39858052,0.052658062,Los Angeles,6,71,1809
2216,0.27356598,0.03160882,Los Angeles,6,71,1810
2217,0.27512208,0.037701216,Los Angeles,6,71,1813
2218,0.41686341,0.08423955,Los Angeles,6,71,1901
2219,0.31636336,0.10635805,Los Angeles,6,71,1905
2220,0.34107324,0.030727288,Los Angeles,6,71,1906
2221,0.41523725,0.044188146,Los Angeles,6,71,2010
2222,0.52411109,0.11131068,Los Angeles,6,71,2011
2223,0.46132624,0.083318055,Los Angeles,6,71,2013
2224,0.23857652,0.074717678,Los Angeles,6,71,2014
2225,0.40628839,0.059830721,Los Angeles,6,71,2015
2226,0.497372,0.065689221,Los Angeles,6,71,2016
2227,0.3847079,0.1353502,Los Angeles,6,71,2017
2228,0.36070243,0.04523984,Los Angeles,6,71,2018
2229,0.37542257,0.036190715,Los Angeles,6,71,2019
2230,0.3438594,0.082433723,Los Angeles,6,71,2021
2231,0.54622871,0.061243549,Los Angeles,6,71,2022
2232,0.39712515,0.038314458,Los Angeles,6,71,2023
2233,0.25726283,0.044658165,Los Angeles,6,71,2025
2234,0.28993943,0.039183713,Los Angeles,6,71,2027
2235,0.25813821,0.034705605,Los Angeles,6,71,2028
2236,0.36773002,0.053294912,Los Angeles,6,71,2029
2237,0.37180126,0.061974481,Los Angeles,6,71,2031
2238,0.43120918,0.058082074,Los Angeles,6,71,2033
2239,0.48212352,0.055762447,Los Angeles,6,71,2034
2240,0.33091354,0.036642935,Los Angeles,6,71,2035
2241,0.34682834,0.024181047,Los Angeles,6,71,2036
2242,0.38824189,0.026394885,Los Angeles,6,71,2037
2243,0.39724487,0.037858468,Los Angeles,6,71,2038
2244,0.29567769,0.034229562,Los Angeles,6,71,2101
2245,0.35721031,0.026485622,Los Angeles,6,71,2103
2246,0.3035388,0.0388087,Los Angeles,6,71,2105
2247,0.37449291,0.030503334,Los Angeles,6,71,2107
2248,0.30998734,0.027079098,Los Angeles,6,71,2109
2249,0.30069423,0.030883502,Los Angeles,6,71,2110
2250,0.35360929,0.035630845,Los Angeles,6,71,2204
2251,0.26072294,0.02650441,Los Angeles,6,71,2206
2252,0.25605047,0.031180361,Los Angeles,6,71,2207
2253,0.32394606,0.022390317,Los Angeles,6,71,2301
2254,0.31239831,0.02336107,Los Angeles,6,71,2304
2255,0.30623111,0.022315646,Los Angeles,6,71,2305
2256,0.33798999,0.025529472,Los Angeles,6,71,2306
2257,0.33386904,0.031664658,Los Angeles,6,71,2307
2258,0.32830232,0.058159273,Los Angeles,6,71,2401
2259,0.27433246,0.026526699,Los Angeles,6,71,2402
2260,0.35331988,0.12373818,Los Angeles,6,71,2501
2261,0.36466303,0.042913284,Los Angeles,6,71,2502
2262,0.30157578,0.033655841,Los Angeles,6,71,2601
2263,0.332176,0.029041072,Los Angeles,6,71,2602
2264,0.36280483,0.036512714,Los Angeles,6,71,2604
2265,0.34609896,0.025056465,Los Angeles,6,71,2606
2266,0.29549155,0.022240471,Los Angeles,6,71,2607
2267,0.34321254,0.028740006,Los Angeles,6,71,2703
2268,0.37218091,0.02736887,Los Angeles,6,71,2704
2269,0.37875077,0.025047395,Los Angeles,6,71,2705
2270,0.33994418,0.022819581,Los Angeles,6,71,2706
2271,0.30780467,0.025905756,Los Angeles,6,71,2801
2272,0.27493882,0.026677556,Los Angeles,6,71,2803
2273,0.31392291,0.022292178,Los Angeles,6,71,2804
2274,0.40715033,0.039689649,Los Angeles,6,71,2901
2275,0.37488896,0.037563466,Los Angeles,6,71,2902
2276,0.3540408,0.05238609,Los Angeles,6,71,3000
2277,0.31065905,0.030712802,Los Angeles,6,71,3101
2278,0.2819075,0.02836293,Los Angeles,6,71,3102
2279,0.32278484,0.029816313,Los Angeles,6,71,3200
2280,0.3563368,0.038961738,Los Angeles,6,71,3301
2281,0.35112616,0.043479886,Los Angeles,6,71,3302
2282,0.29224402,0.028906239,Los Angeles,6,71,3401
2283,0.32235122,0.019368952,Los Angeles,6,71,3404
2284,0.31580701,0.016632037,Los Angeles,6,71,3405
2285,0.34847191,0.022130698,Los Angeles,6,71,3503
2286,0.33609438,0.01781706,Los Angeles,6,71,3505
2287,0.35383725,0.019344496,Los Angeles,6,71,3506
2288,0.36735958,0.020833494,Los Angeles,6,71,3507
2289,0.35979018,0.033518352,Los Angeles,6,71,3509
2290,0.31517628,0.015689559,Los Angeles,6,71,3510
2291,0.35952881,0.031009477,Los Angeles,6,71,3603
2292,0.35805476,0.0384956,Los Angeles,6,71,3605
2293,0.32263026,0.041543566,Los Angeles,6,71,3606
2294,0.29992688,0.02583077,Los Angeles,6,71,3607
2295,0.37643188,0.029965136,Los Angeles,6,71,3609
2296,0.33275253,0.023918143,Los Angeles,6,71,3611
2297,0.30653608,0.025955722,Los Angeles,6,71,3612
2298,0.33583057,0.029557021,Los Angeles,6,71,3700
2299,0.33353668,0.018100007,Los Angeles,6,71,3801
2300,0.32117701,0.023223439,Los Angeles,6,71,3803
2301,0.31902903,0.017470876,Los Angeles,6,71,3804
2302,0.28697571,0.034388486,Los Angeles,6,71,3900
2303,0.36502057,0.066498257,Los Angeles,6,71,4001
2304,0.36891589,0.05074029,Los Angeles,6,71,4003
2305,0.33223808,0.054987192,Los Angeles,6,71,4004
2306,0.36410293,0.046013743,Los Angeles,6,71,4101
2307,0.29514113,0.026439037,Los Angeles,6,71,4103
2308,0.34402865,0.055607386,Los Angeles,6,71,4104
2309,0.28995559,0.01111932,Los Angeles,6,71,4201
2310,0.29793656,0.016463816,Los Angeles,6,71,4202
2311,0.30797857,0.017671477,Los Angeles,6,71,4301
2312,0.30244538,0.028516954,Los Angeles,6,71,4302
2313,0.33168668,0.037230093,Los Angeles,6,71,4401
2314,0.29991078,0.022408001,Los Angeles,6,71,4403
2315,0.30740508,0.026858402,Los Angeles,6,71,4404
2316,0.24447688,0.073544204,Los Angeles,6,71,4503
2317,0.36419976,0.02939955,Los Angeles,6,71,4504
2318,0.28319669,0.020677041,Los Angeles,6,71,4505
2319,0.3818782,0.03086248,Los Angeles,6,71,4507
2320,0.36616656,0.034866061,Los Angeles,6,71,4509
2321,0.34951419,0.028784147,Los Angeles,6,71,4510
2322,0.35019016,0.024638072,Los Angeles,6,71,4601
2323,0.28783026,0.023829706,Los Angeles,6,71,4603
2324,0.33306488,0.026179856,Los Angeles,6,71,4604
2325,0.30628005,0.025661031,Los Angeles,6,71,4700
2326,0.089279614,0.048595812,Los Angeles,6,71,4800
2327,0.30476752,0.031446531,Los Angeles,6,71,4900
2328,0.31041119,0.026199667,Los Angeles,6,71,5100
2329,0.33154839,0.035967499,Los Angeles,6,71,5200
2330,0.32383394,0.028115548,Los Angeles,6,71,5300
2331,0.33436701,0.020909769,Los Angeles,6,71,5400
2332,0.29677257,0.0181219,Los Angeles,6,71,5500
2333,0.29365757,0.022955729,Los Angeles,6,71,5600
2334,0.3091034,0.04484294,Los Angeles,6,71,5701
2335,0.24528515,0.021824926,Los Angeles,6,71,5800
2336,0.28972569,0.020814147,Los Angeles,6,71,6100
2337,0.2449376,0.036574572,Los Angeles,6,71,6201
2338,0.3398639,0.01778785,Los Angeles,6,71,6203
2339,0.32201537,0.020290829,Los Angeles,6,71,6204
2340,0.29496306,0.023326535,Los Angeles,6,71,6301
2341,0.31543678,0.020781368,Los Angeles,6,71,6302
2342,0.32882437,0.039181083,Los Angeles,6,71,6401
2343,0.28672865,0.018173458,Los Angeles,6,71,6402
2344,0.33171237,0.021794731,Los Angeles,6,71,6500
2345,0.31866214,0.050520502,Los Angeles,6,71,6603
2346,0.35014752,0.06432502,Los Angeles,6,71,6604
2347,0.36613691,0.036277428,Los Angeles,6,71,7000
2348,0.45755503,0.081778593,Los Angeles,6,71,7104
2349,0.39134434,0.069111049,Los Angeles,6,71,7105
2350,0.37358415,0.05911269,Los Angeles,6,71,7106
2351,0.35199559,0.031313676,Los Angeles,6,71,7107
2352,0.3017118,0.025084065,Los Angeles,6,71,7108
2353,0.3185457,0.020668127,Los Angeles,6,71,7109
2354,0.41768736,0.048472237,Los Angeles,6,71,7110
2355,0.34119007,0.028999165,Los Angeles,6,71,7200
2356,0.32974902,0.06195078,Los Angeles,6,71,7302
2357,0.2786493,0.031434536,Los Angeles,6,71,7303
2358,0.41011158,0.035927758,Los Angeles,6,71,7305
2359,0.37725863,0.037582997,Los Angeles,6,71,7306
2360,0.29166904,0.022158325,Los Angeles,6,71,7403
2361,0.34675351,0.045008991,Los Angeles,6,71,7404
2362,0.3032774,0.019105144,Los Angeles,6,71,7407
2363,0.30711624,0.02611886,Los Angeles,6,71,7408
2364,0.30791128,0.024058672,Los Angeles,6,71,7409
2365,0.36528185,0.02765926,Los Angeles,6,71,7410
2366,0.34087726,0.02364747,Los Angeles,6,71,7601
2367,0.32870778,0.023284178,Los Angeles,6,71,7603
2368,0.33590096,0.039971001,Los Angeles,6,71,7604
2369,0.37887353,0.034902029,Los Angeles,6,71,7800
2370,0.21157637,0.062597997,Los Angeles,6,71,7901
2371,0.37173873,0.063153297,Los Angeles,6,71,7903
2372,0.36629641,0.08658205,Los Angeles,6,71,7904
2373,0.33687392,0.03215253,Los Angeles,6,71,8001
2374,0.31293568,0.022722019,Los Angeles,6,71,8002
2375,0.27755004,0.033384543,Los Angeles,6,71,8100
2376,0.33882743,0.061911635,Los Angeles,6,71,8301
2377,0.33653978,0.035604995,Los Angeles,6,71,8401
2378,0.20875606,0.041962739,Los Angeles,6,71,8402
2379,0.39369753,0.064213999,Los Angeles,6,71,8403
2380,0.34003943,0.039215744,Los Angeles,6,71,8404
2381,0.40880609,0.049269132,Los Angeles,6,71,8601
2382,0.41146082,0.092499129,Los Angeles,6,71,8706
2383,0.27906397,0.023905577,Los Angeles,6,71,9110
2384,0.32164538,0.027430672,Los Angeles,6,71,9112
2385,0.28505409,0.024115009,Los Angeles,6,71,9114
2386,0.29025224,0.025542602,Los Angeles,6,71,9116
2387,0.35226768,0.037959952,Los Angeles,6,71,9117
2388,0.34143159,0.02749873,Los Angeles,6,71,9118
2389,0.33095866,0.035643987,Los Angeles,6,71,9400
2390,0.34875032,0.025187908,Los Angeles,6,71,9500
2391,0.37911192,0.069466256,Los Angeles,6,71,9708
2392,0.31102511,0.026759611,Los Angeles,6,71,9709
2393,0.28441992,0.023092667,Los Angeles,6,71,9710
2394,0.40057424,0.043855712,Los Angeles,6,71,9711
2395,0.322503,0.028894991,Los Angeles,6,71,9712
2396,0.37872386,0.040059987,Los Angeles,6,71,9713
2397,0.37875772,0.048639044,Los Angeles,6,71,9714
2398,0.24691835,0.029297428,Los Angeles,6,71,9715
2399,0.33893469,0.031471252,Los Angeles,6,71,9716
2400,0.2784529,0.060831226,Los Angeles,6,71,9717
2401,0.33964354,0.048838053,Los Angeles,6,71,9800
2402,0.30600008,0.018882846,Los Angeles,6,71,9904
2403,0.29726309,0.025969639,Los Angeles,6,71,9905
2404,0.32365561,0.027260758,Los Angeles,6,71,9906
2405,0.37262082,0.03532939,Los Angeles,6,71,9908
2406,0.27289397,0.026758201,Los Angeles,6,71,9910
2407,0.31915671,0.033553813,Los Angeles,6,71,9911
2408,0.33933491,0.041865598,Los Angeles,6,71,9912
2409,0.25885665,0.035114769,Los Angeles,6,71,9913
2410,0.32447988,0.040667582,Los Angeles,6,71,10010
2411,0.30825213,0.041032728,Los Angeles,6,71,10011
2412,0.30467153,0.053912576,Los Angeles,6,71,10012
2413,0.28367695,0.035505876,Los Angeles,6,71,10013
2414,0.29723126,0.050420668,Los Angeles,6,71,10014
2415,0.29989198,0.051076055,Los Angeles,6,71,10015
2416,0.26762035,0.031515371,Los Angeles,6,71,10016
2417,0.45601475,0.066597611,Los Angeles,6,71,10017
2418,0.39409378,0.058029529,Los Angeles,6,71,10018
2419,0.3449851,0.077689856,Los Angeles,6,71,10019
2420,0.29370663,0.041194845,Los Angeles,6,71,10020
2421,0.28567308,0.050314087,Los Angeles,6,71,10021
2422,0.22069773,0.053207163,Los Angeles,6,71,10022
2423,0.27364764,0.072565511,Los Angeles,6,71,10023
2424,0.2979953,0.065216199,Los Angeles,6,71,10024
2425,0.33720496,0.04119039,Los Angeles,6,71,10025
2426,0.39646408,0.047277771,Los Angeles,6,71,10026
2427,0.2332741,0.054385941,Los Angeles,6,71,10409
2428,0.35699385,0.054754235,Los Angeles,6,71,10413
2429,0.31277633,0.032424498,Los Angeles,6,71,10415
2430,0.37983707,0.027441097,Los Angeles,6,71,10421
2431,0.30162233,0.075863868,Los Angeles,6,71,10422
2432,0.38843644,0.0530289,Los Angeles,6,71,11800
2433,0.4148038,0.082027704,Los Angeles,6,71,11900
2434,0.31739813,0.027081873,Los Angeles,6,71,12001
2435,0.35385531,0.025001196,Los Angeles,6,71,12002
2436,0.29499331,0.039796583,Los Angeles,6,71,12101
2437,0.34839237,0.039323889,Los Angeles,6,71,12400
2438,0.366254,0.049171329,Los Angeles,6,71,12700
2439,0.36807594,0.017415857,Los Angeles,6,71,25000
2440,0.38908961,0.049620025,Los Angeles,6,71,980200
2441,0.27520972,0.054920971,San Francisco,6,75,10100
2442,0.25110793,0.035158105,San Francisco,6,75,12401
2443,0.25372383,0.052633133,San Francisco,6,75,12501
2444,0.34786081,0.065969631,San Francisco,6,75,15400
2445,0.33021677,0.028585514,San Francisco,6,75,15500
2446,0.33610773,0.043097284,San Francisco,6,75,15700
2447,0.34255695,0.022155046,San Francisco,6,75,15801
2448,0.34112251,0.032645609,San Francisco,6,75,15802
2449,0.31557998,0.035507482,San Francisco,6,75,15900
2450,0.37298322,0.017660052,San Francisco,6,75,16100
2451,0.38123044,0.065812103,San Francisco,6,75,16200
2452,0.32929397,0.019155266,San Francisco,6,75,16300
2453,0.39389381,0.036531433,San Francisco,6,75,16400
2454,0.36142796,0.049465951,San Francisco,6,75,16500
2455,0.42237797,0.061168224,San Francisco,6,75,16600
2456,0.3452177,0.047796652,San Francisco,6,75,16700
2457,0.48546955,0.063832492,San Francisco,6,75,16801
2458,0.33043045,0.040569969,San Francisco,6,75,16802
2459,0.36098886,0.071068592,San Francisco,6,75,17601
2460,0.34809434,0.036067177,San Francisco,6,75,17902
2461,0.32485187,0.055210501,San Francisco,6,75,20200
2462,0.42826197,0.067810848,San Francisco,6,75,21600
2463,0.37874177,0.046212334,San Francisco,6,75,21700
2464,0.37313458,0.030149585,San Francisco,6,75,23001
2465,0.36507013,0.023582472,San Francisco,6,75,23003
2466,0.31672978,0.014305718,San Francisco,6,75,23102
2467,0.28699934,0.013168124,San Francisco,6,75,23103
2468,0.33014277,0.016115639,San Francisco,6,75,23200
2469,0.3566882,0.043616734,San Francisco,6,75,23300
2470,0.30468327,0.018027304,San Francisco,6,75,23400
2471,0.21323584,0.062236011,San Francisco,6,75,25100
2472,0.36439288,0.067288801,San Francisco,6,75,25200
2473,0.3585934,0.08824946,San Francisco,6,75,25402
2474,0.21735166,0.039156556,San Francisco,6,75,25403
2475,0.38220939,0.065395854,San Francisco,6,75,25600
2476,0.36639321,0.057570592,San Francisco,6,75,25701
2477,0.40980643,0.061942168,San Francisco,6,75,25702
2478,0.34523356,0.052494183,San Francisco,6,75,25800
2479,0.37751222,0.043576192,San Francisco,6,75,25900
2480,0.54392225,0.072047889,San Francisco,6,75,26200
2481,0.21616924,0.054757491,San Francisco,6,75,26302
2482,0.30787608,0.040844642,San Francisco,6,75,26401
2483,0.39758092,0.040663548,San Francisco,6,75,26402
2484,0.29901099,0.043544501,San Francisco,6,75,26403
2485,0.32054755,0.02909616,San Francisco,6,75,26404
2486,0.37884039,0.085802764,San Francisco,6,75,30700
2487,0.2858181,0.055050477,San Francisco,6,75,30900
2488,0.48093569,0.083980031,San Francisco,6,75,31100
2489,0.36652103,0.036560532,San Francisco,6,75,31201
2490,0.34186015,0.042712655,San Francisco,6,75,31202
2491,0.31257001,0.034152459,San Francisco,6,75,31301
2492,0.32379559,0.025361409,San Francisco,6,75,31302
2493,0.35722485,0.022281934,San Francisco,6,75,31400
2494,0.58358908,0.094510779,San Francisco,6,75,33203
2495,0.33406824,0.078163281,San Francisco,6,75,33204
2496,0.39434576,0.091946796,San Francisco,6,75,35400
2497,0.40982673,0.034870673,San Francisco,6,75,60100
2498,0.25963891,0.022054235,San Francisco,6,75,60502
2499,0.33708477,0.040507153,San Francisco,6,75,61000
2500,0.3332243,0.022492712,San Francisco,6,75,61200
2501,0.26600507,0.020311818,San Francisco,6,75,61400
2502,0.3053785,0.071991868,San Francisco,6,75,61500
2503,0.32558352,0.047340393,San Francisco,6,75,980600
2504,0.34316325,0.040492181,San Francisco,6,81,600200
2505,0.33227611,0.05988124,San Francisco,6,81,600401
2506,0.38177124,0.06021899,San Francisco,6,81,600402
2507,0.25536713,0.045999099,San Francisco,6,81,600500
2508,0.34281012,0.050600752,San Francisco,6,81,600600
2509,0.420439,0.062416978,San Francisco,6,81,600700
2510,0.42919984,0.035578314,San Francisco,6,81,600800
2511,0.48118976,0.03842438,San Francisco,6,81,601000
2512,0.36267906,0.11396686,San Francisco,6,81,601100
2513,0.48870656,0.052950807,San Francisco,6,81,601200
2514,0.31069556,0.033240475,San Francisco,6,81,601300
2515,0.297591,0.053491887,San Francisco,6,81,601400
2516,0.22255254,0.054343648,San Francisco,6,81,601501
2517,0.39337888,0.045526557,San Francisco,6,81,601502
2518,0.2555767,0.05245534,San Francisco,6,81,601603
2519,0.36497188,0.067584723,San Francisco,6,81,601605
2520,0.35458818,0.074211292,San Francisco,6,81,601901
2521,0.52918333,0.069905989,San Francisco,6,81,601902
2522,0.46681809,0.078629307,San Francisco,6,81,602000
2523,0.3949407,0.062255483,San Francisco,6,81,602100
2524,0.36345822,0.055182565,San Francisco,6,81,602200
2525,0.23939879,0.074583083,San Francisco,6,81,602300
2526,0.47305641,0.087443203,San Francisco,6,81,602400
2527,0.42918649,0.072244361,San Francisco,6,81,602500
2528,0.42185274,0.050444763,San Francisco,6,81,602600
2529,0.35436752,0.040369343,San Francisco,6,81,602700
2530,0.35939413,0.050519094,San Francisco,6,81,602800
2531,0.28033233,0.060564037,San Francisco,6,81,602900
2532,0.3510547,0.057481106,San Francisco,6,81,604101
2533,0.31794205,0.07879664,San Francisco,6,81,604102
2534,0.39497995,0.082259208,San Francisco,6,81,605900
2535,0.44857886,0.091522574,San Francisco,6,81,606000
2536,0.444792,0.075541504,San Francisco,6,81,606100
2537,0.3803387,0.032934252,San Francisco,6,81,606200
2538,0.19595836,0.061102338,San Francisco,6,81,606300
2539,0.31874186,0.064863063,San Francisco,6,81,608004
2540,0.31027436,0.051830471,San Francisco,6,81,608400
2541,0.36212578,0.054429881,San Francisco,6,81,610201
2542,0.30408001,0.061722718,San Francisco,6,81,610400
2543,0.3325271,0.068836756,San Francisco,6,81,610500
2544,0.37032712,0.055063266,San Francisco,6,81,610700
2545,0.40001291,0.062262952,San Francisco,6,81,610800
2546,0.25940216,0.043688994,San Francisco,6,81,610900
2547,0.20506197,0.074692659,San Francisco,6,81,611000
2548,0.33063316,0.016827609,San Francisco,6,81,611700
2549,0.32733864,0.019320948,San Francisco,6,81,611800
2550,0.32783273,0.016748004,San Francisco,6,81,611900
2551,0.34006974,0.022566717,San Francisco,6,81,612000
2552,0.31116959,0.020689307,San Francisco,6,81,612100
2553,0.4564279,0.086285047,San Francisco,6,81,613900
2554,0.31516376,0.058641758,San Francisco,6,81,614000
2555,0.34871453,0.024204537,San Francisco,6,95,250103
2556,0.43631977,0.044690825,San Francisco,6,95,250104
2557,0.4081398,0.029390674,San Francisco,6,95,250105
2558,0.31784004,0.082583897,San Francisco,6,95,250106
2559,0.32659477,0.031448137,San Francisco,6,95,250200
2560,0.28936094,0.028669551,San Francisco,6,95,250300
2561,0.30178514,0.030054785,San Francisco,6,95,250400
2562,0.3011134,0.052276734,San Francisco,6,95,250501
2563,0.34188551,0.038577173,San Francisco,6,95,250502
2564,0.34688902,0.022130832,San Francisco,6,95,250601
2565,0.30162022,0.033694606,San Francisco,6,95,250604
2566,0.33006868,0.044259664,San Francisco,6,95,250605
2567,0.30664024,0.020481514,San Francisco,6,95,250701
2568,0.2933529,0.016848922,San Francisco,6,95,250801
2569,0.34201545,0.024060557,San Francisco,6,95,250900
2570,0.30864599,0.0286119,San Francisco,6,95,251000
2571,0.34688914,0.031865112,San Francisco,6,95,251100
2572,0.31663209,0.021817837,San Francisco,6,95,251200
2573,0.27785158,0.042452872,San Francisco,6,95,251300
2574,0.37029043,0.02765651,San Francisco,6,95,251400
2575,0.32490101,0.021382473,San Francisco,6,95,251500
2576,0.35899049,0.025523724,San Francisco,6,95,251600
2577,0.31340393,0.019777909,San Francisco,6,95,251701
2578,0.36180869,0.02603071,San Francisco,6,95,251702
2579,0.25449052,0.034030162,San Francisco,6,95,251802
2580,0.38965869,0.0301129,San Francisco,6,95,251803
2581,0.2887933,0.023435561,San Francisco,6,95,251804
2582,0.36735922,0.019758075,San Francisco,6,95,251901
2583,0.33175567,0.017757155,San Francisco,6,95,251902
2584,0.32655996,0.014672806,San Francisco,6,95,251903
2585,0.40459117,0.083996251,San Francisco,6,95,252000
2586,0.42058975,0.082920231,San Francisco,6,95,252102
2587,0.382682,0.028374745,San Francisco,6,95,252103
2588,0.52853572,0.090775825,San Francisco,6,95,252104
2589,0.35411528,0.10177589,San Francisco,6,95,252105
2590,0.50143349,0.054017935,San Francisco,6,95,252106
2591,0.42686844,0.068721578,San Francisco,6,95,252107
2592,0.56107533,0.079208747,San Francisco,6,95,252108
2593,0.42633674,0.081406295,San Francisco,6,95,252201
2594,0.35126105,0.047432054,San Francisco,6,95,252202
2595,0.41098753,0.079009205,San Francisco,6,95,252305
2596,0.28528377,0.046309572,San Francisco,6,95,252306
2597,0.3254554,0.068662181,San Francisco,6,95,252311
2598,0.40296948,0.048782326,San Francisco,6,95,252312
2599,0.33394071,0.033737108,San Francisco,6,95,252313
2600,0.33469161,0.031402119,San Francisco,6,95,252314
2601,0.45952368,0.047973622,San Francisco,6,95,252315
2602,0.38113454,0.035384692,San Francisco,6,95,252316
2603,0.44115096,0.062223781,San Francisco,6,95,252317
2604,0.28336063,0.02444463,San Francisco,6,95,252401
2605,0.34431267,0.02743979,San Francisco,6,95,252402
2606,0.28530788,0.033178773,San Francisco,6,95,252501
2607,0.29765171,0.033666234,San Francisco,6,95,252502
2608,0.34614149,0.025779502,San Francisco,6,95,252604
2609,0.31780261,0.01965325,San Francisco,6,95,252605
2610,0.33956772,0.027050266,San Francisco,6,95,252606
2611,0.34824657,0.028432598,San Francisco,6,95,252607
2612,0.34323764,0.021486185,San Francisco,6,95,252608
2613,0.38290089,0.032084633,San Francisco,6,95,252610
2614,0.37625465,0.02122763,San Francisco,6,95,252611
2615,0.38027442,0.034958243,San Francisco,6,95,252702
2616,0.34436026,0.034489457,San Francisco,6,95,252703
2617,0.3564162,0.020620413,San Francisco,6,95,252704
2618,0.33695963,0.023658227,San Francisco,6,95,252705
2619,0.30774337,0.076639995,San Francisco,6,95,252706
2620,0.30581933,0.025578497,San Francisco,6,95,252707
2621,0.39174882,0.026086535,San Francisco,6,95,252801
2622,0.37733603,0.050759144,San Francisco,6,95,252802
2623,0.35987884,0.034789089,San Francisco,6,95,252908
2624,0.39855921,0.05989166,San Francisco,6,95,252909
2625,0.47022495,0.054092869,San Francisco,6,95,252910
2626,0.31309626,0.050426956,San Francisco,6,95,252911
2627,0.47481376,0.062484223,San Francisco,6,95,252912
2628,0.34492052,0.044371936,San Francisco,6,95,252913
2629,0.36924267,0.044098902,San Francisco,6,95,252914
2630,0.31478301,0.062888518,San Francisco,6,95,252915
2631,0.38228458,0.06339056,San Francisco,6,95,253101
2632,0.33611488,0.032369386,San Francisco,6,95,253105
2633,0.35598385,0.043080907,San Francisco,6,95,253106
2634,0.3194553,0.024500389,San Francisco,6,95,253107
2635,0.3356365,0.047212359,San Francisco,6,95,253108
2636,0.31953526,0.043948743,San Francisco,6,95,253203
2637,0.34982228,0.048301168,San Francisco,6,95,253204
2638,0.17255189,0.072200879,San Francisco,6,95,253205
2639,0.50964117,0.086432271,San Francisco,6,95,253403
2640,0.31143361,0.09959624,San Francisco,6,95,253404
2641,0.31716114,0.083371118,San Francisco,6,95,253500
2642,0.3601279,0.086756222,Los Angeles,6,111,1301
2643,0.36716792,0.067762919,Los Angeles,6,111,1502
2644,0.37913251,0.082944207,Los Angeles,6,111,1503
2645,0.4494012,0.070252039,Los Angeles,6,111,2200
2646,0.31484243,0.0535313,Los Angeles,6,111,2300
2647,0.36935303,0.069283977,Los Angeles,6,111,2905
2648,0.37661043,0.084145688,Los Angeles,6,111,3010
2649,0.26471716,0.055126838,Los Angeles,6,111,3011
2650,0.26350552,0.070535913,Los Angeles,6,111,3013
2651,0.30773529,0.066121638,Los Angeles,6,111,3100
2652,0.38955483,0.050957456,Los Angeles,6,111,3300
2653,0.38848212,0.046573084,Los Angeles,6,111,3605
2654,0.36389974,0.056700896,Los Angeles,6,111,3608
2655,0.36360717,0.053836897,Los Angeles,6,111,3700
2656,0.29678127,0.057629917,Los Angeles,6,111,3801
2657,0.52043766,0.079278052,Los Angeles,6,111,4000
2658,0.29143733,0.059358664,Los Angeles,6,111,4101
2659,0.22388841,0.053361326,Los Angeles,6,111,4200
2660,0.33917558,0.030640651,Los Angeles,6,111,4304
2661,0.32597101,0.055757903,Los Angeles,6,111,4305
2662,0.43275869,0.044647429,Los Angeles,6,111,4400
2663,0.41253769,0.049906343,Los Angeles,6,111,4504
2664,0.35889399,0.075300716,Los Angeles,6,111,4505
2665,0.23117025,0.028765185,Los Angeles,6,111,4506
2666,0.44224924,0.059679784,Los Angeles,6,111,4600
2667,0.33060506,0.045262504,Los Angeles,6,111,4710
2668,0.32376882,0.074715234,Los Angeles,6,111,4711
2669,0.32555726,0.052421622,Los Angeles,6,111,4715
2670,0.39195833,0.076989487,Los Angeles,6,111,4716
2671,0.4454076,0.071599975,Los Angeles,6,111,4901
2672,0.33272892,0.06895224,Los Angeles,6,111,5502
2673,0.2510235,0.044966936,Los Angeles,6,111,5503
2674,0.47209492,0.089766435,Los Angeles,6,111,7100
2675,0.54360759,0.087393463,Los Angeles,6,111,7514
2676,0.29902866,0.068896227,Los Angeles,6,111,7612
2677,0.23112503,0.090670355,Los Angeles,6,111,7614
2678,0.40480432,0.10574476,Los Angeles,6,111,8306
2679,0.34692058,0.037907433,Los Angeles,6,111,8600
2680,0.38265175,0.090212665,Los Angeles,6,111,8700
2681,0.37196055,0.051016733,Los Angeles,6,111,8800
2682,0.43611303,0.077230923,Los Angeles,6,111,9100
2683,0.33983958,0.045688964,Bridgeport,9,1,10500
2684,0.49074048,0.08148136,Bridgeport,9,1,10700
2685,0.36584422,0.081424974,Bridgeport,9,1,10900
2686,0.38729694,0.026862822,Bridgeport,9,1,20100
2687,0.25421825,0.1190982,Bridgeport,9,1,20300
2688,0.27701679,0.10036952,Bridgeport,9,1,20500
2689,0.48364225,0.086869724,Bridgeport,9,1,20600
2690,0.47134158,0.084067509,Bridgeport,9,1,20900
2691,0.43832639,0.062891372,Bridgeport,9,1,21000
2692,0.41041723,0.059220381,Bridgeport,9,1,21100
2693,0.41002896,0.086394534,Bridgeport,9,1,21200
2694,0.36510023,0.035606071,Bridgeport,9,1,21300
2695,0.41401032,0.015273348,Bridgeport,9,1,21400
2696,0.3738353,0.015088064,Bridgeport,9,1,21500
2697,0.42554459,0.03478045,Bridgeport,9,1,21600
2698,0.43628895,0.027737543,Bridgeport,9,1,21700
2699,0.39479786,0.050454769,Bridgeport,9,1,21801
2700,0.39823741,0.019714249,Bridgeport,9,1,21802
2701,0.50615788,0.055794343,Bridgeport,9,1,21900
2702,0.3598201,0.027387477,Bridgeport,9,1,22000
2703,0.46552613,0.028376719,Bridgeport,9,1,22100
2704,0.36026639,0.02570527,Bridgeport,9,1,22200
2705,0.36423779,0.016521333,Bridgeport,9,1,22300
2706,0.44378024,0.11590616,Bridgeport,9,1,42600
2707,0.27040929,0.054329459,Bridgeport,9,1,42700
2708,0.50938791,0.068383783,Bridgeport,9,1,42800
2709,0.46516758,0.075405501,Bridgeport,9,1,43100
2710,0.33943772,0.032572992,Bridgeport,9,1,43200
2711,0.39272216,0.048952144,Bridgeport,9,1,43300
2712,0.27696767,0.025533542,Bridgeport,9,1,43400
2713,0.45799124,0.073156789,Bridgeport,9,1,43500
2714,0.23936892,0.061420262,Bridgeport,9,1,43600
2715,0.35630268,0.028856056,Bridgeport,9,1,43700
2716,0.37091058,0.03023364,Bridgeport,9,1,43800
2717,0.43343341,0.047875047,Bridgeport,9,1,43900
2718,0.37548432,0.026151102,Bridgeport,9,1,44000
2719,0.33194679,0.023754485,Bridgeport,9,1,44100
2720,0.35133138,0.043759283,Bridgeport,9,1,44200
2721,0.36411992,0.11387727,Bridgeport,9,1,44300
2722,0.35232154,0.022939546,Bridgeport,9,1,44400
2723,0.34811038,0.024896864,Bridgeport,9,1,44500
2724,0.38068318,0.041072275,Bridgeport,9,1,70100
2725,0.36520377,0.023061806,Bridgeport,9,1,70200
2726,0.2057271,0.025248634,Bridgeport,9,1,70300
2727,0.3493939,0.039044708,Bridgeport,9,1,70400
2728,0.35293087,0.030040447,Bridgeport,9,1,70500
2729,0.29398161,0.022295123,Bridgeport,9,1,70600
2730,0.29990104,0.019673655,Bridgeport,9,1,70900
2731,0.35489133,0.018112915,Bridgeport,9,1,71000
2732,0.37611446,0.017859116,Bridgeport,9,1,71100
2733,0.31926525,0.015329968,Bridgeport,9,1,71200
2734,0.3389762,0.019149616,Bridgeport,9,1,71300
2735,0.34449482,0.021381214,Bridgeport,9,1,71400
2736,0.40219703,0.029682014,Bridgeport,9,1,71600
2737,0.32501805,0.022446319,Bridgeport,9,1,71900
2738,0.39262581,0.027528465,Bridgeport,9,1,72000
2739,0.37426221,0.027889702,Bridgeport,9,1,72100
2740,0.33220923,0.031338565,Bridgeport,9,1,72200
2741,0.36997285,0.029381631,Bridgeport,9,1,72300
2742,0.39312303,0.0314692,Bridgeport,9,1,72400
2743,0.40252489,0.033200089,Bridgeport,9,1,72500
2744,0.34907266,0.03635693,Bridgeport,9,1,72600
2745,0.37408018,0.027653731,Bridgeport,9,1,72700
2746,0.32664147,0.013267975,Bridgeport,9,1,72800
2747,0.38142288,0.018262971,Bridgeport,9,1,72900
2748,0.40160945,0.040178731,Bridgeport,9,1,73000
2749,0.33039305,0.020815764,Bridgeport,9,1,73100
2750,0.3149839,0.025135605,Bridgeport,9,1,73200
2751,0.33529785,0.017841334,Bridgeport,9,1,73300
2752,0.35877615,0.021261547,Bridgeport,9,1,73400
2753,0.36533168,0.02289686,Bridgeport,9,1,73500
2754,0.37472177,0.02857958,Bridgeport,9,1,73600
2755,0.31146145,0.015653167,Bridgeport,9,1,73700
2756,0.3991046,0.036568571,Bridgeport,9,1,73800
2757,0.36854678,0.026245771,Bridgeport,9,1,73900
2758,0.30788934,0.028058402,Bridgeport,9,1,74000
2759,0.31904712,0.013827347,Bridgeport,9,1,74300
2760,0.29179737,0.012092532,Bridgeport,9,1,74400
2761,0.43403694,0.04702235,Bridgeport,9,1,80100
2762,0.32524076,0.035183784,Bridgeport,9,1,80200
2763,0.33978984,0.017361002,Bridgeport,9,1,80400
2764,0.34837425,0.07493604,Bridgeport,9,1,80600
2765,0.54674399,0.082028382,Bridgeport,9,1,80900
2766,0.37609959,0.067883275,Bridgeport,9,1,81000
2767,0.60160238,0.067884997,Bridgeport,9,1,90400
2768,0.36090201,0.11181257,Bridgeport,9,1,100200
2769,0.35863292,0.034274034,Bridgeport,9,1,210100
2770,0.33509359,0.037856132,Bridgeport,9,1,210200
2771,0.49325606,0.06983269,Bridgeport,9,1,210300
2772,0.37179518,0.033684365,Bridgeport,9,1,210400
2773,0.26325119,0.050027646,Bridgeport,9,1,210500
2774,0.31996238,0.037296157,Bridgeport,9,1,210600
2775,0.37056676,0.038885899,Bridgeport,9,1,210701
2776,0.30185863,0.040147293,Bridgeport,9,1,210702
2777,0.25360477,0.042849522,Bridgeport,9,1,210800
2778,0.43314642,0.086554639,Bridgeport,9,1,211000
2779,0.54427409,0.068777703,Bridgeport,9,1,211200
2780,0.059043191,0.081388347,Bridgeport,9,1,211300
2781,0.3900871,0.022378853,Bridgeport,9,1,257200
2782,0.37095705,0.067068897,Bridgeport,9,3,405402
2783,0.2809636,0.04712785,Bridgeport,9,3,405500
2784,0.34653702,0.069928721,Bridgeport,9,3,405600
2785,0.37321761,0.079061322,Bridgeport,9,3,405800
2786,0.30842015,0.051874682,Bridgeport,9,3,406001
2787,0.3601495,0.051849511,Bridgeport,9,3,406100
2788,0.36301422,0.060996525,Bridgeport,9,3,415300
2789,0.3798793,0.034449872,Bridgeport,9,3,415400
2790,0.30128306,0.040159084,Bridgeport,9,3,415500
2791,0.36310169,0.044938374,Bridgeport,9,3,415600
2792,0.43599197,0.067416377,Bridgeport,9,3,415700
2793,0.30873606,0.048774656,Bridgeport,9,3,415800
2794,0.27452222,0.057095207,Bridgeport,9,3,415900
2795,0.44229922,0.050970405,Bridgeport,9,3,416100
2796,0.34860927,0.034855094,Bridgeport,9,3,416200
2797,0.37600505,0.041185904,Bridgeport,9,3,416300
2798,0.43292138,0.082479537,Bridgeport,9,3,416400
2799,0.40969041,0.032271903,Bridgeport,9,3,416500
2800,0.30257636,0.047210649,Bridgeport,9,3,416600
2801,0.35660058,0.029926352,Bridgeport,9,3,416700
2802,0.34521917,0.059779514,Bridgeport,9,3,416800
2803,0.42708987,0.064185247,Bridgeport,9,3,417100
2804,0.41124538,0.061911538,Bridgeport,9,3,417200
2805,0.69923562,0.090310514,Bridgeport,9,3,417400
2806,0.38332227,0.11212377,Bridgeport,9,3,417500
2807,0.47316581,0.071323715,Bridgeport,9,3,420500
2808,0.25484431,0.10996474,Bridgeport,9,3,420600
2809,0.18719783,0.049263224,Bridgeport,9,3,466201
2810,0.36711159,0.015655572,Bridgeport,9,3,471100
2811,0.34138551,0.015519688,Bridgeport,9,3,471200
2812,0.41914064,0.025678737,Bridgeport,9,3,471300
2813,0.36137483,0.032340255,Bridgeport,9,3,471400
2814,0.36323932,0.022795111,Bridgeport,9,3,471500
2815,0.45238179,0.02673501,Bridgeport,9,3,473100
2816,0.34253114,0.045406729,Bridgeport,9,3,473400
2817,0.34652188,0.061528221,Bridgeport,9,3,473501
2818,0.36998537,0.041751932,Bridgeport,9,3,473502
2819,0.51600456,0.070298888,Bridgeport,9,3,473601
2820,0.38038826,0.050743509,Bridgeport,9,3,473602
2821,0.44293401,0.021717794,Bridgeport,9,3,473700
2822,0.43350613,0.029408544,Bridgeport,9,3,473800
2823,0.41246533,0.080924772,Bridgeport,9,3,476100
2824,0.25843897,0.048407629,Bridgeport,9,3,476300
2825,0.35724291,0.045722071,Bridgeport,9,3,480600
2826,0.47829822,0.063441962,Bridgeport,9,3,484100
2827,0.25899032,0.047207117,Bridgeport,9,3,484200
2828,0.4064447,0.078148521,Bridgeport,9,3,487100
2829,0.37449354,0.10116674,Bridgeport,9,3,487201
2830,0.29814863,0.055213399,Bridgeport,9,3,487500
2831,0.41693649,0.073414348,Bridgeport,9,3,490100
2832,0.43596572,0.091935456,Bridgeport,9,3,490302
2833,0.32957599,0.050575569,Bridgeport,9,3,492300
2834,0.34485707,0.094321735,Bridgeport,9,3,494100
2835,0.47544676,0.075229034,Bridgeport,9,3,494201
2836,0.31905985,0.070337996,Bridgeport,9,3,494500
2837,0.41735035,0.033777464,Bridgeport,9,3,496100
2838,0.47516629,0.10442046,Bridgeport,9,3,496200
2839,0.36836925,0.062069375,Bridgeport,9,3,496300
2840,0.42371809,0.041445415,Bridgeport,9,3,496700
2841,0.38654748,0.051287178,Bridgeport,9,3,496800
2842,0.32219943,0.047938205,Bridgeport,9,3,496900
2843,0.38655651,0.070186742,Bridgeport,9,3,497100
2844,0.34605837,0.029508406,Bridgeport,9,3,500100
2845,0.35199907,0.034527723,Bridgeport,9,3,500200
2846,0.27409071,0.02782258,Bridgeport,9,3,500300
2847,0.37176436,0.037723869,Bridgeport,9,3,500400
2848,0.26470447,0.03168473,Bridgeport,9,3,500500
2849,0.28382427,0.02048788,Bridgeport,9,3,500900
2850,0.31886062,0.013699476,Bridgeport,9,3,501200
2851,0.3191247,0.021459801,Bridgeport,9,3,501300
2852,0.32143173,0.014037891,Bridgeport,9,3,501400
2853,0.34985787,0.012765446,Bridgeport,9,3,501500
2854,0.32057956,0.026670096,Bridgeport,9,3,501700
2855,0.32236758,0.016354267,Bridgeport,9,3,501800
2856,0.34084347,0.029575324,Bridgeport,9,3,502300
2857,0.36320645,0.029702805,Bridgeport,9,3,502400
2858,0.34361953,0.045236871,Bridgeport,9,3,502500
2859,0.36067382,0.030253122,Bridgeport,9,3,502600
2860,0.33629331,0.028425246,Bridgeport,9,3,502700
2861,0.3817713,0.035790484,Bridgeport,9,3,502800
2862,0.35344285,0.040871061,Bridgeport,9,3,502900
2863,0.36391923,0.034116063,Bridgeport,9,3,503000
2864,0.35012883,0.015550908,Bridgeport,9,3,503100
2865,0.34299308,0.016606258,Bridgeport,9,3,503300
2866,0.37943056,0.020415405,Bridgeport,9,3,503500
2867,0.3480643,0.013675178,Bridgeport,9,3,503700
2868,0.30492631,0.014278318,Bridgeport,9,3,503800
2869,0.37128413,0.012170009,Bridgeport,9,3,503900
2870,0.37166873,0.013524124,Bridgeport,9,3,504000
2871,0.33106151,0.037130788,Bridgeport,9,3,504100
2872,0.35091826,0.021090886,Bridgeport,9,3,504200
2873,0.41934645,0.047103599,Bridgeport,9,3,504300
2874,0.33157063,0.027013956,Bridgeport,9,3,504500
2875,0.33668166,0.033799652,Bridgeport,9,3,504800
2876,0.29710954,0.021159533,Bridgeport,9,3,504900
2877,0.35582319,0.042703208,Bridgeport,9,3,510100
2878,0.35725829,0.033381466,Bridgeport,9,3,510200
2879,0.3228887,0.0178055,Bridgeport,9,3,510300
2880,0.35035762,0.017041609,Bridgeport,9,3,510400
2881,0.36971539,0.028897205,Bridgeport,9,3,510500
2882,0.34146774,0.018916054,Bridgeport,9,3,510600
2883,0.30629086,0.026878851,Bridgeport,9,3,510700
2884,0.34381917,0.037513621,Bridgeport,9,3,510800
2885,0.52422649,0.06071062,Bridgeport,9,3,510900
2886,0.33257937,0.071172684,Bridgeport,9,3,511000
2887,0.32309508,0.074533373,Bridgeport,9,3,511100
2888,0.33910915,0.025535788,Bridgeport,9,3,511200
2889,0.38984707,0.029584015,Bridgeport,9,3,511300
2890,0.47108093,0.057163909,Bridgeport,9,3,511400
2891,0.41050768,0.047815524,Bridgeport,9,3,514102
2892,0.34743482,0.046691176,Bridgeport,9,3,514200
2893,0.44576359,0.063301727,Bridgeport,9,3,514300
2894,0.37474415,0.034107223,Bridgeport,9,3,514400
2895,0.34120184,0.05395136,Bridgeport,9,3,514500
2896,0.32211933,0.026806055,Bridgeport,9,3,514600
2897,0.31991139,0.025595022,Bridgeport,9,3,514700
2898,0.35650447,0.03090287,Bridgeport,9,3,514800
2899,0.45958409,0.073374331,Bridgeport,9,3,515101
2900,0.36975452,0.033628546,Bridgeport,9,3,515102
2901,0.48523745,0.054516103,Bridgeport,9,3,520301
2902,0.43230602,0.07270208,Bridgeport,9,3,524200
2903,0.33506045,0.015634073,Bridgeport,9,3,524400
2904,0.39449984,0.036291234,Bridgeport,9,3,524501
2905,0.42683029,0.029042885,Bridgeport,9,3,524502
2906,0.36783093,0.01689269,Bridgeport,9,3,524600
2907,0.34936351,0.022904893,Bridgeport,9,3,524700
2908,0.35421318,0.044841174,Bridgeport,9,7,541100
2909,0.3829363,0.047473051,Bridgeport,9,7,541200
2910,0.38436535,0.035190362,Bridgeport,9,7,541300
2911,0.42806539,0.046948966,Bridgeport,9,7,541402
2912,0.4194265,0.076863855,Bridgeport,9,7,541500
2913,0.29987526,0.033772096,Bridgeport,9,7,541600
2914,0.31691357,0.024844876,Bridgeport,9,7,541700
2915,0.3696371,0.039780259,Bridgeport,9,7,542000
2916,0.40430468,0.032847822,Bridgeport,9,7,542100
2917,0.3097634,0.11275039,Bridgeport,9,7,542200
2918,0.34480289,0.055727832,Bridgeport,9,7,560200
2919,0.35325471,0.051005978,Bridgeport,9,7,570100
2920,0.42449743,0.11017579,Bridgeport,9,7,570300
2921,0.37759167,0.043756098,Bridgeport,9,7,680200
2922,0.35160509,0.060310967,Bridgeport,9,9,120100
2923,0.34938496,0.039573371,Bridgeport,9,9,120200
2924,0.29890692,0.039873343,Bridgeport,9,9,125200
2925,0.32192409,0.026917746,Bridgeport,9,9,125300
2926,0.38600808,0.046992399,Bridgeport,9,9,125400
2927,0.55288869,0.10581277,Bridgeport,9,9,130200
2928,0.31861269,0.03427121,Bridgeport,9,9,140100
2929,0.31524691,0.033011157,Bridgeport,9,9,140200
2930,0.30962065,0.024156392,Bridgeport,9,9,140300
2931,0.32691622,0.022529284,Bridgeport,9,9,140400
2932,0.29551893,0.017791936,Bridgeport,9,9,140500
2933,0.30994809,0.013860366,Bridgeport,9,9,140600
2934,0.30664596,0.014996327,Bridgeport,9,9,140700
2935,0.33511028,0.015779046,Bridgeport,9,9,140800
2936,0.3348214,0.015251447,Bridgeport,9,9,140900
2937,0.39814144,0.05390365,Bridgeport,9,9,141000
2938,0.30345798,0.042814899,Bridgeport,9,9,141100
2939,0.34590837,0.016441289,Bridgeport,9,9,141200
2940,0.32320616,0.012496916,Bridgeport,9,9,141300
2941,0.31182107,0.01517762,Bridgeport,9,9,141400
2942,0.31311849,0.0099680061,Bridgeport,9,9,141500
2943,0.33336216,0.01278549,Bridgeport,9,9,141600
2944,0.33478925,0.021632727,Bridgeport,9,9,141800
2945,0.29142997,0.045037348,Bridgeport,9,9,141900
2946,0.38258645,0.059148479,Bridgeport,9,9,142000
2947,0.29607368,0.026931247,Bridgeport,9,9,142100
2948,0.26820499,0.01707913,Bridgeport,9,9,142300
2949,0.32056749,0.021090919,Bridgeport,9,9,142400
2950,0.31078854,0.017346539,Bridgeport,9,9,142500
2951,0.33833563,0.020662723,Bridgeport,9,9,142601
2952,0.35360762,0.021579018,Bridgeport,9,9,142603
2953,0.32212451,0.033002865,Bridgeport,9,9,142604
2954,0.30738881,0.019927397,Bridgeport,9,9,142700
2955,0.50583822,0.099803939,Bridgeport,9,9,150300
2956,0.35996732,0.019679228,Bridgeport,9,9,154100
2957,0.35800922,0.015206772,Bridgeport,9,9,154200
2958,0.38744372,0.039235707,Bridgeport,9,9,154500
2959,0.36940166,0.04159984,Bridgeport,9,9,154600
2960,0.43446833,0.1144372,Bridgeport,9,9,154700
2961,0.40558279,0.084268264,Bridgeport,9,9,154900
2962,0.3823418,0.048423622,Bridgeport,9,9,155000
2963,0.44506124,0.06265834,Bridgeport,9,9,155100
2964,0.29680958,0.035009321,Bridgeport,9,9,165100
2965,0.32609138,0.027608112,Bridgeport,9,9,165400
2966,0.34100208,0.016302088,Bridgeport,9,9,165500
2967,0.40112445,0.032693155,Bridgeport,9,9,165600
2968,0.3575711,0.027119005,Bridgeport,9,9,165700
2969,0.4012298,0.034154397,Bridgeport,9,9,165801
2970,0.30608699,0.053290706,Bridgeport,9,9,165802
2971,0.3825078,0.082611233,Bridgeport,9,9,165900
2972,0.43419039,0.052037168,Bridgeport,9,9,166001
2973,0.38745847,0.084916264,Bridgeport,9,9,166002
2974,0.34188613,0.086957529,Bridgeport,9,9,167100
2975,0.30152297,0.045382634,Bridgeport,9,9,170100
2976,0.30202267,0.04698921,Bridgeport,9,9,170200
2977,0.29981801,0.049202252,Bridgeport,9,9,170300
2978,0.34308204,0.071440287,Bridgeport,9,9,170600
2979,0.22866708,0.062792875,Bridgeport,9,9,170700
2980,0.34579036,0.042078555,Bridgeport,9,9,170800
2981,0.39854056,0.059105966,Bridgeport,9,9,170900
2982,0.25940546,0.053744335,Bridgeport,9,9,171000
2983,0.37569284,0.056266282,Bridgeport,9,9,171100
2984,0.32575926,0.068020187,Bridgeport,9,9,171200
2985,0.34848195,0.047924507,Bridgeport,9,9,171300
2986,0.29636002,0.069621287,Bridgeport,9,9,171400
2987,0.32362348,0.034012884,Bridgeport,9,9,171500
2988,0.33150661,0.058260467,Bridgeport,9,9,171600
2989,0.29913068,0.047269654,Bridgeport,9,9,180100
2990,0.36157334,0.063065492,Bridgeport,9,9,180200
2991,0.15730804,0.083409041,Bridgeport,9,9,184700
2992,0.57351089,0.067487538,Bridgeport,9,9,345100
2993,0.45842165,0.06505584,Bridgeport,9,9,345201
2994,0.26905799,0.066686697,Bridgeport,9,9,345300
2995,0.40332866,0.058810331,Bridgeport,9,9,345400
2996,0.31910872,0.024398994,Bridgeport,9,9,350100
2997,0.31064212,0.020664707,Bridgeport,9,9,350200
2998,0.30885816,0.025116401,Bridgeport,9,9,350300
2999,0.33051521,0.023112891,Bridgeport,9,9,350400
3000,0.35042375,0.048897229,Bridgeport,9,9,350500
3001,0.27504182,0.017941171,Bridgeport,9,9,350800
3002,0.37645131,0.053661548,Bridgeport,9,9,350900
3003,0.32036334,0.027363759,Bridgeport,9,9,351000
3004,0.36745989,0.028467009,Bridgeport,9,9,351100
3005,0.30766734,0.022552988,Bridgeport,9,9,351200
3006,0.43525967,0.046133347,Bridgeport,9,9,351300
3007,0.32867458,0.032925237,Bridgeport,9,9,351400
3008,0.40491772,0.049345411,Bridgeport,9,9,351500
3009,0.27008426,0.029717682,Bridgeport,9,9,351700
3010,0.36617517,0.063874416,Bridgeport,9,9,351800
3011,0.22904447,0.056138303,Bridgeport,9,9,352000
3012,0.35519552,0.033412069,Bridgeport,9,9,352100
3013,0.35878786,0.030955875,Bridgeport,9,9,352200
3014,0.27786633,0.033393849,Bridgeport,9,9,352300
3015,0.3349719,0.034075558,Bridgeport,9,9,352400
3016,0.36690775,0.04899057,Bridgeport,9,9,352500
3017,0.32886323,0.034810256,Bridgeport,9,9,352600
3018,0.33817619,0.054453138,Bridgeport,9,9,352701
3019,0.37304866,0.03130338,Bridgeport,9,9,352702
3020,0.33693969,0.031535637,Bridgeport,9,9,352800
3021,0.4084878,0.073126882,Bridgeport,9,9,361401
3022,0.35633636,0.020382119,Bridgeport,9,9,361500
3023,0.34870443,0.018710354,Bridgeport,9,11,690300
3024,0.29692292,0.025875704,Bridgeport,9,11,690400
3025,0.32556662,0.026922623,Bridgeport,9,11,690500
3026,0.387609,0.041386634,Bridgeport,9,11,690700
3027,0.35342002,0.036837604,Bridgeport,9,11,690800
3028,0.32386139,0.046274565,Bridgeport,9,11,690900
3029,0.39017323,0.10786057,Bridgeport,9,11,695202
3030,0.40968308,0.072067559,Bridgeport,9,11,696100
3031,0.37769809,0.032678276,Bridgeport,9,11,696400
3032,0.38332891,0.055115629,Bridgeport,9,11,696500
3033,0.39630428,0.057782177,Bridgeport,9,11,696600
3034,0.31632826,0.026532119,Bridgeport,9,11,696700
3035,0.32321545,0.027724769,Bridgeport,9,11,696800
3036,0.38125676,0.035921354,Bridgeport,9,11,697000
3037,0.3844761,0.067356065,Bridgeport,9,11,701100
3038,0.21593097,0.062383011,Bridgeport,9,11,701200
3039,0.3194575,0.044299882,Bridgeport,9,11,702300
3040,0.1788502,0.035064116,Bridgeport,9,11,702400
3041,0.3524166,0.036977891,Bridgeport,9,11,702500
3042,0.31045005,0.047167547,Bridgeport,9,11,702700
3043,0.36470935,0.043782387,Bridgeport,9,11,702800
3044,0.35099235,0.066510685,Bridgeport,9,11,709200
3045,0.26007158,0.024174228,Bridgeport,9,11,870200
3046,0.30164239,0.024021896,Bridgeport,9,11,870300
3047,0.42689523,0.079766333,Bridgeport,9,11,870501
3048,0.35845706,0.038588773,Bridgeport,9,13,530200
3049,0.37387609,0.047841288,Bridgeport,9,13,530301
3050,0.51875246,0.088361971,Bridgeport,9,13,530302
3051,0.39604133,0.083603181,Bridgeport,9,13,530400
3052,0.36090419,0.1184774,Bridgeport,9,13,535100
3053,0.3868559,0.070711352,Bridgeport,9,15,800300
3054,0.27177551,0.039161544,Bridgeport,9,15,800600
3055,0.39873165,0.064987384,Bridgeport,9,15,903100
3056,0.53619713,0.074744731,Washington DC,11,1,1002
3057,0.45517156,0.090056643,Washington DC,11,1,1200
3058,0.45392719,0.086471103,Washington DC,11,1,1301
3059,0.46814433,0.076609537,Washington DC,11,1,1302
3060,0.57936096,0.071162291,Washington DC,11,1,1500
3061,0.46330002,0.034913335,Washington DC,11,1,1600
3062,0.3988789,0.02769248,Washington DC,11,1,1702
3063,0.41729751,0.02057842,Washington DC,11,1,1803
3064,0.40767369,0.016508071,Washington DC,11,1,1804
3065,0.38323537,0.01665085,Washington DC,11,1,1901
3066,0.41702032,0.026042588,Washington DC,11,1,1902
3067,0.40609708,0.026492493,Washington DC,11,1,2001
3068,0.3374584,0.017014883,Washington DC,11,1,2002
3069,0.36973888,0.012624719,Washington DC,11,1,2101
3070,0.37448305,0.014174074,Washington DC,11,1,2102
3071,0.37806916,0.016640496,Washington DC,11,1,2201
3072,0.36307207,0.015655702,Washington DC,11,1,2202
3073,0.35307983,0.015812807,Washington DC,11,1,2301
3074,0.44583368,0.038072553,Washington DC,11,1,2302
3075,0.40146962,0.016463958,Washington DC,11,1,2400
3076,0.35293019,0.021394834,Washington DC,11,1,2501
3077,0.35424292,0.014553717,Washington DC,11,1,2502
3078,0.40082169,0.046089873,Washington DC,11,1,2600
3079,0.35659954,0.022780154,Washington DC,11,1,2701
3080,0.33754873,0.02176995,Washington DC,11,1,2702
3081,0.39839351,0.019713877,Washington DC,11,1,2801
3082,0.35292971,0.02097619,Washington DC,11,1,2802
3083,0.33888957,0.016619179,Washington DC,11,1,2900
3084,0.32645124,0.015757291,Washington DC,11,1,3000
3085,0.31558326,0.015306178,Washington DC,11,1,3100
3086,0.36020321,0.012821835,Washington DC,11,1,3200
3087,0.31964365,0.019661909,Washington DC,11,1,3301
3088,0.33818105,0.017644007,Washington DC,11,1,3302
3089,0.30807948,0.016337592,Washington DC,11,1,3400
3090,0.30972001,0.017104371,Washington DC,11,1,3500
3091,0.35118961,0.013773167,Washington DC,11,1,3600
3092,0.3571789,0.015452907,Washington DC,11,1,3700
3093,0.33616161,0.020607861,Washington DC,11,1,3800
3094,0.43486282,0.035426181,Washington DC,11,1,3900
3095,0.34263888,0.052508377,Washington DC,11,1,4002
3096,0.35589066,0.035790514,Washington DC,11,1,4201
3097,0.3656286,0.023468168,Washington DC,11,1,4300
3098,0.28918767,0.014593257,Washington DC,11,1,4400
3099,0.32791173,0.012579287,Washington DC,11,1,4600
3100,0.31548354,0.012990708,Washington DC,11,1,4701
3101,0.30192384,0.025459068,Washington DC,11,1,4702
3102,0.33828095,0.017952686,Washington DC,11,1,4801
3103,0.33050376,0.013706432,Washington DC,11,1,4802
3104,0.33277357,0.019050231,Washington DC,11,1,4901
3105,0.41495693,0.022447281,Washington DC,11,1,4902
3106,0.33245054,0.024360958,Washington DC,11,1,5001
3107,0.35022253,0.022237984,Washington DC,11,1,5002
3108,0.31553283,0.029136147,Washington DC,11,1,5201
3109,0.39419621,0.056622628,Washington DC,11,1,5301
3110,0.29133958,0.024447983,Washington DC,11,1,5900
3111,0.30820188,0.012897058,Washington DC,11,1,6400
3112,0.45290819,0.074212462,Washington DC,11,1,6500
3113,0.44206414,0.04569893,Washington DC,11,1,6700
3114,0.36016077,0.020304285,Washington DC,11,1,6801
3115,0.36141786,0.018930485,Washington DC,11,1,6802
3116,0.34466493,0.023427339,Washington DC,11,1,6900
3117,0.33062911,0.023446774,Washington DC,11,1,7000
3118,0.33191586,0.015982985,Washington DC,11,1,7100
3119,0.28134626,0.015773002,Washington DC,11,1,7200
3120,0.37670779,0.033642516,Washington DC,11,1,7301
3121,0.34166911,0.010516115,Washington DC,11,1,7304
3122,0.31137669,0.01143323,Washington DC,11,1,7401
3123,0.3364194,0.013054917,Washington DC,11,1,7403
3124,0.2987861,0.0098039033,Washington DC,11,1,7404
3125,0.32599089,0.011437055,Washington DC,11,1,7406
3126,0.32782254,0.012508821,Washington DC,11,1,7407
3127,0.31078026,0.011192946,Washington DC,11,1,7408
3128,0.32106104,0.010807201,Washington DC,11,1,7409
3129,0.30389065,0.010079901,Washington DC,11,1,7502
3130,0.34280351,0.012341338,Washington DC,11,1,7503
3131,0.32589051,0.01249072,Washington DC,11,1,7504
3132,0.31640145,0.0096070226,Washington DC,11,1,7601
3133,0.36112395,0.016471025,Washington DC,11,1,7603
3134,0.3169415,0.011492187,Washington DC,11,1,7604
3135,0.32433993,0.011356115,Washington DC,11,1,7605
3136,0.34035489,0.0096045043,Washington DC,11,1,7703
3137,0.33803043,0.012224066,Washington DC,11,1,7707
3138,0.34533849,0.013059323,Washington DC,11,1,7708
3139,0.33803773,0.016643735,Washington DC,11,1,7709
3140,0.34485307,0.012613226,Washington DC,11,1,7803
3141,0.31730011,0.012241568,Washington DC,11,1,7804
3142,0.34636647,0.015126563,Washington DC,11,1,7806
3143,0.37779906,0.018441699,Washington DC,11,1,7807
3144,0.36036202,0.011525991,Washington DC,11,1,7808
3145,0.34201965,0.012754986,Washington DC,11,1,7809
3146,0.31234971,0.010361502,Washington DC,11,1,7901
3147,0.36991134,0.018203059,Washington DC,11,1,7903
3148,0.35698357,0.016187422,Washington DC,11,1,8001
3149,0.31995434,0.016891759,Washington DC,11,1,8002
3150,0.32938635,0.028184449,Washington DC,11,1,8100
3151,0.35982302,0.032093454,Washington DC,11,1,8301
3152,0.30940405,0.028522396,Washington DC,11,1,8302
3153,0.37069598,0.021440063,Washington DC,11,1,8402
3154,0.32841656,0.015838422,Washington DC,11,1,8410
3155,0.333294,0.015426802,Washington DC,11,1,8701
3156,0.32947615,0.015155104,Washington DC,11,1,8702
3157,0.34897041,0.011496638,Washington DC,11,1,8802
3158,0.3050195,0.020458492,Washington DC,11,1,8803
3159,0.30137402,0.011860337,Washington DC,11,1,8804
3160,0.33503258,0.01261752,Washington DC,11,1,8903
3161,0.33985847,0.011659282,Washington DC,11,1,8904
3162,0.34287131,0.024184957,Washington DC,11,1,9000
3163,0.31671962,0.010531598,Washington DC,11,1,9102
3164,0.44191736,0.028795166,Washington DC,11,1,9201
3165,0.32215032,0.013572725,Washington DC,11,1,9203
3166,0.30811188,0.015078624,Washington DC,11,1,9204
3167,0.36125427,0.019689495,Washington DC,11,1,9301
3168,0.39858711,0.025301207,Washington DC,11,1,9302
3169,0.36944988,0.016158964,Washington DC,11,1,9400
3170,0.37201026,0.015055262,Washington DC,11,1,9501
3171,0.40372619,0.023497542,Washington DC,11,1,9503
3172,0.3569622,0.02034015,Washington DC,11,1,9504
3173,0.4277662,0.022940613,Washington DC,11,1,9505
3174,0.40192723,0.02847204,Washington DC,11,1,9507
3175,0.39895093,0.020949885,Washington DC,11,1,9508
3176,0.3442727,0.019747538,Washington DC,11,1,9509
3177,0.34106132,0.015010604,Washington DC,11,1,9601
3178,0.34168333,0.01149476,Washington DC,11,1,9602
3179,0.32969284,0.012133274,Washington DC,11,1,9603
3180,0.38870281,0.021491338,Washington DC,11,1,9604
3181,0.33247799,0.012148894,Washington DC,11,1,9700
3182,0.32308078,0.01302678,Washington DC,11,1,9801
3183,0.30110529,0.012977973,Washington DC,11,1,9802
3184,0.35031372,0.013668986,Washington DC,11,1,9803
3185,0.36930507,0.015361471,Washington DC,11,1,9804
3186,0.32681006,0.012215082,Washington DC,11,1,9807
3187,0.32398042,0.011802457,Washington DC,11,1,9810
3188,0.31672391,0.0091551784,Washington DC,11,1,9811
3189,0.37724766,0.025455372,Washington DC,11,1,9901
3190,0.32112801,0.015435074,Washington DC,11,1,9902
3191,0.35315323,0.013339948,Washington DC,11,1,9903
3192,0.31493101,0.012023428,Washington DC,11,1,9904
3193,0.36496612,0.013728052,Washington DC,11,1,9905
3194,0.31965235,0.014295275,Washington DC,11,1,9906
3195,0.30339161,0.012199861,Washington DC,11,1,9907
3196,0.38573781,0.05976171,Washington DC,11,1,10100
3197,0.36806536,0.03295036,Washington DC,11,1,10200
3198,0.38559288,0.023032101,Washington DC,11,1,10300
3199,0.33779329,0.011623992,Washington DC,11,1,10400
3200,0.34298968,0.020462247,Washington DC,11,1,10500
3201,0.30408007,0.011582188,Washington DC,11,1,10600
3202,0.49199069,0.067978695,Washington DC,11,1,10700
3203,0.31359947,0.012098996,Washington DC,11,1,10900
3204,0.36012861,0.022829106,Washington DC,11,1,11000
3205,0.35492226,0.014440748,Washington DC,11,1,11100
3206,0.3551375,0.028879996,Miami,12,11,10200
3207,0.3197377,0.010033746,Miami,12,11,10304
3208,0.31188965,0.021902258,Miami,12,11,10305
3209,0.31937343,0.014274017,Miami,12,11,10306
3210,0.27842399,0.010633647,Miami,12,11,10307
3211,0.47592175,0.087183744,Miami,12,11,10401
3212,0.46050841,0.059242241,Miami,12,11,10402
3213,0.33520693,0.030843114,Miami,12,11,10405
3214,0.32300219,0.053270921,Miami,12,11,10407
3215,0.5673629,0.095196225,Miami,12,11,10502
3216,0.33317903,0.13807788,Miami,12,11,10503
3217,0.35624039,0.10035387,Miami,12,11,10504
3218,0.44646549,0.087545261,Miami,12,11,10601
3219,0.43791756,0.059083536,Miami,12,11,10603
3220,0.42979234,0.060940199,Miami,12,11,10604
3221,0.37283555,0.052781787,Miami,12,11,10605
3222,0.39967752,0.040791236,Miami,12,11,10606
3223,0.36823249,0.032326803,Miami,12,11,10607
3224,0.42486417,0.094633698,Miami,12,11,10609
3225,0.43104437,0.061888363,Miami,12,11,10610
3226,0.33564395,0.058422785,Miami,12,11,10611
3227,0.35614738,0.061967559,Miami,12,11,10612
3228,0.35492262,0.015389773,Miami,12,11,10701
3229,0.32586294,0.0078950003,Miami,12,11,10702
3230,0.33898643,0.022615056,Miami,12,11,10800
3231,0.34423745,0.030549029,Miami,12,11,20101
3232,0.33396724,0.026223043,Miami,12,11,20103
3233,0.51081932,0.062301315,Miami,12,11,20104
3234,0.38421422,0.047476184,Miami,12,11,20204
3235,0.39538515,0.031215636,Miami,12,11,20205
3236,0.36741328,0.037858825,Miami,12,11,20206
3237,0.40007511,0.030725541,Miami,12,11,20207
3238,0.46019635,0.048133798,Miami,12,11,20209
3239,0.34035349,0.02656175,Miami,12,11,20210
3240,0.37486491,0.044203185,Miami,12,11,20211
3241,0.46030539,0.056460131,Miami,12,11,20212
3242,0.37370872,0.020592045,Miami,12,11,20302
3243,0.36605275,0.015319149,Miami,12,11,20308
3244,0.46427158,0.045022793,Miami,12,11,20309
3245,0.43635738,0.047642041,Miami,12,11,20311
3246,0.39438525,0.039029013,Miami,12,11,20312
3247,0.36283302,0.022086114,Miami,12,11,20313
3248,0.28781039,0.032593712,Miami,12,11,20314
3249,0.31658858,0.041167486,Miami,12,11,20315
3250,0.34802923,0.046273749,Miami,12,11,20316
3251,0.44836754,0.044747874,Miami,12,11,20317
3252,0.39087662,0.038569536,Miami,12,11,20318
3253,0.44007701,0.041363548,Miami,12,11,20319
3254,0.35754114,0.036881302,Miami,12,11,20320
3255,0.4634808,0.082161017,Miami,12,11,20322
3256,0.40395707,0.043397654,Miami,12,11,20323
3257,0.41357225,0.027770068,Miami,12,11,20324
3258,0.39728492,0.037870161,Miami,12,11,20325
3259,0.37595987,0.018240934,Miami,12,11,20326
3260,0.37679705,0.011837805,Miami,12,11,20404
3261,0.3734113,0.021408584,Miami,12,11,20405
3262,0.41948849,0.025208436,Miami,12,11,20406
3263,0.38288587,0.015156861,Miami,12,11,20407
3264,0.39009684,0.059963942,Miami,12,11,20409
3265,0.3388862,0.030001774,Miami,12,11,20411
3266,0.35057414,0.011710374,Miami,12,11,20412
3267,0.38325012,0.016254429,Miami,12,11,20413
3268,0.3854351,0.055670906,Miami,12,11,20414
3269,0.2945478,0.048715904,Miami,12,11,20415
3270,0.34344888,0.016771201,Miami,12,11,20501
3271,0.36631712,0.015425884,Miami,12,11,20502
3272,0.33650118,0.021859754,Miami,12,11,30201
3273,0.32680866,0.023709282,Miami,12,11,30202
3274,0.31385356,0.033745702,Miami,12,11,30203
3275,0.33776045,0.016080668,Miami,12,11,30301
3276,0.33452034,0.0089630075,Miami,12,11,30302
3277,0.30068225,0.0094777755,Miami,12,11,30401
3278,0.30197245,0.0081900973,Miami,12,11,30402
3279,0.26729652,0.010421858,Miami,12,11,30500
3280,0.27382633,0.0080728317,Miami,12,11,30600
3281,0.48255885,0.075376064,Miami,12,11,30702
3282,0.32521391,0.066088155,Miami,12,11,30703
3283,0.38572159,0.051540621,Miami,12,11,30704
3284,0.32370996,0.010620165,Miami,12,11,30801
3285,0.43858382,0.059495118,Miami,12,11,30802
3286,0.30130133,0.029305981,Miami,12,11,30903
3287,0.35869607,0.024579497,Miami,12,11,31001
3288,0.28290695,0.032480583,Miami,12,11,31002
3289,0.45258832,0.062935255,Miami,12,11,40205
3290,0.23880306,0.04675892,Miami,12,11,40300
3291,0.31871507,0.038235977,Miami,12,11,40701
3292,0.35395381,0.02265401,Miami,12,11,40702
3293,0.33317795,0.0083695212,Miami,12,11,40801
3294,0.35366067,0.011565587,Miami,12,11,40802
3295,0.31686985,0.0075852098,Miami,12,11,40901
3296,0.29719463,0.0085655842,Miami,12,11,40902
3297,0.28915957,0.010665675,Miami,12,11,41000
3298,0.29433966,0.008448584,Miami,12,11,41100
3299,0.31002298,0.009868307,Miami,12,11,41200
3300,0.29908013,0.0065015578,Miami,12,11,41300
3301,0.27338657,0.0081534153,Miami,12,11,41400
3302,0.26343957,0.0081122797,Miami,12,11,41500
3303,0.28719181,0.0073541584,Miami,12,11,41600
3304,0.32162565,0.008049245,Miami,12,11,41700
3305,0.36084297,0.057773564,Miami,12,11,42302
3306,0.3151947,0.014739625,Miami,12,11,42500
3307,0.33447364,0.017349672,Miami,12,11,42600
3308,0.30406219,0.01035603,Miami,12,11,42700
3309,0.33808744,0.0084289163,Miami,12,11,42800
3310,0.34104127,0.0076257717,Miami,12,11,42900
3311,0.32919598,0.014268334,Miami,12,11,43002
3312,0.37535855,0.051754434,Miami,12,11,43100
3313,0.32873282,0.06439852,Miami,12,11,43301
3314,0.28531703,0.022545237,Miami,12,11,43302
3315,0.30025867,0.043303154,Miami,12,11,50100
3316,0.38694197,0.033964157,Miami,12,11,50204
3317,0.45890328,0.05802425,Miami,12,11,50206
3318,0.37615535,0.015762888,Miami,12,11,50207
3319,0.32617009,0.027413471,Miami,12,11,50208
3320,0.36631307,0.0084184678,Miami,12,11,50301
3321,0.34330094,0.009785777,Miami,12,11,50306
3322,0.35852274,0.011000952,Miami,12,11,50307
3323,0.34739339,0.011166258,Miami,12,11,50308
3324,0.3261041,0.021815458,Miami,12,11,50309
3325,0.39297336,0.015070067,Miami,12,11,50310
3326,0.36558998,0.018001363,Miami,12,11,50311
3327,0.37047243,0.020650925,Miami,12,11,50312
3328,0.38055798,0.026017223,Miami,12,11,50401
3329,0.33348173,0.024059515,Miami,12,11,50402
3330,0.42500207,0.060433757,Miami,12,11,50501
3331,0.2708683,0.032645751,Miami,12,11,50502
3332,0.32631382,0.029412199,Miami,12,11,50602
3333,0.35549539,0.016268654,Miami,12,11,50701
3334,0.3236222,0.012227286,Miami,12,11,50702
3335,0.30727568,0.009013609,Miami,12,11,50800
3336,0.35469559,0.013230328,Miami,12,11,50900
3337,0.3589896,0.045289274,Miami,12,11,51001
3338,0.41179776,0.020283425,Miami,12,11,60105
3339,0.37538493,0.024659496,Miami,12,11,60107
3340,0.33136675,0.067542277,Miami,12,11,60109
3341,0.35275003,0.050190821,Miami,12,11,60111
3342,0.42631489,0.034939695,Miami,12,11,60112
3343,0.43605849,0.029877558,Miami,12,11,60113
3344,0.41716036,0.022713916,Miami,12,11,60114
3345,0.37034646,0.027108502,Miami,12,11,60115
3346,0.38081664,0.021939451,Miami,12,11,60116
3347,0.37404668,0.018610315,Miami,12,11,60117
3348,0.46496397,0.047748029,Miami,12,11,60118
3349,0.49120894,0.036664814,Miami,12,11,60119
3350,0.39172378,0.036811832,Miami,12,11,60120
3351,0.43395972,0.067563809,Miami,12,11,60121
3352,0.35120574,0.043257888,Miami,12,11,60122
3353,0.38193059,0.033309709,Miami,12,11,60123
3354,0.430915,0.021425638,Miami,12,11,60124
3355,0.42355135,0.034191441,Miami,12,11,60125
3356,0.39244586,0.021257767,Miami,12,11,60126
3357,0.35447121,0.027592411,Miami,12,11,60127
3358,0.36415389,0.017789422,Miami,12,11,60128
3359,0.38068816,0.010271295,Miami,12,11,60203
3360,0.3906371,0.026504908,Miami,12,11,60206
3361,0.45508489,0.037166949,Miami,12,11,60207
3362,0.37631038,0.010876439,Miami,12,11,60208
3363,0.37687868,0.017564951,Miami,12,11,60209
3364,0.41318247,0.045946963,Miami,12,11,60210
3365,0.34920362,0.060181417,Miami,12,11,60211
3366,0.33350211,0.029349787,Miami,12,11,60212
3367,0.3816089,0.048039027,Miami,12,11,60213
3368,0.35152707,0.0074015586,Miami,12,11,60302
3369,0.34088603,0.0082879504,Miami,12,11,60303
3370,0.33617333,0.0093313521,Miami,12,11,60304
3371,0.37992635,0.024344034,Miami,12,11,60305
3372,0.42365217,0.053715166,Miami,12,11,60306
3373,0.34326521,0.010657475,Miami,12,11,60401
3374,0.34855601,0.0079962211,Miami,12,11,60402
3375,0.37337962,0.011864812,Miami,12,11,60403
3376,0.38637164,0.024085233,Miami,12,11,60501
3377,0.40583113,0.04942856,Miami,12,11,60503
3378,0.39226839,0.053528916,Miami,12,11,60504
3379,0.31184807,0.038798932,Miami,12,11,60505
3380,0.43486312,0.052726131,Miami,12,11,60603
3381,0.49765098,0.038804226,Miami,12,11,60605
3382,0.37234163,0.023404203,Miami,12,11,60606
3383,0.43855622,0.056195807,Miami,12,11,60607
3384,0.37648973,0.034744296,Miami,12,11,60608
3385,0.35350028,0.035735432,Miami,12,11,60609
3386,0.41293275,0.041274849,Miami,12,11,60700
3387,0.36451739,0.056917876,Miami,12,11,60801
3388,0.36999577,0.011731932,Miami,12,11,60802
3389,0.45524591,0.047719002,Miami,12,11,60900
3390,0.43236282,0.057488181,Miami,12,11,61001
3391,0.4780432,0.044754032,Miami,12,11,61002
3392,0.34483126,0.018271316,Miami,12,11,61100
3393,0.31794721,0.026386142,Miami,12,11,70101
3394,0.32129523,0.044933248,Miami,12,11,70204
3395,0.4130916,0.089107037,Miami,12,11,70207
3396,0.27421045,0.064068019,Miami,12,11,70208
3397,0.45091215,0.087965205,Miami,12,11,70210
3398,0.4965606,0.078337327,Miami,12,11,70211
3399,0.42946571,0.060817182,Miami,12,11,70304
3400,0.4395588,0.069757216,Miami,12,11,70305
3401,0.59022963,0.10871281,Miami,12,11,70306
3402,0.56471962,0.092943802,Miami,12,11,70311
3403,0.42335945,0.13230586,Miami,12,11,70312
3404,0.37183276,0.064974502,Miami,12,11,70313
3405,0.49586764,0.11409489,Miami,12,11,70314
3406,0.39727944,0.093456902,Miami,12,11,70315
3407,0.46315795,0.12047081,Miami,12,11,70316
3408,0.46475986,0.11216635,Miami,12,11,70317
3409,0.3484295,0.079556741,Miami,12,11,70320
3410,0.35619593,0.059623271,Miami,12,11,70322
3411,0.5611999,0.06183815,Miami,12,11,70401
3412,0.29421932,0.084674142,Miami,12,11,70403
3413,0.58781159,0.085250713,Miami,12,11,70405
3414,0.43951997,0.0770595,Miami,12,11,70501
3415,0.37649572,0.01997418,Miami,12,11,70502
3416,0.31626749,0.051401656,Miami,12,11,70601
3417,0.30965489,0.057371248,Miami,12,11,80101
3418,0.37090045,0.022189014,Miami,12,11,80102
3419,0.30403787,0.047351383,Miami,12,11,80402
3420,0.39855459,0.031179084,Miami,12,11,80403
3421,0.34337959,0.052914374,Miami,12,11,80405
3422,0.5225758,0.082991585,Miami,12,11,80406
3423,0.29569307,0.0080216592,Miami,12,11,80500
3424,0.32420543,0.066179745,Miami,12,11,90101
3425,0.38100338,0.053937282,Miami,12,11,90301
3426,0.35155138,0.028828226,Miami,12,11,90302
3427,0.38952211,0.038049426,Miami,12,11,90401
3428,0.27201483,0.022176983,Miami,12,11,90403
3429,0.31626615,0.022101346,Miami,12,11,90404
3430,0.25447449,0.052520934,Miami,12,11,90502
3431,0.368678,0.044505853,Miami,12,11,90504
3432,0.38093439,0.045225214,Miami,12,11,90601
3433,0.40102673,0.036912758,Miami,12,11,90602
3434,0.45268118,0.039558046,Miami,12,11,90700
3435,0.34199286,0.044604078,Miami,12,11,90801
3436,0.52277702,0.074474804,Miami,12,11,90802
3437,0.33106077,0.054894686,Miami,12,11,90900
3438,0.39744389,0.05072647,Miami,12,11,91000
3439,0.33878714,0.024261268,Miami,12,11,91100
3440,0.35575527,0.027475996,Miami,12,11,91201
3441,0.47318265,0.039273806,Miami,12,11,91202
3442,0.37760854,0.035609484,Miami,12,11,91300
3443,0.32314,0.013014534,Miami,12,11,91400
3444,0.36318862,0.015857169,Miami,12,11,91500
3445,0.32821611,0.032167718,Miami,12,11,91600
3446,0.38948148,0.033920031,Miami,12,11,91701
3447,0.37009346,0.04385981,Miami,12,11,91702
3448,0.33347175,0.011459385,Miami,12,11,91801
3449,0.32901219,0.016563617,Miami,12,11,91802
3450,0.27683493,0.027158499,Miami,12,11,91902
3451,0.37497985,0.04842012,Miami,12,11,100201
3452,0.34524244,0.055427432,Miami,12,11,100202
3453,0.30810773,0.019331293,Miami,12,11,100300
3454,0.28594658,0.0094476407,Miami,12,11,100400
3455,0.27191219,0.051130265,Miami,12,11,100501
3456,0.32231009,0.031198295,Miami,12,11,100502
3457,0.37484106,0.021587817,Miami,12,11,100600
3458,0.30435798,0.0084897904,Miami,12,11,100700
3459,0.33540583,0.016559128,Miami,12,11,100801
3460,0.31366563,0.010901926,Miami,12,11,100802
3461,0.36008906,0.025586689,Miami,12,11,110100
3462,0.40919834,0.0463688,Miami,12,11,110301
3463,0.36203864,0.043961126,Miami,12,11,110302
3464,0.5354836,0.058433879,Miami,12,11,110303
3465,0.40949896,0.047831465,Miami,12,11,110307
3466,0.42487925,0.032275196,Miami,12,11,110308
3467,0.3723565,0.032053452,Miami,12,11,110309
3468,0.39438564,0.032050256,Miami,12,11,110311
3469,0.38214505,0.027815158,Miami,12,11,110312
3470,0.31993565,0.027567115,Miami,12,11,110313
3471,0.37489018,0.016623426,Miami,12,11,110319
3472,0.37173229,0.011614149,Miami,12,11,110320
3473,0.45497909,0.041168083,Miami,12,11,110321
3474,0.42863446,0.038386527,Miami,12,11,110322
3475,0.39631087,0.016078401,Miami,12,11,110323
3476,0.36480346,0.030009342,Miami,12,11,110324
3477,0.37439725,0.019119579,Miami,12,11,110325
3478,0.53484231,0.047033742,Miami,12,11,110326
3479,0.31566203,0.044388052,Miami,12,11,110327
3480,0.39918873,0.036047123,Miami,12,11,110328
3481,0.45434216,0.067453355,Miami,12,11,110330
3482,0.38155013,0.033065178,Miami,12,11,110331
3483,0.37389481,0.066581018,Miami,12,11,110332
3484,0.39046708,0.039856613,Miami,12,11,110333
3485,0.38350192,0.02220431,Miami,12,11,110336
3486,0.41493443,0.020883981,Miami,12,11,110337
3487,0.38744017,0.033216592,Miami,12,11,110338
3488,0.4263427,0.053983293,Miami,12,11,110339
3489,0.40684274,0.02161294,Miami,12,11,110340
3490,0.47899678,0.037733141,Miami,12,11,110341
3491,0.38349068,0.02336056,Miami,12,11,110342
3492,0.36049408,0.030206883,Miami,12,11,110343
3493,0.3710539,0.013803896,Miami,12,11,110402
3494,0.37444445,0.015542908,Miami,12,11,110403
3495,0.38565946,0.016750852,Miami,12,11,110404
3496,0.36218157,0.018693017,Miami,12,11,110501
3497,0.38373169,0.015505595,Miami,12,11,110502
3498,0.34639218,0.037935529,Miami,12,11,110600
3499,0.23815708,0.053561468,Tampa,12,53,40201
3500,0.31690225,0.025622049,Tampa,12,53,40202
3501,0.28019822,0.016525103,Tampa,12,53,40400
3502,0.32536057,0.022669174,Tampa,12,53,40501
3503,0.24672428,0.039247125,Tampa,12,53,40502
3504,0.4010222,0.10595037,Tampa,12,53,40905
3505,0.30645025,0.05437183,Tampa,12,53,41004
3506,0.35231665,0.065022282,Tampa,12,53,41005
3507,0.21163808,0.042904168,Tampa,12,53,41006
3508,0.51101452,0.094188415,Tampa,12,53,41105
3509,0.44022739,0.071470492,Tampa,12,53,41203
3510,0.33987346,0.031584047,Tampa,12,57,101
3511,0.29287806,0.013398259,Tampa,12,57,102
3512,0.27424747,0.013503525,Tampa,12,57,201
3513,0.29596105,0.012231233,Tampa,12,57,202
3514,0.30553722,0.011129395,Tampa,12,57,300
3515,0.30900776,0.025380174,Tampa,12,57,401
3516,0.31934774,0.036143064,Tampa,12,57,402
3517,0.34357208,0.022444801,Tampa,12,57,601
3518,0.28644541,0.026316401,Tampa,12,57,602
3519,0.25795153,0.007952108,Tampa,12,57,700
3520,0.27603596,0.012858162,Tampa,12,57,800
3521,0.28093246,0.023287307,Tampa,12,57,901
3522,0.29423949,0.012256903,Tampa,12,57,902
3523,0.30635902,0.017559595,Tampa,12,57,1001
3524,0.30688313,0.0086878026,Tampa,12,57,1002
3525,0.26496348,0.023664277,Tampa,12,57,1100
3526,0.29489225,0.022139492,Tampa,12,57,1200
3527,0.34617773,0.031208688,Tampa,12,57,1300
3528,0.37693253,0.036399256,Tampa,12,57,1400
3529,0.44717178,0.07885585,Tampa,12,57,1500
3530,0.22506313,0.040563118,Tampa,12,57,1600
3531,0.29720768,0.016362786,Tampa,12,57,1700
3532,0.2782864,0.010630504,Tampa,12,57,1800
3533,0.28000629,0.010045975,Tampa,12,57,1900
3534,0.29772112,0.01303127,Tampa,12,57,2000
3535,0.27653831,0.013817855,Tampa,12,57,2100
3536,0.24940026,0.031381201,Tampa,12,57,2200
3537,0.31331667,0.028732998,Tampa,12,57,2300
3538,0.33380106,0.024037598,Tampa,12,57,2400
3539,0.32064265,0.021943374,Tampa,12,57,2500
3540,0.22732168,0.055441137,Tampa,12,57,2600
3541,0.32329783,0.030570911,Tampa,12,57,2700
3542,0.35856912,0.038523655,Tampa,12,57,2800
3543,0.30129874,0.019129366,Tampa,12,57,2900
3544,0.27243918,0.011653226,Tampa,12,57,3000
3545,0.31070516,0.013752051,Tampa,12,57,3100
3546,0.29412249,0.01660894,Tampa,12,57,3200
3547,0.302627,0.01410439,Tampa,12,57,3300
3548,0.2888228,0.01181511,Tampa,12,57,3400
3549,0.25621486,0.010876502,Tampa,12,57,3500
3550,0.27017376,0.0085922182,Tampa,12,57,3600
3551,0.23382974,0.02948695,Tampa,12,57,3700
3552,0.26914653,0.017125187,Tampa,12,57,3800
3553,0.25584456,0.014806532,Tampa,12,57,3900
3554,0.2475324,0.01648559,Tampa,12,57,4000
3555,0.28759313,0.021282934,Tampa,12,57,4100
3556,0.31002182,0.020338414,Tampa,12,57,4200
3557,0.24978316,0.012260353,Tampa,12,57,4300
3558,0.29323187,0.016757624,Tampa,12,57,4400
3559,0.27873567,0.021521034,Tampa,12,57,4500
3560,0.3024672,0.015309802,Tampa,12,57,4600
3561,0.22638424,0.044868741,Tampa,12,57,4700
3562,0.32445529,0.023806358,Tampa,12,57,4800
3563,0.25383326,0.013445246,Tampa,12,57,4900
3564,0.2864899,0.016421869,Tampa,12,57,5000
3565,0.2773073,0.050649181,Tampa,12,57,5302
3566,0.3245241,0.025027398,Tampa,12,57,5700
3567,0.32793507,0.06201461,Tampa,12,57,6103
3568,0.31396663,0.035297204,Tampa,12,57,6501
3569,0.39197639,0.066704929,Tampa,12,57,6600
3570,0.30110389,0.035555691,Tampa,12,57,6801
3571,0.34570107,0.060362846,Tampa,12,57,6802
3572,0.3696332,0.032368027,Tampa,12,57,6900
3573,0.3146123,0.02781922,Tampa,12,57,7001
3574,0.36663392,0.031852182,Tampa,12,57,7002
3575,0.321569,0.044147499,Tampa,12,57,7102
3576,0.45215148,0.040989187,Tampa,12,57,7103
3577,0.32732421,0.023287773,Tampa,12,57,7200
3578,0.41483504,0.037034024,Tampa,12,57,7300
3579,0.25479305,0.027319724,Tampa,12,57,10203
3580,0.32783595,0.025289593,Tampa,12,57,10204
3581,0.40770808,0.054891665,Tampa,12,57,10205
3582,0.36178482,0.051462077,Tampa,12,57,10209
3583,0.35292232,0.0956515,Tampa,12,57,10211
3584,0.27570674,0.07477501,Tampa,12,57,10212
3585,0.25334051,0.027917037,Tampa,12,57,10213
3586,0.36101389,0.059103034,Tampa,12,57,10304
3587,0.33694112,0.03388283,Tampa,12,57,10305
3588,0.30578482,0.01662457,Tampa,12,57,10401
3589,0.29449514,0.014303189,Tampa,12,57,10402
3590,0.28652394,0.0086592082,Tampa,12,57,10501
3591,0.34564933,0.01720698,Tampa,12,57,10502
3592,0.28612909,0.020362768,Tampa,12,57,10600
3593,0.31079254,0.020550907,Tampa,12,57,10701
3594,0.27847344,0.027729828,Tampa,12,57,10702
3595,0.25784907,0.011407653,Tampa,12,57,10805
3596,0.33178827,0.017756013,Tampa,12,57,10808
3597,0.43974081,0.05915346,Tampa,12,57,10809
3598,0.32079694,0.047333375,Tampa,12,57,10810
3599,0.28925025,0.017778648,Tampa,12,57,10811
3600,0.37758332,0.035621069,Tampa,12,57,10812
3601,0.3458358,0.029704917,Tampa,12,57,10813
3602,0.31157988,0.018756906,Tampa,12,57,10814
3603,0.28711659,0.018040555,Tampa,12,57,10815
3604,0.29508257,0.013237487,Tampa,12,57,10816
3605,0.26449031,0.017919028,Tampa,12,57,10817
3606,0.2746177,0.011547475,Tampa,12,57,10818
3607,0.26773098,0.024107182,Tampa,12,57,11003
3608,0.31618783,0.11341323,Tampa,12,57,11006
3609,0.38869032,0.067927107,Tampa,12,57,11008
3610,0.29806304,0.036584705,Tampa,12,57,11010
3611,0.42411211,0.078928724,Tampa,12,57,11013
3612,0.257543,0.059109543,Tampa,12,57,11014
3613,0.37537354,0.03397049,Tampa,12,57,11015
3614,0.40092656,0.070530534,Tampa,12,57,11106
3615,0.3070468,0.04418046,Tampa,12,57,11107
3616,0.35704079,0.07652624,Tampa,12,57,11203
3617,0.38120407,0.045164209,Tampa,12,57,11204
3618,0.28175595,0.036933836,Tampa,12,57,11206
3619,0.26382515,0.043705735,Tampa,12,57,11304
3620,0.44342756,0.11562636,Tampa,12,57,11408
3621,0.31666061,0.049001701,Tampa,12,57,11410
3622,0.31384063,0.056190237,Tampa,12,57,11412
3623,0.47578368,0.049743548,Tampa,12,57,11413
3624,0.3547346,0.035295922,Tampa,12,57,11414
3625,0.26631087,0.037756842,Tampa,12,57,11415
3626,0.31763342,0.023245243,Tampa,12,57,11416
3627,0.34440246,0.052218851,Tampa,12,57,11417
3628,0.61042696,0.085578449,Tampa,12,57,11418
3629,0.32259178,0.061301641,Tampa,12,57,11506
3630,0.43090212,0.10395819,Tampa,12,57,11507
3631,0.31524292,0.040278081,Tampa,12,57,11514
3632,0.33374944,0.059967931,Tampa,12,57,11515
3633,0.46844995,0.088631332,Tampa,12,57,11516
3634,0.27258259,0.077408396,Tampa,12,57,11517
3635,0.47183186,0.094159871,Tampa,12,57,11518
3636,0.46793634,0.06884668,Tampa,12,57,11521
3637,0.30148342,0.037330154,Tampa,12,57,11524
3638,0.34416044,0.042391062,Tampa,12,57,11603
3639,0.34519026,0.029398391,Tampa,12,57,11605
3640,0.30579361,0.055080615,Tampa,12,57,11606
3641,0.32633558,0.054115716,Tampa,12,57,11607
3642,0.31314811,0.040357303,Tampa,12,57,11610
3643,0.30911949,0.03188644,Tampa,12,57,11611
3644,0.4012056,0.031168099,Tampa,12,57,11612
3645,0.34995577,0.040117387,Tampa,12,57,11613
3646,0.3596257,0.022750705,Tampa,12,57,11614
3647,0.27469155,0.048447765,Tampa,12,57,11615
3648,0.3330262,0.024135971,Tampa,12,57,11706
3649,0.35745496,0.051438592,Tampa,12,57,11708
3650,0.35048789,0.046361659,Tampa,12,57,11710
3651,0.3723928,0.055738628,Tampa,12,57,11712
3652,0.29078656,0.050448053,Tampa,12,57,11802
3653,0.34058803,0.022901688,Tampa,12,57,11803
3654,0.36781359,0.030248789,Tampa,12,57,11804
3655,0.31714004,0.022774575,Tampa,12,57,11901
3656,0.28714585,0.029131016,Tampa,12,57,11902
3657,0.29345232,0.031063745,Tampa,12,57,11904
3658,0.29697794,0.022404633,Tampa,12,57,11906
3659,0.30564931,0.017139144,Tampa,12,57,12001
3660,0.29751915,0.016575165,Tampa,12,57,12002
3661,0.29302934,0.030750064,Tampa,12,57,12103
3662,0.31716454,0.038675491,Tampa,12,57,12104
3663,0.48674154,0.11643719,Tampa,12,57,12106
3664,0.32766467,0.037972696,Tampa,12,57,12107
3665,0.34139991,0.042778425,Tampa,12,57,12108
3666,0.35741547,0.03124805,Tampa,12,57,12206
3667,0.34937862,0.034723587,Tampa,12,57,12207
3668,0.45750722,0.043328609,Tampa,12,57,12208
3669,0.34987053,0.077449247,Tampa,12,57,12209
3670,0.38979149,0.076330036,Tampa,12,57,12210
3671,0.3222051,0.025879899,Tampa,12,57,12212
3672,0.26525384,0.035815213,Tampa,12,57,12213
3673,0.42241132,0.04295804,Tampa,12,57,12301
3674,0.39105266,0.053196426,Tampa,12,57,12303
3675,0.35870337,0.042816445,Tampa,12,57,12304
3676,0.25502324,0.062546402,Tampa,12,57,12501
3677,0.44410029,0.072458006,Tampa,12,57,12503
3678,0.30041069,0.018371837,Tampa,12,57,12600
3679,0.2655564,0.032939244,Tampa,12,57,12701
3680,0.39083564,0.067615874,Tampa,12,57,12800
3681,0.28535035,0.016374853,Tampa,12,57,12900
3682,0.32730886,0.032662224,Tampa,12,57,13002
3683,0.32155764,0.024232393,Tampa,12,57,13004
3684,0.33553347,0.055750806,Tampa,12,57,13100
3685,0.46532619,0.077634722,Tampa,12,57,13203
3686,0.38803861,0.040896345,Tampa,12,57,13205
3687,0.35721537,0.061899494,Tampa,12,57,13206
3688,0.32332173,0.07106787,Tampa,12,57,13305
3689,0.4157719,0.044799075,Tampa,12,57,13307
3690,0.3296465,0.045251746,Tampa,12,57,13310
3691,0.29040352,0.041212723,Tampa,12,57,13311
3692,0.34772944,0.041867156,Tampa,12,57,13312
3693,0.36912793,0.04862649,Tampa,12,57,13313
3694,0.32944784,0.048770756,Tampa,12,57,13314
3695,0.28950804,0.069603942,Tampa,12,57,13315
3696,0.35460672,0.040632002,Tampa,12,57,13316
3697,0.47455728,0.066982664,Tampa,12,57,13318
3698,0.40087891,0.042009421,Tampa,12,57,13320
3699,0.3649298,0.026134409,Tampa,12,57,13321
3700,0.38592669,0.037405092,Tampa,12,57,13322
3701,0.34815797,0.036620419,Tampa,12,57,13407
3702,0.41509113,0.084989466,Tampa,12,57,13409
3703,0.36952609,0.044249501,Tampa,12,57,13410
3704,0.32824013,0.052329186,Tampa,12,57,13412
3705,0.52082497,0.084808722,Tampa,12,57,13413
3706,0.4680796,0.051571481,Tampa,12,57,13414
3707,0.31729403,0.066474013,Tampa,12,57,13415
3708,0.25141609,0.018252561,Tampa,12,57,13501
3709,0.28247637,0.016291307,Tampa,12,57,13503
3710,0.29725459,0.014268042,Tampa,12,57,13504
3711,0.3003836,0.014303578,Tampa,12,57,13505
3712,0.30016488,0.013057416,Tampa,12,57,13702
3713,0.30412653,0.015954044,Tampa,12,57,13703
3714,0.41577363,0.057849839,Tampa,12,57,13704
3715,0.30145898,0.039898265,Tampa,12,57,13804
3716,0.35964638,0.04673579,Tampa,12,57,13807
3717,0.26352239,0.050259035,Tampa,12,57,13908
3718,0.18009117,0.056968167,Tampa,12,57,13913
3719,0.39728487,0.060479399,Tampa,12,57,13915
3720,0.42992485,0.063613944,Tampa,12,57,13916
3721,0.37986457,0.055680595,Tampa,12,57,13917
3722,0.28947014,0.043626115,Tampa,12,57,13919
3723,0.3587786,0.029440325,Miami,12,86,109
3724,0.33400598,0.058764834,Miami,12,86,120
3725,0.33066839,0.017415246,Miami,12,86,124
3726,0.27328789,0.053623948,Miami,12,86,134
3727,0.36103627,0.014866685,Miami,12,86,202
3728,0.36405051,0.011989911,Miami,12,86,204
3729,0.36690107,0.0097830398,Miami,12,86,206
3730,0.37203404,0.010253374,Miami,12,86,209
3731,0.32701981,0.029188173,Miami,12,86,211
3732,0.33386266,0.011006718,Miami,12,86,212
3733,0.37294167,0.015776237,Miami,12,86,213
3734,0.38343948,0.019966869,Miami,12,86,214
3735,0.36359993,0.011783917,Miami,12,86,215
3736,0.36155105,0.011785634,Miami,12,86,216
3737,0.35283795,0.0087373331,Miami,12,86,217
3738,0.33961096,0.011977031,Miami,12,86,218
3739,0.34044501,0.011770092,Miami,12,86,219
3740,0.36517411,0.011139753,Miami,12,86,220
3741,0.35808533,0.0094050365,Miami,12,86,301
3742,0.3701683,0.01735737,Miami,12,86,302
3743,0.36565542,0.0094078034,Miami,12,86,305
3744,0.3645626,0.012120724,Miami,12,86,306
3745,0.37912872,0.011153869,Miami,12,86,307
3746,0.3723709,0.011752613,Miami,12,86,308
3747,0.29441965,0.010275302,Miami,12,86,402
3748,0.29458687,0.0073854644,Miami,12,86,403
3749,0.33678457,0.0077056284,Miami,12,86,404
3750,0.36545247,0.0097040264,Miami,12,86,405
3751,0.32441068,0.0075781438,Miami,12,86,408
3752,0.35167158,0.0096948305,Miami,12,86,409
3753,0.35555902,0.010004813,Miami,12,86,410
3754,0.36194122,0.0088861408,Miami,12,86,411
3755,0.3094002,0.0083375918,Miami,12,86,412
3756,0.36186269,0.0103724,Miami,12,86,413
3757,0.34938836,0.011268861,Miami,12,86,414
3758,0.31323797,0.0084512178,Miami,12,86,501
3759,0.32798615,0.0094470028,Miami,12,86,503
3760,0.31273818,0.011217003,Miami,12,86,504
3761,0.50825298,0.082425982,Miami,12,86,505
3762,0.31677622,0.025107455,Miami,12,86,711
3763,0.33096838,0.016705286,Miami,12,86,901
3764,0.33581349,0.011992091,Miami,12,86,902
3765,0.29427049,0.013864533,Miami,12,86,903
3766,0.3045907,0.0072790794,Miami,12,86,1002
3767,0.31076363,0.0084649492,Miami,12,86,1003
3768,0.28384912,0.0071534663,Miami,12,86,1004
3769,0.30841836,0.015376474,Miami,12,86,1005
3770,0.33911598,0.010066243,Miami,12,86,1006
3771,0.37809345,0.0099949287,Miami,12,86,1101
3772,0.37509963,0.010569407,Miami,12,86,1102
3773,0.37519285,0.011026742,Miami,12,86,1103
3774,0.3706108,0.018194651,Miami,12,86,1104
3775,0.38023117,0.010151373,Miami,12,86,1203
3776,0.30875948,0.019368954,Miami,12,86,1204
3777,0.40141243,0.054035723,Miami,12,86,1205
3778,0.37548083,0.024081755,Miami,12,86,1206
3779,0.38115811,0.010851065,Miami,12,86,1301
3780,0.34976965,0.0096848365,Miami,12,86,1302
3781,0.35542309,0.0086543271,Miami,12,86,1401
3782,0.34942868,0.0081995707,Miami,12,86,1402
3783,0.27413538,0.0099346898,Miami,12,86,1501
3784,0.278979,0.007800275,Miami,12,86,1502
3785,0.28927678,0.0094012897,Miami,12,86,1701
3786,0.28195739,0.011026737,Miami,12,86,1702
3787,0.315451,0.041755982,Miami,12,86,1703
3788,0.29848331,0.009530195,Miami,12,86,1801
3789,0.2848874,0.0085309651,Miami,12,86,1802
3790,0.28050026,0.0092078522,Miami,12,86,1803
3791,0.29117787,0.0075460686,Miami,12,86,1901
3792,0.26289463,0.0082473801,Miami,12,86,1903
3793,0.29669464,0.0085431207,Miami,12,86,1904
3794,0.31427038,0.0078997919,Miami,12,86,2001
3795,0.30921423,0.0087745758,Miami,12,86,2003
3796,0.33576694,0.010209047,Miami,12,86,2004
3797,0.35379741,0.022485951,Miami,12,86,2100
3798,0.35429573,0.0082540149,Miami,12,86,2201
3799,0.32550803,0.0074538542,Miami,12,86,2202
3800,0.30492353,0.007553542,Miami,12,86,2300
3801,0.31663641,0.026665321,Miami,12,86,2402
3802,0.27782714,0.027105864,Miami,12,86,2403
3803,0.36837742,0.020554816,Miami,12,86,2404
3804,0.31718478,0.012478059,Miami,12,86,2501
3805,0.30082017,0.012533831,Miami,12,86,2502
3806,0.34856299,0.01664889,Miami,12,86,2600
3807,0.30484968,0.028999761,Miami,12,86,2702
3808,0.40957254,0.065238453,Miami,12,86,2703
3809,0.38428751,0.034203209,Miami,12,86,2705
3810,0.36668128,0.024739545,Miami,12,86,2706
3811,0.35080591,0.023587367,Miami,12,86,2800
3812,0.34253713,0.024486233,Miami,12,86,2900
3813,0.30831084,0.018945027,Miami,12,86,3001
3814,0.38191029,0.04103972,Miami,12,86,3003
3815,0.32218388,0.027913915,Miami,12,86,3004
3816,0.27062058,0.0081467135,Miami,12,86,3100
3817,0.29885709,0.01216033,Miami,12,86,3400
3818,0.3103579,0.018126247,Miami,12,86,3601
3819,0.40129817,0.043424871,Miami,12,86,3602
3820,0.30526644,0.024703106,Miami,12,86,3702
3821,0.35209063,0.047500141,Miami,12,86,3911
3822,0.30684441,0.042113829,Miami,12,86,3912
3823,0.37571612,0.065630697,Miami,12,86,3913
3824,0.43883139,0.078205153,Miami,12,86,3914
3825,0.31450674,0.026518615,Miami,12,86,3915
3826,0.28377688,0.02724158,Miami,12,86,3916
3827,0.35024372,0.069686674,Miami,12,86,3917
3828,0.46015278,0.084931187,Miami,12,86,4000
3829,0.36669108,0.064405195,Miami,12,86,4206
3830,0.29863685,0.0603811,Miami,12,86,4303
3831,0.35711703,0.062239483,Miami,12,86,4403
3832,0.40056726,0.051843684,Miami,12,86,4405
3833,0.34314469,0.059870932,Miami,12,86,4702
3834,0.4446342,0.086206608,Miami,12,86,4703
3835,0.31712669,0.061054967,Miami,12,86,5202
3836,0.36541948,0.06390664,Miami,12,86,5302
3837,0.36232489,0.061581161,Miami,12,86,6602
3838,0.38537264,0.074039236,Miami,12,86,7001
3839,0.29662204,0.015893241,Miami,12,86,7101
3840,0.29384351,0.012147486,Miami,12,86,7200
3841,0.2701425,0.037376478,Miami,12,86,7400
3842,0.27464855,0.013040711,Miami,12,86,7603
3843,0.25131083,0.060235616,Miami,12,86,7604
3844,0.27284703,0.0235599,Miami,12,86,7606
3845,0.35340136,0.050419737,Miami,12,86,7704
3846,0.3673549,0.046180453,Miami,12,86,7804
3847,0.43136567,0.082981147,Miami,12,86,7805
3848,0.53365833,0.069898553,Miami,12,86,8202
3849,0.3171508,0.05543863,Miami,12,86,8206
3850,0.31911749,0.029702304,Miami,12,86,8208
3851,0.43361419,0.063290313,Miami,12,86,8209
3852,0.31616411,0.007718917,Miami,12,86,8304
3853,0.45950559,0.042548258,Miami,12,86,8305
3854,0.37106133,0.014835709,Miami,12,86,8306
3855,0.37447715,0.013748178,Miami,12,86,8307
3856,0.37697825,0.016244233,Miami,12,86,8308
3857,0.27777979,0.0087053804,Miami,12,86,8309
3858,0.30023813,0.047081254,Miami,12,86,8405
3859,0.3653914,0.06136328,Miami,12,86,8407
3860,0.38960916,0.049431469,Miami,12,86,8409
3861,0.47850722,0.075320818,Miami,12,86,8410
3862,0.56743479,0.053941779,Miami,12,86,8412
3863,0.51097238,0.038595084,Miami,12,86,8414
3864,0.34858203,0.09425994,Miami,12,86,8415
3865,0.41667056,0.051094953,Miami,12,86,8417
3866,0.50616872,0.059736479,Miami,12,86,8419
3867,0.20399009,0.057258267,Miami,12,86,9010
3868,0.38772306,0.04053751,Miami,12,86,9035
3869,0.27234721,0.042355374,Miami,12,86,9100
3870,0.39364037,0.080724373,Miami,12,86,9305
3871,0.37884042,0.043140493,Miami,12,86,9307
3872,0.36988723,0.053536903,Miami,12,86,9308
3873,0.30287063,0.038871363,Miami,12,86,9312
3874,0.47643003,0.080891415,Miami,12,86,9313
3875,0.32314682,0.0082550151,Miami,12,86,9400
3876,0.34317872,0.0086573157,Miami,12,86,9501
3877,0.33024439,0.010237263,Miami,12,86,9503
3878,0.33464816,0.0099965278,Miami,12,86,9504
3879,0.37161529,0.0094318176,Miami,12,86,9600
3880,0.38694343,0.071003102,Miami,12,86,9703
3881,0.44231987,0.047580145,Miami,12,86,9704
3882,0.30869773,0.036724612,Miami,12,86,9705
3883,0.36827961,0.073881708,Miami,12,86,9706
3884,0.37408164,0.017144844,Miami,12,86,9803
3885,0.40659693,0.025444381,Miami,12,86,9804
3886,0.42855641,0.047058862,Miami,12,86,9806
3887,0.37396383,0.017031511,Miami,12,86,9807
3888,0.39570668,0.019332124,Miami,12,86,9808
3889,0.3689912,0.012060782,Miami,12,86,9901
3890,0.36072892,0.01120706,Miami,12,86,9903
3891,0.29332143,0.0099149365,Miami,12,86,9904
3892,0.37393939,0.010050182,Miami,12,86,9905
3893,0.35443711,0.0091814389,Miami,12,86,9906
3894,0.31166673,0.0081548197,Miami,12,86,10001
3895,0.36651453,0.015519317,Miami,12,86,10005
3896,0.32359603,0.0083749071,Miami,12,86,10006
3897,0.3152574,0.010106595,Miami,12,86,10009
3898,0.31893191,0.010445546,Miami,12,86,10010
3899,0.32629177,0.0088164872,Miami,12,86,10011
3900,0.34521767,0.0098760985,Miami,12,86,10012
3901,0.32877317,0.025834292,Miami,12,86,10013
3902,0.31238359,0.050980721,Miami,12,86,10015
3903,0.38409951,0.025797997,Miami,12,86,10016
3904,0.6076768,0.064096861,Miami,12,86,10198
3905,0.36181018,0.062622324,Miami,12,86,10201
3906,0.34332314,0.019055586,Miami,12,86,10204
3907,0.3266651,0.017087005,Miami,12,86,10205
3908,0.30251205,0.013723891,Miami,12,86,10207
3909,0.28162092,0.013452258,Miami,12,86,10208
3910,0.35621884,0.015839091,Miami,12,86,10209
3911,0.32028463,0.012435123,Miami,12,86,10210
3912,0.4555538,0.066629186,Miami,12,86,10300
3913,0.34186414,0.029670101,Miami,12,86,10400
3914,0.30745664,0.0096078943,Miami,12,86,10500
3915,0.46782744,0.04489816,Miami,12,86,10604
3916,0.33426571,0.022667998,Miami,12,86,10606
3917,0.35692748,0.025816942,Miami,12,86,10608
3918,0.32232517,0.01689156,Miami,12,86,10609
3919,0.37229893,0.050246257,Miami,12,86,10610
3920,0.43214259,0.038143206,Miami,12,86,10612
3921,0.33619097,0.033980582,Miami,12,86,10613
3922,0.28415653,0.011584629,Miami,12,86,10614
3923,0.32049033,0.013582604,Miami,12,86,10703
3924,0.32208818,0.012344128,Miami,12,86,10704
3925,0.29840106,0.017243622,Miami,12,86,10801
3926,0.28842038,0.012547051,Miami,12,86,10802
3927,0.30391425,0.016625989,Miami,12,86,10900
3928,0.31106114,0.015943075,Miami,12,86,11001
3929,0.30965409,0.020762779,Miami,12,86,11003
3930,0.31785664,0.018537728,Miami,12,86,11005
3931,0.34462395,0.073331118,Miami,12,86,11008
3932,0.31956804,0.015515205,Miami,12,86,11101
3933,0.32689431,0.03991054,Miami,12,86,11102
3934,0.32611129,0.018325375,Miami,12,86,11201
3935,0.34508342,0.018835612,Miami,12,86,11202
3936,0.28016832,0.0077252402,Miami,12,86,11300
3937,0.31423676,0.024496634,Miami,12,86,11401
3938,0.31143594,0.012881391,Miami,12,86,11403
3939,0.26220402,0.022571914,Miami,12,86,11404
3940,0.40447882,0.02958763,Miami,12,86,11600
3941,0.38624504,0.020065714,Miami,12,86,11700
3942,0.39931038,0.027583132,Miami,12,86,11800
3943,0.36326724,0.031766534,Miami,12,86,11900
3944,0.30545333,0.015300023,Miami,12,86,12000
3945,0.35941708,0.021137107,Miami,12,86,12100
3946,0.39564836,0.04456947,Miami,12,86,12300
3947,0.35391098,0.058522463,Miami,12,86,12400
3948,0.38697049,0.063402221,Miami,12,86,15600
3949,0.406187,0.066916309,Miami,12,86,16600
3950,0.53097403,0.083219104,Miami,12,86,16700
3951,0.43633717,0.080923431,Miami,12,86,16800
3952,0.39916202,0.079001203,Miami,12,86,16900
3953,0.34576634,0.045233808,Miami,12,86,17300
3954,0.43818226,0.05200721,Miami,12,86,17400
3955,0.52584571,0.073164999,Miami,12,86,17500
3956,0.47464862,0.05574204,Miami,12,86,17600
3957,0.45634189,0.044885941,Miami,12,86,17700
3958,0.39923826,0.034674086,Miami,12,86,17800
3959,0.43880454,0.079212323,Miami,12,86,17900
3960,0.4431369,0.066022135,Miami,12,86,18000
3961,0.38744113,0.052551486,Miami,12,86,18100
3962,0.30704474,0.058720659,Miami,12,86,18200
3963,0.35872781,0.042958509,Miami,12,86,18300
3964,0.46102026,0.052678805,Miami,12,86,18400
3965,0.38598171,0.042734846,Miami,12,86,18500
3966,0.39873695,0.037308518,Miami,12,86,18600
3967,0.48747799,0.071870089,Miami,12,86,18700
3968,0.36823261,0.037532918,Miami,12,86,18800
3969,0.35496691,0.044186201,Miami,12,86,18900
3970,0.43812871,0.053546943,Miami,12,86,19000
3971,0.40231279,0.083432898,Miami,12,86,19100
3972,0.42810956,0.044639453,Miami,12,86,19200
3973,0.31511077,0.030946337,Miami,12,86,19300
3974,0.57274377,0.081545882,Miami,12,86,19400
3975,0.46083847,0.044528067,Miami,12,86,19500
3976,0.52593338,0.057503186,Miami,12,86,19600
3977,0.45869252,0.055986997,Miami,12,86,19700
3978,0.33108225,0.052944127,Miami,12,86,19800
3979,0.44691443,0.04680014,Miami,12,86,19900
3980,0.38897455,0.047042139,Miami,12,86,20000
3981,0.4102596,0.064977631,Miami,12,86,20100
3982,0.34894696,0.023826178,Miami,12,86,20200
3983,0.34807786,0.026138924,Miami,12,86,20300
3984,0.44233993,0.07611879,Miami,12,87,970400
3985,0.34984747,0.040333644,Miami,12,87,971800
3986,0.41336903,0.038894441,Miami,12,87,971900
3987,0.37509489,0.036519703,Miami,12,87,972100
3988,0.39965895,0.027838903,Miami,12,87,972400
3989,0.26135704,0.057780866,Tampa,12,101,30411
3990,0.30739269,0.07014966,Tampa,12,101,32006
3991,0.43962526,0.071699567,Tampa,12,101,32008
3992,0.32574165,0.074347287,Tampa,12,101,32010
3993,0.34063408,0.076529242,Tampa,12,101,32011
3994,0.31628311,0.075303145,Tampa,12,101,32012
3995,0.29866064,0.059409905,Tampa,12,101,32108
3996,0.43517023,0.081578143,Tampa,12,101,32109
3997,0.46151522,0.086062931,Tampa,12,101,32112
3998,0.41657948,0.082309119,Tampa,12,101,32113
3999,0.27698889,0.034564707,Tampa,12,101,32402
4000,0.33164939,0.040590111,Tampa,12,101,32500
4001,0.27724445,0.019585049,Tampa,12,101,32601
4002,0.30824798,0.040139239,Tampa,12,101,32602
4003,0.29748991,0.025932159,Tampa,12,101,32700
4004,0.23457006,0.040896233,Tampa,12,101,33101
4005,0.29007494,0.0075875628,Tampa,12,103,20101
4006,0.31601122,0.049251571,Tampa,12,103,20105
4007,0.33845446,0.01512548,Tampa,12,103,20201
4008,0.3161765,0.017732313,Tampa,12,103,20202
4009,0.30355841,0.013508804,Tampa,12,103,20206
4010,0.3549377,0.024798691,Tampa,12,103,20207
4011,0.30710647,0.012901468,Tampa,12,103,20208
4012,0.31189451,0.013162109,Tampa,12,103,20209
4013,0.28250277,0.011130318,Tampa,12,103,20301
4014,0.30220887,0.01437385,Tampa,12,103,20302
4015,0.25601077,0.014195229,Tampa,12,103,20400
4016,0.27575409,0.0088048456,Tampa,12,103,20500
4017,0.28863564,0.0084441006,Tampa,12,103,20600
4018,0.26807845,0.0079769893,Tampa,12,103,20700
4019,0.29369947,0.0078574866,Tampa,12,103,20800
4020,0.28283086,0.0086660851,Tampa,12,103,21200
4021,0.28906193,0.032416251,Tampa,12,103,21500
4022,0.23446479,0.01573414,Tampa,12,103,21600
4023,0.24564616,0.011764345,Tampa,12,103,21800
4024,0.27754501,0.013660804,Tampa,12,103,21900
4025,0.28449404,0.0097581688,Tampa,12,103,22000
4026,0.29593176,0.018014366,Tampa,12,103,22100
4027,0.29973206,0.018008169,Tampa,12,103,22200
4028,0.42234474,0.064551339,Tampa,12,103,22301
4029,0.31856006,0.043728504,Tampa,12,103,22501
4030,0.46971625,0.073115245,Tampa,12,103,22502
4031,0.29305667,0.060996525,Tampa,12,103,22503
4032,0.23383377,0.040293984,Tampa,12,103,22700
4033,0.29403958,0.046583373,Tampa,12,103,22801
4034,0.3437328,0.034541093,Tampa,12,103,22901
4035,0.32889512,0.053124972,Tampa,12,103,22902
4036,0.39351857,0.069237836,Tampa,12,103,23000
4037,0.28677249,0.052190825,Tampa,12,103,23100
4038,0.30292651,0.05853815,Tampa,12,103,23200
4039,0.27082446,0.030178763,Tampa,12,103,23300
4040,0.27692822,0.030459138,Tampa,12,103,23400
4041,0.21800958,0.023326632,Tampa,12,103,23500
4042,0.22867481,0.033389591,Tampa,12,103,23600
4043,0.27732992,0.059302971,Tampa,12,103,23800
4044,0.34131232,0.058820501,Tampa,12,103,24100
4045,0.36901388,0.032648008,Tampa,12,103,24406
4046,0.38543546,0.046403181,Tampa,12,103,24408
4047,0.32943282,0.041864026,Tampa,12,103,24410
4048,0.35156217,0.057779063,Tampa,12,103,24412
4049,0.30361912,0.037489574,Tampa,12,103,24508
4050,0.27506682,0.030892266,Tampa,12,103,24510
4051,0.33716628,0.046054777,Tampa,12,103,24511
4052,0.27112404,0.039332327,Tampa,12,103,24514
4053,0.29003853,0.050555464,Tampa,12,103,24601
4054,0.47124532,0.062093183,Tampa,12,103,24602
4055,0.24960905,0.047797393,Tampa,12,103,24703
4056,0.35209239,0.057120185,Tampa,12,103,24804
4057,0.29025733,0.043324776,Tampa,12,103,24902
4058,0.31666073,0.055011552,Tampa,12,103,24905
4059,0.28010061,0.048478749,Tampa,12,103,24906
4060,0.30312261,0.056629591,Tampa,12,103,25009
4061,0.2402467,0.038791995,Tampa,12,103,25018
4062,0.26263186,0.02148149,Tampa,12,103,25207
4063,0.32131588,0.064717457,Tampa,12,103,25303
4064,0.27561951,0.015711026,Tampa,12,103,25307
4065,0.34873602,0.057800896,Tampa,12,103,25405
4066,0.37383214,0.058487151,Tampa,12,103,25408
4067,0.32494238,0.064059138,Tampa,12,103,25503
4068,0.28562695,0.063769042,Tampa,12,103,25506
4069,0.304131,0.058371268,Tampa,12,103,25603
4070,0.24219298,0.017943725,Tampa,12,103,25800
4071,0.28406698,0.033613581,Tampa,12,103,25900
4072,0.26035768,0.020069402,Tampa,12,103,26101
4073,0.23422807,0.015618519,Tampa,12,103,26200
4074,0.26802298,0.01250581,Tampa,12,103,26300
4075,0.29108492,0.033466015,Tampa,12,103,26400
4076,0.30502018,0.031089276,Tampa,12,103,26500
4077,0.29427838,0.060554776,Tampa,12,103,26602
4078,0.2460193,0.028151415,Tampa,12,103,26701
4079,0.27261043,0.035879649,Tampa,12,103,26702
4080,0.26279667,0.03930334,Tampa,12,103,26703
4081,0.32248095,0.039467975,Tampa,12,103,26804
4082,0.31890422,0.029848397,Tampa,12,103,26816
4083,0.3108384,0.033904068,Tampa,12,103,26817
4084,0.33647361,0.038550593,Tampa,12,103,26818
4085,0.33222795,0.033587668,Tampa,12,103,26819
4086,0.2536386,0.030594571,Tampa,12,103,27000
4087,0.26684269,0.035246767,Tampa,12,103,27101
4088,0.21058477,0.051872104,Tampa,12,103,27308
4089,0.46110132,0.11103646,Tampa,12,103,27317
4090,0.32355422,0.051323663,Tampa,12,103,27319
4091,0.32313865,0.056759268,Tampa,12,103,27320
4092,0.35967907,0.076736987,Tampa,12,103,27326
4093,0.33383828,0.053268809,Tampa,12,103,27401
4094,0.2527768,0.018664634,Tampa,12,103,27402
4095,0.35986429,0.061605278,Tampa,12,103,27502
4096,0.23967196,0.018064143,Tampa,12,103,28300
4097,0.33589903,0.045152284,Tampa,12,103,28500
4098,0.26521829,0.018808566,Tampa,12,103,28600
4099,0.27734199,0.01049106,Tampa,12,103,28700
4100,0.33312166,0.035883866,Atlanta,13,57,90400
4101,0.27638692,0.039891109,Atlanta,13,57,90602
4102,0.33118609,0.053686384,Atlanta,13,57,90701
4103,0.38748872,0.054701705,Atlanta,13,57,90902
4104,0.3216818,0.040320557,Atlanta,13,57,90904
4105,0.38604417,0.064376138,Atlanta,13,57,91001
4106,0.30001983,0.036708228,Atlanta,13,57,91003
4107,0.41111836,0.060945317,Atlanta,13,57,91005
4108,0.34344456,0.085875414,Atlanta,13,57,91007
4109,0.58211011,0.098412275,Atlanta,13,57,91008
4110,0.2818684,0.051693682,Atlanta,13,57,91102
4111,0.38587633,0.083010525,Atlanta,13,57,91103
4112,0.3192915,0.010754978,Atlanta,13,63,40202
4113,0.28943789,0.0093709845,Atlanta,13,63,40203
4114,0.31743157,0.010817907,Atlanta,13,63,40204
4115,0.29323879,0.013686758,Atlanta,13,63,40302
4116,0.3012833,0.010093775,Atlanta,13,63,40303
4117,0.31166512,0.012751526,Atlanta,13,63,40306
4118,0.30345237,0.016157202,Atlanta,13,63,40307
4119,0.27828658,0.014745964,Atlanta,13,63,40308
4120,0.30748177,0.016648537,Atlanta,13,63,40407
4121,0.33277825,0.010349191,Atlanta,13,63,40408
4122,0.3261379,0.01362327,Atlanta,13,63,40409
4123,0.27745906,0.011425206,Atlanta,13,63,40410
4124,0.33328453,0.012619263,Atlanta,13,63,40411
4125,0.30315772,0.010421257,Atlanta,13,63,40412
4126,0.32247806,0.0129799,Atlanta,13,63,40413
4127,0.33757514,0.035650577,Atlanta,13,63,40414
4128,0.30282372,0.008219325,Atlanta,13,63,40415
4129,0.28423947,0.01367574,Atlanta,13,63,40416
4130,0.29309759,0.010946256,Atlanta,13,63,40417
4131,0.32714635,0.012852215,Atlanta,13,63,40509
4132,0.29998434,0.010445437,Atlanta,13,63,40510
4133,0.31101695,0.010861182,Atlanta,13,63,40512
4134,0.3488757,0.014114002,Atlanta,13,63,40513
4135,0.30487165,0.011670654,Atlanta,13,63,40514
4136,0.30590495,0.0088129817,Atlanta,13,63,40515
4137,0.30916438,0.011711302,Atlanta,13,63,40516
4138,0.29189777,0.010576466,Atlanta,13,63,40518
4139,0.3194932,0.01029461,Atlanta,13,63,40519
4140,0.31412354,0.009893693,Atlanta,13,63,40520
4141,0.31630605,0.016339481,Atlanta,13,63,40521
4142,0.30072305,0.010046551,Atlanta,13,63,40522
4143,0.30581728,0.012924134,Atlanta,13,63,40523
4144,0.29973525,0.0096769733,Atlanta,13,63,40524
4145,0.31658006,0.017567666,Atlanta,13,63,40525
4146,0.31552017,0.011233104,Atlanta,13,63,40526
4147,0.25600815,0.03002858,Atlanta,13,63,40606
4148,0.34885207,0.017103538,Atlanta,13,63,40608
4149,0.33609754,0.017669139,Atlanta,13,63,40609
4150,0.29399383,0.010937683,Atlanta,13,63,40611
4151,0.29149115,0.013253315,Atlanta,13,63,40612
4152,0.31481469,0.016715538,Atlanta,13,63,40613
4153,0.31606278,0.025462676,Atlanta,13,63,40614
4154,0.32678738,0.023682689,Atlanta,13,63,40615
4155,0.34030747,0.012445611,Atlanta,13,63,40616
4156,0.28591758,0.058249094,Atlanta,13,63,40617
4157,0.29594851,0.01769607,Atlanta,13,63,40619
4158,0.33493766,0.025771383,Atlanta,13,63,40620
4159,0.34130475,0.014199323,Atlanta,13,63,40621
4160,0.33398286,0.013471787,Atlanta,13,63,40622
4161,0.30649742,0.014065981,Atlanta,13,63,980000
4162,0.3090826,0.047599703,Atlanta,13,67,30101
4163,0.41145498,0.043197155,Atlanta,13,67,30103
4164,0.31867209,0.030770853,Atlanta,13,67,30104
4165,0.36118367,0.034344725,Atlanta,13,67,30106
4166,0.43467024,0.059047222,Atlanta,13,67,30107
4167,0.33142409,0.053110264,Atlanta,13,67,30209
4168,0.36612657,0.042392608,Atlanta,13,67,30214
4169,0.29440454,0.03806936,Atlanta,13,67,30215
4170,0.32151142,0.088030219,Atlanta,13,67,30218
4171,0.43606558,0.10259859,Atlanta,13,67,30219
4172,0.34232718,0.06325762,Atlanta,13,67,30220
4173,0.32695413,0.047608864,Atlanta,13,67,30222
4174,0.45292696,0.043355785,Atlanta,13,67,30223
4175,0.40797785,0.061349396,Atlanta,13,67,30224
4176,0.34205788,0.033098482,Atlanta,13,67,30226
4177,0.40105399,0.031831492,Atlanta,13,67,30227
4178,0.36277825,0.033892859,Atlanta,13,67,30228
4179,0.46062642,0.068324685,Atlanta,13,67,30229
4180,0.42470002,0.046487205,Atlanta,13,67,30230
4181,0.34839702,0.09819515,Atlanta,13,67,30231
4182,0.30706784,0.031719107,Atlanta,13,67,30232
4183,0.34832314,0.058355287,Atlanta,13,67,30233
4184,0.35658377,0.069127671,Atlanta,13,67,30234
4185,0.31947765,0.057508662,Atlanta,13,67,30235
4186,0.43261847,0.06876903,Atlanta,13,67,30238
4187,0.3345654,0.065134712,Atlanta,13,67,30239
4188,0.36552095,0.035353668,Atlanta,13,67,30310
4189,0.42549908,0.057135038,Atlanta,13,67,30311
4190,0.36101601,0.040078048,Atlanta,13,67,30312
4191,0.31897298,0.027318623,Atlanta,13,67,30313
4192,0.43365759,0.074042499,Atlanta,13,67,30314
4193,0.34044939,0.044698473,Atlanta,13,67,30320
4194,0.38495541,0.13903283,Atlanta,13,67,30322
4195,0.42243215,0.058131848,Atlanta,13,67,30324
4196,0.42467368,0.070013046,Atlanta,13,67,30326
4197,0.27098751,0.06616953,Atlanta,13,67,30327
4198,0.58425921,0.11910035,Atlanta,13,67,30328
4199,0.47918889,0.085985929,Atlanta,13,67,30329
4200,0.36956474,0.071459495,Atlanta,13,67,30330
4201,0.28769758,0.084226742,Atlanta,13,67,30331
4202,0.25757009,0.074081466,Atlanta,13,67,30333
4203,0.26677099,0.077401079,Atlanta,13,67,30336
4204,0.36154869,0.032816835,Atlanta,13,67,30339
4205,0.28332165,0.092827149,Atlanta,13,67,30340
4206,0.3065688,0.081389755,Atlanta,13,67,30341
4207,0.46592295,0.11058137,Atlanta,13,67,30342
4208,0.29501876,0.080656432,Atlanta,13,67,30343
4209,0.31204647,0.017862191,Atlanta,13,67,30344
4210,0.34717101,0.024728078,Atlanta,13,67,30345
4211,0.32954612,0.022897696,Atlanta,13,67,30405
4212,0.41261169,0.055524804,Atlanta,13,67,30407
4213,0.40173915,0.041237101,Atlanta,13,67,30408
4214,0.61024904,0.12314778,Atlanta,13,67,30409
4215,0.34603712,0.030189095,Atlanta,13,67,30410
4216,0.29193413,0.016262783,Atlanta,13,67,30411
4217,0.33504879,0.019040899,Atlanta,13,67,30412
4218,0.33569297,0.016598094,Atlanta,13,67,30413
4219,0.30408448,0.014595456,Atlanta,13,67,30414
4220,0.33282673,0.029330943,Atlanta,13,67,30502
4221,0.31718764,0.016576326,Atlanta,13,67,30504
4222,0.35779417,0.019889867,Atlanta,13,67,30505
4223,0.34766817,0.03511285,Atlanta,13,67,30506
4224,0.32743976,0.039580561,Atlanta,13,67,30507
4225,0.36373952,0.025246592,Atlanta,13,67,30601
4226,0.36732799,0.03805697,Atlanta,13,67,30602
4227,0.30283788,0.013825046,Atlanta,13,67,30700
4228,0.29901111,0.023260538,Atlanta,13,67,30800
4229,0.33825171,0.022655174,Atlanta,13,67,30901
4230,0.29562208,0.017133158,Atlanta,13,67,30902
4231,0.32818747,0.014949354,Atlanta,13,67,30904
4232,0.30881566,0.027965305,Atlanta,13,67,30905
4233,0.29973087,0.021000922,Atlanta,13,67,31001
4234,0.32400393,0.015305287,Atlanta,13,67,31002
4235,0.34399712,0.015840163,Atlanta,13,67,31004
4236,0.35563415,0.025934335,Atlanta,13,67,31005
4237,0.37841657,0.023668313,Atlanta,13,67,31101
4238,0.36278331,0.021766728,Atlanta,13,67,31106
4239,0.34355906,0.017813304,Atlanta,13,67,31108
4240,0.31139761,0.029332593,Atlanta,13,67,31110
4241,0.30503693,0.037826262,Atlanta,13,67,31111
4242,0.32994166,0.019575328,Atlanta,13,67,31112
4243,0.28598857,0.029910753,Atlanta,13,67,31113
4244,0.31035438,0.017534325,Atlanta,13,67,31114
4245,0.27474245,0.023080388,Atlanta,13,67,31115
4246,0.33768213,0.019447053,Atlanta,13,67,31116
4247,0.3578577,0.028168133,Atlanta,13,67,31117
4248,0.33920357,0.030230585,Atlanta,13,67,31118
4249,0.35938972,0.032569122,Atlanta,13,67,31205
4250,0.29783887,0.016705194,Atlanta,13,67,31206
4251,0.3842732,0.038645636,Atlanta,13,67,31207
4252,0.33830613,0.029280879,Atlanta,13,67,31208
4253,0.32580939,0.047207341,Atlanta,13,67,31209
4254,0.34264001,0.038440596,Atlanta,13,67,31211
4255,0.26058507,0.018955791,Atlanta,13,67,31306
4256,0.34865719,0.028831251,Atlanta,13,67,31307
4257,0.29254895,0.016699312,Atlanta,13,67,31308
4258,0.31935546,0.015020258,Atlanta,13,67,31309
4259,0.29694298,0.011570469,Atlanta,13,67,31310
4260,0.29171088,0.0096207988,Atlanta,13,67,31311
4261,0.31840283,0.017767197,Atlanta,13,67,31312
4262,0.35651696,0.024922395,Atlanta,13,67,31313
4263,0.35906777,0.026570033,Atlanta,13,67,31404
4264,0.31311655,0.018266059,Atlanta,13,67,31405
4265,0.3053053,0.011460597,Atlanta,13,67,31406
4266,0.32686836,0.021639096,Atlanta,13,67,31408
4267,0.3475039,0.022373429,Atlanta,13,67,31409
4268,0.3223438,0.016350821,Atlanta,13,67,31503
4269,0.37003917,0.021686267,Atlanta,13,67,31505
4270,0.32041469,0.022640577,Atlanta,13,67,31506
4271,0.33139044,0.017798012,Atlanta,13,67,31507
4272,0.27664325,0.027807487,Atlanta,13,67,31508
4273,0.3087095,0.024113571,Atlanta,13,67,31509
4274,0.334012,0.040621419,Atlanta,13,89,20300
4275,0.3335928,0.054844271,Atlanta,13,89,20400
4276,0.29532629,0.01262781,Atlanta,13,89,20500
4277,0.28161663,0.013434087,Atlanta,13,89,20600
4278,0.27728716,0.01332462,Atlanta,13,89,20700
4279,0.29660508,0.013839294,Atlanta,13,89,20801
4280,0.26729673,0.0092188688,Atlanta,13,89,20802
4281,0.28994325,0.0080060931,Atlanta,13,89,20900
4282,0.31727007,0.028052172,Atlanta,13,89,21101
4283,0.35317734,0.028573349,Atlanta,13,89,21102
4284,0.22722624,0.079088569,Atlanta,13,89,21202
4285,0.30153108,0.0248462,Atlanta,13,89,21204
4286,0.36390799,0.052607279,Atlanta,13,89,21208
4287,0.33890256,0.028713534,Atlanta,13,89,21209
4288,0.34133136,0.083890699,Atlanta,13,89,21211
4289,0.31492588,0.047004815,Atlanta,13,89,21215
4290,0.44122246,0.055986777,Atlanta,13,89,21216
4291,0.35378289,0.041745815,Atlanta,13,89,21217
4292,0.37169805,0.029066922,Atlanta,13,89,21218
4293,0.28721985,0.01785584,Atlanta,13,89,21301
4294,0.32218894,0.016076403,Atlanta,13,89,21303
4295,0.31292766,0.01715323,Atlanta,13,89,21305
4296,0.3138901,0.017869273,Atlanta,13,89,21306
4297,0.35119724,0.023926511,Atlanta,13,89,21307
4298,0.34860387,0.032636736,Atlanta,13,89,21308
4299,0.29079893,0.038163122,Atlanta,13,89,21405
4300,0.33574674,0.028540935,Atlanta,13,89,21409
4301,0.3783583,0.032352135,Atlanta,13,89,21410
4302,0.26390666,0.034210771,Atlanta,13,89,21412
4303,0.31485543,0.023667142,Atlanta,13,89,21413
4304,0.34087127,0.025835123,Atlanta,13,89,21414
4305,0.31196439,0.064346343,Atlanta,13,89,21415
4306,0.28771314,0.029441377,Atlanta,13,89,21416
4307,0.34889331,0.027117493,Atlanta,13,89,21417
4308,0.30473199,0.051106274,Atlanta,13,89,21502
4309,0.37668848,0.049447931,Atlanta,13,89,21503
4310,0.29615268,0.057679556,Atlanta,13,89,21504
4311,0.28963515,0.059280246,Atlanta,13,89,21602
4312,0.35621023,0.050100315,Atlanta,13,89,21603
4313,0.37899134,0.029448546,Atlanta,13,89,21605
4314,0.33291447,0.029305819,Atlanta,13,89,21704
4315,0.34490824,0.027300758,Atlanta,13,89,21705
4316,0.40386572,0.035708666,Atlanta,13,89,21706
4317,0.33312717,0.015155985,Atlanta,13,89,21805
4318,0.3176401,0.013578392,Atlanta,13,89,21806
4319,0.3174431,0.025034521,Atlanta,13,89,21808
4320,0.42523217,0.062009454,Atlanta,13,89,21809
4321,0.40170309,0.054314662,Atlanta,13,89,21810
4322,0.28878966,0.042552508,Atlanta,13,89,21812
4323,0.36944023,0.029606458,Atlanta,13,89,21813
4324,0.33744776,0.015511492,Atlanta,13,89,21814
4325,0.33131263,0.0099985218,Atlanta,13,89,21906
4326,0.32126296,0.010665795,Atlanta,13,89,21907
4327,0.32262501,0.0097328071,Atlanta,13,89,21908
4328,0.32483381,0.0077849263,Atlanta,13,89,21909
4329,0.33150479,0.013334719,Atlanta,13,89,21910
4330,0.29513979,0.010129173,Atlanta,13,89,21911
4331,0.43298194,0.10222942,Atlanta,13,89,21912
4332,0.33287331,0.010106184,Atlanta,13,89,21913
4333,0.276207,0.02565255,Atlanta,13,89,22001
4334,0.35208678,0.011728198,Atlanta,13,89,22004
4335,0.31788692,0.010690291,Atlanta,13,89,22005
4336,0.30896327,0.0098239435,Atlanta,13,89,22007
4337,0.30328542,0.0077809985,Atlanta,13,89,22008
4338,0.31317446,0.0080902381,Atlanta,13,89,22009
4339,0.33691007,0.020706829,Atlanta,13,89,22010
4340,0.28764829,0.010113954,Atlanta,13,89,22100
4341,0.28986299,0.042936116,Atlanta,13,89,22203
4342,0.32372168,0.014408849,Atlanta,13,89,22204
4343,0.26380125,0.040886961,Atlanta,13,89,22301
4344,0.34881285,0.031545009,Atlanta,13,89,22302
4345,0.40662894,0.070628233,Atlanta,13,89,22402
4346,0.30405715,0.016425168,Atlanta,13,89,22500
4347,0.29061937,0.038823586,Atlanta,13,89,22600
4348,0.28858057,0.0095161842,Atlanta,13,89,22700
4349,0.30470943,0.018657442,Atlanta,13,89,22800
4350,0.2979331,0.012029135,Atlanta,13,89,22900
4351,0.33244219,0.032377355,Atlanta,13,89,23000
4352,0.27994651,0.0067141233,Atlanta,13,89,23101
4353,0.29211381,0.0098157376,Atlanta,13,89,23102
4354,0.29527918,0.0081265345,Atlanta,13,89,23107
4355,0.30077404,0.0075044441,Atlanta,13,89,23108
4356,0.34973601,0.02147907,Atlanta,13,89,23111
4357,0.31093958,0.0082921293,Atlanta,13,89,23112
4358,0.29668483,0.0097196382,Atlanta,13,89,23113
4359,0.31920519,0.016691435,Atlanta,13,89,23114
4360,0.34616002,0.010821811,Atlanta,13,89,23204
4361,0.31826374,0.0087883594,Atlanta,13,89,23206
4362,0.31806722,0.0084692435,Atlanta,13,89,23208
4363,0.33893955,0.010418641,Atlanta,13,89,23209
4364,0.33365074,0.0090863341,Atlanta,13,89,23210
4365,0.36979932,0.014588472,Atlanta,13,89,23211
4366,0.33874688,0.013199735,Atlanta,13,89,23212
4367,0.32478356,0.011010825,Atlanta,13,89,23213
4368,0.3390066,0.0099872816,Atlanta,13,89,23214
4369,0.30378759,0.010148607,Atlanta,13,89,23303
4370,0.36662874,0.013056187,Atlanta,13,89,23306
4371,0.31689769,0.007241745,Atlanta,13,89,23309
4372,0.30431333,0.0072159949,Atlanta,13,89,23310
4373,0.38132662,0.017587336,Atlanta,13,89,23311
4374,0.34751672,0.01131601,Atlanta,13,89,23312
4375,0.34684151,0.012582869,Atlanta,13,89,23313
4376,0.34152728,0.0096891327,Atlanta,13,89,23314
4377,0.35864326,0.019301854,Atlanta,13,89,23315
4378,0.37042737,0.013272466,Atlanta,13,89,23316
4379,0.30761707,0.0086289253,Atlanta,13,89,23410
4380,0.28062579,0.0099403653,Atlanta,13,89,23411
4381,0.32065925,0.0094484827,Atlanta,13,89,23412
4382,0.33186781,0.01310531,Atlanta,13,89,23413
4383,0.31791142,0.008973998,Atlanta,13,89,23414
4384,0.32320076,0.01191457,Atlanta,13,89,23416
4385,0.33072424,0.01006249,Atlanta,13,89,23418
4386,0.32482955,0.011494174,Atlanta,13,89,23419
4387,0.32472977,0.0083423117,Atlanta,13,89,23421
4388,0.33254722,0.013124502,Atlanta,13,89,23422
4389,0.3101646,0.010707665,Atlanta,13,89,23423
4390,0.32609144,0.014430345,Atlanta,13,89,23424
4391,0.32731944,0.011408425,Atlanta,13,89,23425
4392,0.34548807,0.01422775,Atlanta,13,89,23426
4393,0.32825443,0.014705043,Atlanta,13,89,23427
4394,0.31890965,0.0078446949,Atlanta,13,89,23428
4395,0.27671787,0.0077366671,Atlanta,13,89,23501
4396,0.2927309,0.008049719,Atlanta,13,89,23504
4397,0.31463829,0.010881275,Atlanta,13,89,23505
4398,0.31397977,0.0079309698,Atlanta,13,89,23506
4399,0.31445962,0.0094400821,Atlanta,13,89,23507
4400,0.28690207,0.0096254991,Atlanta,13,89,23601
4401,0.28769651,0.0097253677,Atlanta,13,89,23602
4402,0.30788746,0.0094673121,Atlanta,13,89,23603
4403,0.28974861,0.0077499365,Atlanta,13,89,23700
4404,0.27508402,0.0097110551,Atlanta,13,89,23801
4405,0.29243085,0.011712836,Atlanta,13,89,23802
4406,0.31491446,0.008968343,Atlanta,13,89,23803
4407,0.32971728,0.023383958,Atlanta,13,97,80102
4408,0.32736459,0.016434157,Atlanta,13,97,80103
4409,0.36429566,0.037894219,Atlanta,13,97,80201
4410,0.30579084,0.017983474,Atlanta,13,97,80202
4411,0.29441094,0.010461009,Atlanta,13,97,80301
4412,0.29049149,0.018752871,Atlanta,13,97,80303
4413,0.30591211,0.022280617,Atlanta,13,97,80304
4414,0.24455017,0.045660321,Atlanta,13,97,80402
4415,0.33130869,0.038236439,Atlanta,13,97,80403
4416,0.33810279,0.029086662,Atlanta,13,97,80404
4417,0.34247428,0.034931839,Atlanta,13,97,80505
4418,0.31904659,0.030715059,Atlanta,13,97,80506
4419,0.40965319,0.065346077,Atlanta,13,97,80507
4420,0.36495888,0.026910719,Atlanta,13,97,80508
4421,0.36972472,0.038317639,Atlanta,13,97,80509
4422,0.37438282,0.025434056,Atlanta,13,97,80510
4423,0.34282997,0.025839528,Atlanta,13,97,80511
4424,0.30656934,0.02316248,Atlanta,13,97,80602
4425,0.3722792,0.027436346,Atlanta,13,97,80603
4426,0.34040171,0.020860372,Atlanta,13,97,80604
4427,0.34083208,0.020447418,Atlanta,13,113,140101
4428,0.3893005,0.033684406,Atlanta,13,113,140102
4429,0.37042978,0.07187061,Atlanta,13,113,140203
4430,0.3863104,0.056299303,Atlanta,13,113,140204
4431,0.44478682,0.091082744,Atlanta,13,113,140206
4432,0.62604719,0.088873975,Atlanta,13,113,140207
4433,0.34141496,0.024583239,Atlanta,13,113,140208
4434,0.33440289,0.048283268,Atlanta,13,113,140303
4435,0.38626906,0.053877514,Atlanta,13,113,140304
4436,0.26666251,0.06635052,Atlanta,13,113,140305
4437,0.35485014,0.03601722,Atlanta,13,113,140306
4438,0.39182207,0.086175226,Atlanta,13,113,140307
4439,0.32811236,0.036781929,Atlanta,13,113,140403
4440,0.40402514,0.05215859,Atlanta,13,113,140404
4441,0.34287167,0.071628243,Atlanta,13,113,140405
4442,0.28990382,0.030192707,Atlanta,13,113,140406
4443,0.3117229,0.030935645,Atlanta,13,113,140407
4444,0.42359227,0.057067584,Atlanta,13,113,140408
4445,0.40226713,0.06799835,Atlanta,13,113,140501
4446,0.32929787,0.076200239,Atlanta,13,121,200
4447,0.35924152,0.061252415,Atlanta,13,121,500
4448,0.37572035,0.048432685,Atlanta,13,121,600
4449,0.25721744,0.029707491,Atlanta,13,121,700
4450,0.32687023,0.053629998,Atlanta,13,121,1100
4451,0.27906621,0.043916438,Atlanta,13,121,1202
4452,0.30198106,0.033802673,Atlanta,13,121,1300
4453,0.29638645,0.016923051,Atlanta,13,121,1700
4454,0.27690536,0.019612407,Atlanta,13,121,1800
4455,0.28122354,0.025931166,Atlanta,13,121,1900
4456,0.25356281,0.018315084,Atlanta,13,121,2100
4457,0.26858166,0.012346952,Atlanta,13,121,2300
4458,0.29954249,0.012488441,Atlanta,13,121,2400
4459,0.28401545,0.014061273,Atlanta,13,121,2500
4460,0.26678416,0.019725129,Atlanta,13,121,2600
4461,0.30680066,0.01618533,Atlanta,13,121,2800
4462,0.27607605,0.024775283,Atlanta,13,121,2900
4463,0.36782464,0.060140762,Atlanta,13,121,3000
4464,0.25461605,0.015716936,Atlanta,13,121,3100
4465,0.2675643,0.023486216,Atlanta,13,121,3200
4466,0.35040173,0.030917492,Atlanta,13,121,3500
4467,0.32978582,0.029721769,Atlanta,13,121,3600
4468,0.18147053,0.020206995,Atlanta,13,121,3700
4469,0.33045477,0.029450117,Atlanta,13,121,3800
4470,0.28205132,0.013991168,Atlanta,13,121,3900
4471,0.2919398,0.013511729,Atlanta,13,121,4000
4472,0.28626102,0.011887934,Atlanta,13,121,4100
4473,0.31893516,0.016353773,Atlanta,13,121,4200
4474,0.33593118,0.034683499,Atlanta,13,121,4300
4475,0.25034082,0.015625775,Atlanta,13,121,4400
4476,0.26236969,0.016949028,Atlanta,13,121,4800
4477,0.26665014,0.019966295,Atlanta,13,121,4900
4478,0.29129383,0.030644972,Atlanta,13,121,5000
4479,0.2853663,0.015340604,Atlanta,13,121,5200
4480,0.28751251,0.015161101,Atlanta,13,121,5300
4481,0.29474258,0.012945243,Atlanta,13,121,5501
4482,0.28665993,0.014517851,Atlanta,13,121,5502
4483,0.23430812,0.015350526,Atlanta,13,121,5700
4484,0.27274346,0.013940902,Atlanta,13,121,5800
4485,0.29957494,0.010610246,Atlanta,13,121,6000
4486,0.30084708,0.0098476019,Atlanta,13,121,6100
4487,0.28765598,0.014141383,Atlanta,13,121,6200
4488,0.27853638,0.013608803,Atlanta,13,121,6300
4489,0.25738025,0.015007989,Atlanta,13,121,6400
4490,0.29291022,0.0092145447,Atlanta,13,121,6500
4491,0.28243053,0.012604735,Atlanta,13,121,6601
4492,0.30427665,0.016567623,Atlanta,13,121,6602
4493,0.27072871,0.009343531,Atlanta,13,121,6700
4494,0.31328264,0.020615572,Atlanta,13,121,6802
4495,0.27916101,0.013457509,Atlanta,13,121,6900
4496,0.29106191,0.0090291407,Atlanta,13,121,7001
4497,0.27224594,0.0098559568,Atlanta,13,121,7002
4498,0.26497567,0.0099937618,Atlanta,13,121,7100
4499,0.27256668,0.010181874,Atlanta,13,121,7200
4500,0.28138262,0.0071632285,Atlanta,13,121,7300
4501,0.31107265,0.014582328,Atlanta,13,121,7400
4502,0.29208794,0.010873693,Atlanta,13,121,7500
4503,0.30822134,0.013700286,Atlanta,13,121,7602
4504,0.27761859,0.0090611726,Atlanta,13,121,7603
4505,0.29246286,0.012103397,Atlanta,13,121,7604
4506,0.29032755,0.012852901,Atlanta,13,121,7703
4507,0.32028648,0.012345334,Atlanta,13,121,7704
4508,0.29914701,0.015383073,Atlanta,13,121,7705
4509,0.2993204,0.011138823,Atlanta,13,121,7706
4510,0.34793317,0.01267717,Atlanta,13,121,7802
4511,0.28300232,0.011421247,Atlanta,13,121,7805
4512,0.30359381,0.0091404859,Atlanta,13,121,7806
4513,0.27104822,0.0097898338,Atlanta,13,121,7807
4514,0.29387286,0.01058648,Atlanta,13,121,7808
4515,0.34405556,0.017512562,Atlanta,13,121,7900
4516,0.30481738,0.0091173872,Atlanta,13,121,8000
4517,0.32213357,0.024836345,Atlanta,13,121,8101
4518,0.29752657,0.0090444302,Atlanta,13,121,8102
4519,0.30035526,0.0097600734,Atlanta,13,121,8201
4520,0.26826227,0.0092906114,Atlanta,13,121,8202
4521,0.32256544,0.012515045,Atlanta,13,121,8301
4522,0.27792713,0.011189367,Atlanta,13,121,8302
4523,0.28075847,0.010094913,Atlanta,13,121,8400
4524,0.28166252,0.0091458159,Atlanta,13,121,8500
4525,0.27050993,0.0079361368,Atlanta,13,121,8601
4526,0.25077945,0.010270187,Atlanta,13,121,8602
4527,0.2618393,0.0088861175,Atlanta,13,121,8700
4528,0.28339955,0.014591214,Atlanta,13,121,8800
4529,0.33982381,0.030498357,Atlanta,13,121,8902
4530,0.29018837,0.01773949,Atlanta,13,121,8903
4531,0.34366259,0.06817507,Atlanta,13,121,8904
4532,0.31554532,0.043654259,Atlanta,13,121,9101
4533,0.35122734,0.055604897,Atlanta,13,121,9102
4534,0.29014975,0.030889006,Atlanta,13,121,9200
4535,0.26599619,0.053015433,Atlanta,13,121,9300
4536,0.2778962,0.039031759,Atlanta,13,121,9402
4537,0.33517072,0.051562686,Atlanta,13,121,9403
4538,0.40702134,0.082886703,Atlanta,13,121,9602
4539,0.28055725,0.052786559,Atlanta,13,121,9603
4540,0.3196758,0.10327265,Atlanta,13,121,9700
4541,0.40612283,0.075516619,Atlanta,13,121,10001
4542,0.30848259,0.032891612,Atlanta,13,121,10106
4543,0.40212363,0.046562262,Atlanta,13,121,10110
4544,0.35712698,0.025592992,Atlanta,13,121,10113
4545,0.37177506,0.036306746,Atlanta,13,121,10114
4546,0.29109335,0.023930797,Atlanta,13,121,10117
4547,0.28507873,0.017861772,Atlanta,13,121,10118
4548,0.31966704,0.014707721,Atlanta,13,121,10119
4549,0.38336247,0.034570515,Atlanta,13,121,10120
4550,0.46358591,0.055596367,Atlanta,13,121,10122
4551,0.35661191,0.020638287,Atlanta,13,121,10123
4552,0.34859759,0.035423212,Atlanta,13,121,10205
4553,0.37113959,0.050921064,Atlanta,13,121,10208
4554,0.34634134,0.031378623,Atlanta,13,121,10209
4555,0.3051866,0.017085256,Atlanta,13,121,10210
4556,0.45125419,0.050304927,Atlanta,13,121,10211
4557,0.33607414,0.03187494,Atlanta,13,121,10212
4558,0.33304942,0.017817114,Atlanta,13,121,10301
4559,0.33228827,0.013603861,Atlanta,13,121,10303
4560,0.33181015,0.016779587,Atlanta,13,121,10304
4561,0.32119483,0.014745801,Atlanta,13,121,10400
4562,0.33558443,0.0076046223,Atlanta,13,121,10507
4563,0.31971106,0.013339257,Atlanta,13,121,10508
4564,0.31358975,0.008743328,Atlanta,13,121,10510
4565,0.3413865,0.012273323,Atlanta,13,121,10511
4566,0.32003793,0.0086924713,Atlanta,13,121,10512
4567,0.29697919,0.0086686788,Atlanta,13,121,10513
4568,0.30789825,0.013590757,Atlanta,13,121,10514
4569,0.35031223,0.021228744,Atlanta,13,121,10515
4570,0.31517956,0.0091336602,Atlanta,13,121,10516
4571,0.27622762,0.010776261,Atlanta,13,121,10601
4572,0.32154152,0.0080961119,Atlanta,13,121,10603
4573,0.31090331,0.0091610793,Atlanta,13,121,10604
4574,0.30818331,0.012737565,Atlanta,13,121,10800
4575,0.26978478,0.0082971239,Atlanta,13,121,11000
4576,0.31303817,0.013959065,Atlanta,13,121,11100
4577,0.29692477,0.0080841659,Atlanta,13,121,11201
4578,0.26796448,0.0079643959,Atlanta,13,121,11202
4579,0.33104801,0.011227676,Atlanta,13,121,11301
4580,0.32466212,0.008709386,Atlanta,13,121,11303
4581,0.31179139,0.0077623622,Atlanta,13,121,11305
4582,0.30529571,0.0087536415,Atlanta,13,121,11306
4583,0.36804357,0.024484584,Atlanta,13,121,11405
4584,0.43066412,0.074339561,Atlanta,13,121,11410
4585,0.33646169,0.025182657,Atlanta,13,121,11411
4586,0.37784708,0.031495355,Atlanta,13,121,11412
4587,0.3905178,0.032840002,Atlanta,13,121,11414
4588,0.4776293,0.11802316,Atlanta,13,121,11416
4589,0.36073926,0.07240703,Atlanta,13,121,11418
4590,0.35576123,0.095297582,Atlanta,13,121,11419
4591,0.33572942,0.019164965,Atlanta,13,121,11420
4592,0.34105611,0.030613698,Atlanta,13,121,11421
4593,0.39319128,0.042154316,Atlanta,13,121,11422
4594,0.33282685,0.055900726,Atlanta,13,121,11423
4595,0.44926316,0.082040526,Atlanta,13,121,11424
4596,0.33247167,0.069104888,Atlanta,13,121,11426
4597,0.37361279,0.053287104,Atlanta,13,121,11427
4598,0.32311234,0.072481334,Atlanta,13,121,11503
4599,0.31565234,0.13482258,Atlanta,13,121,11504
4600,0.37973067,0.13146167,Atlanta,13,121,11505
4601,0.45204937,0.084302932,Atlanta,13,121,11506
4602,0.34845376,0.061768591,Atlanta,13,121,11610
4603,0.35565415,0.0324625,Atlanta,13,121,11611
4604,0.46970889,0.064820305,Atlanta,13,121,11613
4605,0.38736609,0.037929796,Atlanta,13,121,11614
4606,0.32100058,0.12149186,Atlanta,13,121,11615
4607,0.34097776,0.043945115,Atlanta,13,121,11616
4608,0.55403078,0.082519077,Atlanta,13,121,11617
4609,0.33930093,0.096471392,Atlanta,13,121,11618
4610,0.45931244,0.047898274,Atlanta,13,121,11619
4611,0.3621771,0.072005101,Atlanta,13,121,11620
4612,0.44536275,0.087767728,Atlanta,13,121,11621
4613,0.41571078,0.054219015,Atlanta,13,121,11622
4614,0.374102,0.067470476,Atlanta,13,121,11623
4615,0.26318467,0.061031897,Atlanta,13,121,11625
4616,0.35157084,0.059761975,Atlanta,13,121,11626
4617,0.23630396,0.011685484,Atlanta,13,121,11800
4618,0.24984042,0.011876328,Atlanta,13,121,11900
4619,0.27610824,0.012427256,Atlanta,13,121,12000
4620,0.2736581,0.011821399,Atlanta,13,121,12300
4621,0.32791597,0.031216251,Atlanta,13,135,50103
4622,0.2766664,0.021168703,Atlanta,13,135,50105
4623,0.35928869,0.037474889,Atlanta,13,135,50106
4624,0.32012025,0.08380571,Atlanta,13,135,50107
4625,0.38362464,0.076644622,Atlanta,13,135,50108
4626,0.32674536,0.052483927,Atlanta,13,135,50109
4627,0.33806407,0.042138416,Atlanta,13,135,50205
4628,0.40119445,0.048830554,Atlanta,13,135,50208
4629,0.33685115,0.032904219,Atlanta,13,135,50209
4630,0.33059475,0.047420196,Atlanta,13,135,50210
4631,0.35085872,0.023350211,Atlanta,13,135,50211
4632,0.30501312,0.14714403,Atlanta,13,135,50212
4633,0.38595548,0.061917488,Atlanta,13,135,50213
4634,0.38514709,0.048521787,Atlanta,13,135,50214
4635,0.32312089,0.043151453,Atlanta,13,135,50215
4636,0.42790014,0.071976461,Atlanta,13,135,50216
4637,0.35452524,0.036677618,Atlanta,13,135,50217
4638,0.4173454,0.074864909,Atlanta,13,135,50218
4639,0.31587112,0.04285083,Atlanta,13,135,50219
4640,0.3449128,0.030528361,Atlanta,13,135,50220
4641,0.32752565,0.019742016,Atlanta,13,135,50304
4642,0.31010056,0.024928275,Atlanta,13,135,50306
4643,0.31686479,0.029475722,Atlanta,13,135,50309
4644,0.37843689,0.025457837,Atlanta,13,135,50310
4645,0.30298266,0.034429088,Atlanta,13,135,50311
4646,0.34823161,0.020786958,Atlanta,13,135,50313
4647,0.3511017,0.027331911,Atlanta,13,135,50314
4648,0.33073476,0.015050779,Atlanta,13,135,50315
4649,0.34036967,0.014325233,Atlanta,13,135,50317
4650,0.35750502,0.018679114,Atlanta,13,135,50318
4651,0.35344455,0.015945639,Atlanta,13,135,50319
4652,0.38077894,0.023888038,Atlanta,13,135,50320
4653,0.35116553,0.030453803,Atlanta,13,135,50410
4654,0.33972302,0.036178518,Atlanta,13,135,50415
4655,0.31022084,0.025107644,Atlanta,13,135,50416
4656,0.38525364,0.018151695,Atlanta,13,135,50417
4657,0.33001751,0.013473167,Atlanta,13,135,50418
4658,0.3710779,0.024927573,Atlanta,13,135,50419
4659,0.35586807,0.016143929,Atlanta,13,135,50421
4660,0.33792627,0.016363567,Atlanta,13,135,50422
4661,0.35177699,0.018492036,Atlanta,13,135,50423
4662,0.36569536,0.021743955,Atlanta,13,135,50424
4663,0.41782588,0.073049061,Atlanta,13,135,50425
4664,0.37597424,0.058316778,Atlanta,13,135,50426
4665,0.49821523,0.062663198,Atlanta,13,135,50427
4666,0.41299081,0.050768934,Atlanta,13,135,50428
4667,0.39866355,0.051936373,Atlanta,13,135,50429
4668,0.35456023,0.036061812,Atlanta,13,135,50430
4669,0.34148282,0.02053427,Atlanta,13,135,50431
4670,0.35696116,0.034142334,Atlanta,13,135,50432
4671,0.28038326,0.038762994,Atlanta,13,135,50433
4672,0.31282642,0.013048062,Atlanta,13,135,50434
4673,0.37904963,0.038381111,Atlanta,13,135,50435
4674,0.38637996,0.029422939,Atlanta,13,135,50436
4675,0.35371086,0.024341995,Atlanta,13,135,50511
4676,0.32891604,0.022713613,Atlanta,13,135,50520
4677,0.39045799,0.039320268,Atlanta,13,135,50521
4678,0.30540952,0.031554122,Atlanta,13,135,50522
4679,0.33793283,0.026078826,Atlanta,13,135,50523
4680,0.32717288,0.022459118,Atlanta,13,135,50524
4681,0.37498671,0.045391638,Atlanta,13,135,50525
4682,0.3221015,0.030635068,Atlanta,13,135,50526
4683,0.44055372,0.059123524,Atlanta,13,135,50527
4684,0.37755299,0.082134895,Atlanta,13,135,50528
4685,0.46178201,0.052223388,Atlanta,13,135,50529
4686,0.37376112,0.061147306,Atlanta,13,135,50530
4687,0.40191448,0.030929912,Atlanta,13,135,50531
4688,0.35852647,0.026916055,Atlanta,13,135,50532
4689,0.3561016,0.034693368,Atlanta,13,135,50533
4690,0.38654268,0.033860758,Atlanta,13,135,50534
4691,0.39284989,0.038900297,Atlanta,13,135,50535
4692,0.38998383,0.032377131,Atlanta,13,135,50536
4693,0.32178748,0.01855948,Atlanta,13,135,50537
4694,0.4347423,0.047890048,Atlanta,13,135,50538
4695,0.33828348,0.022530816,Atlanta,13,135,50539
4696,0.37209171,0.032074418,Atlanta,13,135,50540
4697,0.36167708,0.021363946,Atlanta,13,135,50541
4698,0.39386746,0.027783971,Atlanta,13,135,50542
4699,0.40938887,0.036451194,Atlanta,13,135,50543
4700,0.38096869,0.029007377,Atlanta,13,135,50544
4701,0.34303519,0.019791838,Atlanta,13,135,50545
4702,0.35734189,0.019496402,Atlanta,13,135,50546
4703,0.47016165,0.057091363,Atlanta,13,135,50547
4704,0.41358832,0.041372981,Atlanta,13,135,50548
4705,0.30565163,0.039164409,Atlanta,13,135,50549
4706,0.31160593,0.03129274,Atlanta,13,135,50605
4707,0.32614535,0.033359911,Atlanta,13,135,50606
4708,0.28307903,0.030690538,Atlanta,13,135,50607
4709,0.34182972,0.026753306,Atlanta,13,135,50608
4710,0.21410914,0.066410758,Atlanta,13,135,50609
4711,0.4106946,0.054277781,Atlanta,13,135,50610
4712,0.35221973,0.019669065,Atlanta,13,135,50709
4713,0.38526699,0.060447916,Atlanta,13,135,50712
4714,0.50293213,0.060149588,Atlanta,13,135,50713
4715,0.39983445,0.043693006,Atlanta,13,135,50714
4716,0.45774254,0.064586133,Atlanta,13,135,50715
4717,0.36062267,0.054503728,Atlanta,13,135,50718
4718,0.38856632,0.025910299,Atlanta,13,135,50719
4719,0.43012533,0.047206495,Atlanta,13,135,50720
4720,0.38857904,0.034758262,Atlanta,13,135,50721
4721,0.41360116,0.048208751,Atlanta,13,135,50722
4722,0.42366964,0.026155898,Atlanta,13,135,50723
4723,0.41410977,0.032738928,Atlanta,13,135,50724
4724,0.38879028,0.030292097,Atlanta,13,135,50725
4725,0.34776041,0.062228844,Atlanta,13,135,50726
4726,0.38542783,0.049004961,Atlanta,13,135,50727
4727,0.38624093,0.02161644,Atlanta,13,135,50728
4728,0.34179604,0.033054382,Atlanta,13,135,50729
4729,0.40866894,0.044962835,Atlanta,13,135,50730
4730,0.39018002,0.036357053,Atlanta,13,135,50731
4731,0.35875544,0.018641232,Atlanta,13,151,70104
4732,0.33343747,0.03349432,Atlanta,13,151,70106
4733,0.34215429,0.02038339,Atlanta,13,151,70107
4734,0.34293044,0.02038162,Atlanta,13,151,70108
4735,0.33576018,0.046717517,Atlanta,13,151,70109
4736,0.36206496,0.031285103,Atlanta,13,151,70110
4737,0.30811414,0.016739165,Atlanta,13,151,70111
4738,0.35626671,0.032119349,Atlanta,13,151,70113
4739,0.3340545,0.027710643,Atlanta,13,151,70114
4740,0.26100737,0.031548683,Atlanta,13,151,70202
4741,0.34549594,0.037520152,Atlanta,13,151,70203
4742,0.26745,0.052744247,Atlanta,13,151,70204
4743,0.26460177,0.025410622,Atlanta,13,151,70205
4744,0.29024953,0.012042316,Atlanta,13,151,70304
4745,0.35648632,0.04812232,Atlanta,13,151,70305
4746,0.2976875,0.03358762,Atlanta,13,151,70306
4747,0.34139425,0.050810371,Atlanta,13,151,70307
4748,0.36215866,0.030018842,Atlanta,13,151,70309
4749,0.39606991,0.045761321,Atlanta,13,151,70310
4750,0.30823013,0.012919022,Atlanta,13,151,70311
4751,0.33124155,0.029294848,Atlanta,13,151,70402
4752,0.32350615,0.029072758,Atlanta,13,151,70403
4753,0.34673154,0.033231404,Atlanta,13,151,70404
4754,0.30484718,0.032274216,Atlanta,13,151,70501
4755,0.2604526,0.024646062,Atlanta,13,151,70502
4756,0.34563318,0.043153848,Atlanta,13,159,10100
4757,0.38452008,0.064698875,Atlanta,13,159,10200
4758,0.28187299,0.015361746,Atlanta,13,159,10500
4759,0.26597196,0.023992078,Atlanta,13,211,10100
4760,0.2685833,0.033669543,Atlanta,13,211,10200
4761,0.27390125,0.014666062,Atlanta,13,211,10300
4762,0.30931044,0.033188246,Atlanta,13,211,10400
4763,0.40367511,0.06041361,Atlanta,13,211,10500
4764,0.26230109,0.017174942,Atlanta,13,217,100100
4765,0.29704314,0.026263436,Atlanta,13,217,100201
4766,0.33610979,0.05596533,Atlanta,13,217,100202
4767,0.28667885,0.014558745,Atlanta,13,217,100300
4768,0.3093473,0.021821497,Atlanta,13,217,100400
4769,0.30848759,0.013210921,Atlanta,13,217,100501
4770,0.31863931,0.020248584,Atlanta,13,217,100502
4771,0.31795648,0.019986432,Atlanta,13,217,100600
4772,0.28225595,0.013709542,Atlanta,13,217,100700
4773,0.27310464,0.024346232,Atlanta,13,217,100800
4774,0.31886783,0.022994464,Atlanta,13,217,100901
4775,0.35895395,0.033073362,Atlanta,13,217,100902
4776,0.35412189,0.034583308,Atlanta,13,217,100903
4777,0.2905449,0.050950773,Atlanta,13,223,120101
4778,0.21326667,0.045206949,Atlanta,13,223,120102
4779,0.40162966,0.098263562,Atlanta,13,223,120103
4780,0.30735406,0.030312762,Atlanta,13,223,120202
4781,0.37084067,0.062191866,Atlanta,13,223,120204
4782,0.25843474,0.0344957,Atlanta,13,223,120301
4783,0.28822881,0.022749327,Atlanta,13,223,120302
4784,0.32616794,0.025148824,Atlanta,13,223,120400
4785,0.29429376,0.026393833,Atlanta,13,223,120501
4786,0.2736963,0.030961875,Atlanta,13,223,120502
4787,0.35950294,0.061778147,Atlanta,13,223,120503
4788,0.34952301,0.030842021,Atlanta,13,223,120601
4789,0.29847163,0.02617549,Atlanta,13,223,120602
4790,0.39500982,0.04114661,Atlanta,13,223,120603
4791,0.34520996,0.05527965,Atlanta,13,223,120604
4792,0.21756275,0.043316182,Atlanta,13,223,120605
4793,0.29705843,0.049905177,Atlanta,13,247,60101
4794,0.34158656,0.034112092,Atlanta,13,247,60102
4795,0.33942664,0.03818921,Atlanta,13,247,60201
4796,0.32964745,0.017799374,Atlanta,13,247,60202
4797,0.33078068,0.020267045,Atlanta,13,247,60304
4798,0.3111839,0.01761234,Atlanta,13,247,60305
4799,0.26027501,0.026194265,Atlanta,13,247,60306
4800,0.34565049,0.017769679,Atlanta,13,247,60307
4801,0.30180061,0.019572422,Atlanta,13,247,60308
4802,0.299153,0.016500589,Atlanta,13,247,60309
4803,0.32484743,0.054502588,Atlanta,13,247,60403
4804,0.28878254,0.022482229,Atlanta,13,247,60404
4805,0.34916013,0.035942413,Atlanta,13,247,60405
4806,0.31566608,0.034908492,Atlanta,13,247,60406
4807,0.35795125,0.050582577,Atlanta,13,247,60407
4808,0.28758278,0.03947315,Atlanta,13,297,110100
4809,0.30999106,0.044442911,Atlanta,13,297,110200
4810,0.26908985,0.011826168,Atlanta,13,297,110300
4811,0.29672042,0.013852524,Atlanta,13,297,110400
4812,0.30400464,0.072124541,Atlanta,13,297,110504
4813,0.36088422,0.057541147,Atlanta,13,297,110507
4814,0.30699968,0.051660229,Atlanta,13,297,110601
4815,0.29012939,0.026118528,Atlanta,13,297,110700
4816,0.25962794,0.019357799,Atlanta,13,297,110800
4817,0.32260889,0.010808578,Chicago,17,31,10100
4818,0.32721615,0.010617554,Chicago,17,31,10201
4819,0.30112126,0.020293521,Chicago,17,31,10202
4820,0.30833751,0.013363693,Chicago,17,31,10300
4821,0.31240505,0.020483784,Chicago,17,31,10400
4822,0.31349146,0.014007621,Chicago,17,31,10501
4823,0.28248352,0.021038959,Chicago,17,31,10502
4824,0.28518072,0.036425002,Chicago,17,31,10503
4825,0.32351863,0.01294432,Chicago,17,31,10600
4826,0.35971498,0.020058546,Chicago,17,31,10701
4827,0.2932007,0.011943609,Chicago,17,31,10702
4828,0.363684,0.021637257,Chicago,17,31,20100
4829,0.40905428,0.05474503,Chicago,17,31,20200
4830,0.3495363,0.055313885,Chicago,17,31,20301
4831,0.33970371,0.035345908,Chicago,17,31,20302
4832,0.30855969,0.034604587,Chicago,17,31,20400
4833,0.38211742,0.024190458,Chicago,17,31,20500
4834,0.28436691,0.046681702,Chicago,17,31,20601
4835,0.35834622,0.045781799,Chicago,17,31,20602
4836,0.32092351,0.050086502,Chicago,17,31,20702
4837,0.32886076,0.052778549,Chicago,17,31,20801
4838,0.3052862,0.030518115,Chicago,17,31,20802
4839,0.36018196,0.019533422,Chicago,17,31,20901
4840,0.36665884,0.032836784,Chicago,17,31,20902
4841,0.32613078,0.017769627,Chicago,17,31,30101
4842,0.36457795,0.024894962,Chicago,17,31,30102
4843,0.32692206,0.027981555,Chicago,17,31,30103
4844,0.35773262,0.039438147,Chicago,17,31,30104
4845,0.28513443,0.026598109,Chicago,17,31,30200
4846,0.40825057,0.041695632,Chicago,17,31,30300
4847,0.28443462,0.035058651,Chicago,17,31,30400
4848,0.34459388,0.023330525,Chicago,17,31,30500
4849,0.3581332,0.018563103,Chicago,17,31,30601
4850,0.32667485,0.019784676,Chicago,17,31,30603
4851,0.39135578,0.030959174,Chicago,17,31,30604
4852,0.34257236,0.026520504,Chicago,17,31,30701
4853,0.30462289,0.057863895,Chicago,17,31,30702
4854,0.29687625,0.016527638,Chicago,17,31,30703
4855,0.3298052,0.023379533,Chicago,17,31,30706
4856,0.32802868,0.045453481,Chicago,17,31,30800
4857,0.27670589,0.04644499,Chicago,17,31,30900
4858,0.32628292,0.048198149,Chicago,17,31,31000
4859,0.3680889,0.038417794,Chicago,17,31,31100
4860,0.3401207,0.014614698,Chicago,17,31,31200
4861,0.37185374,0.019131606,Chicago,17,31,31300
4862,0.29861432,0.041737046,Chicago,17,31,31400
4863,0.39472356,0.020223394,Chicago,17,31,31501
4864,0.32547122,0.012061293,Chicago,17,31,31502
4865,0.26992062,0.01346825,Chicago,17,31,31700
4866,0.23456325,0.042219833,Chicago,17,31,31900
4867,0.35018125,0.017944667,Chicago,17,31,32100
4868,0.37273011,0.072289295,Chicago,17,31,40201
4869,0.33406731,0.03606867,Chicago,17,31,40202
4870,0.29793748,0.033401154,Chicago,17,31,40402
4871,0.28975669,0.050779454,Chicago,17,31,40700
4872,0.29723066,0.028555876,Chicago,17,31,51400
4873,0.46257231,0.065358326,Chicago,17,31,60300
4874,0.28101036,0.036410671,Chicago,17,31,60800
4875,0.40353417,0.034470074,Chicago,17,31,60900
4876,0.26945212,0.045174025,Chicago,17,31,61901
4877,0.46904391,0.071514033,Chicago,17,31,63200
4878,0.38476801,0.076202467,Chicago,17,31,63302
4879,0.25758308,0.026962422,Chicago,17,31,70700
4880,0.3681795,0.063193016,Chicago,17,31,71400
4881,0.33245522,0.046654064,Chicago,17,31,71500
4882,0.28182524,0.057966467,Chicago,17,31,71600
4883,0.33892745,0.044522669,Chicago,17,31,71700
4884,0.2939477,0.028747307,Chicago,17,31,71800
4885,0.38936773,0.051988684,Chicago,17,31,80300
4886,0.30756953,0.012534072,Chicago,17,31,80400
4887,0.32688737,0.027131299,Chicago,17,31,81000
4888,0.35864675,0.040245723,Chicago,17,31,81100
4889,0.37917489,0.089777991,Chicago,17,31,81201
4890,0.29065368,0.049783733,Chicago,17,31,81401
4891,0.28440741,0.042038336,Chicago,17,31,81402
4892,0.39477256,0.064959571,Chicago,17,31,81403
4893,0.26565707,0.050887998,Chicago,17,31,81500
4894,0.33640674,0.043473769,Chicago,17,31,81700
4895,0.23669019,0.029001517,Chicago,17,31,81800
4896,0.32269776,0.018639123,Chicago,17,31,81900
4897,0.32520971,0.054857761,Chicago,17,31,100100
4898,0.36592865,0.062122945,Chicago,17,31,100300
4899,0.40322781,0.047353953,Chicago,17,31,130100
4900,0.30651733,0.041481193,Chicago,17,31,140100
4901,0.28482208,0.024392651,Chicago,17,31,140200
4902,0.24034669,0.041531652,Chicago,17,31,140301
4903,0.28750756,0.052356075,Chicago,17,31,140302
4904,0.37564817,0.03352876,Chicago,17,31,140602
4905,0.32799259,0.061887909,Chicago,17,31,140701
4906,0.32398671,0.043848999,Chicago,17,31,140702
4907,0.40262392,0.050528038,Chicago,17,31,140800
4908,0.36036032,0.05078638,Chicago,17,31,150200
4909,0.2980732,0.054612044,Chicago,17,31,160400
4910,0.34071693,0.067251429,Chicago,17,31,160501
4911,0.36683774,0.070236407,Chicago,17,31,190601
4912,0.2350757,0.053357545,Chicago,17,31,190602
4913,0.32894304,0.036487751,Chicago,17,31,191100
4914,0.2376949,0.046099722,Chicago,17,31,191200
4915,0.32222152,0.036345474,Chicago,17,31,191301
4916,0.28850517,0.051665593,Chicago,17,31,191302
4917,0.32630187,0.059379302,Chicago,17,31,200200
4918,0.32570603,0.058920484,Chicago,17,31,200300
4919,0.40582573,0.06887877,Chicago,17,31,200401
4920,0.35205206,0.05999646,Chicago,17,31,200402
4921,0.25417173,0.046839878,Chicago,17,31,210602
4922,0.3017278,0.059148487,Chicago,17,31,210700
4923,0.34026384,0.056191348,Chicago,17,31,220300
4924,0.25094596,0.04502501,Chicago,17,31,220500
4925,0.3357895,0.034097135,Chicago,17,31,220602
4926,0.34872738,0.052203562,Chicago,17,31,220702
4927,0.26831818,0.026838927,Chicago,17,31,220901
4928,0.35515302,0.032200482,Chicago,17,31,221000
4929,0.33195487,0.029753068,Chicago,17,31,221100
4930,0.29775158,0.030666262,Chicago,17,31,221200
4931,0.33981174,0.04258268,Chicago,17,31,221300
4932,0.4870556,0.066656753,Chicago,17,31,221500
4933,0.38324574,0.056665674,Chicago,17,31,222500
4934,0.32056797,0.035294767,Chicago,17,31,222600
4935,0.28371555,0.033847202,Chicago,17,31,222700
4936,0.24326485,0.045593258,Chicago,17,31,222800
4937,0.24651507,0.03061554,Chicago,17,31,230100
4938,0.23369046,0.032998711,Chicago,17,31,230200
4939,0.26445118,0.026519347,Chicago,17,31,230500
4940,0.2733928,0.0095569808,Chicago,17,31,230600
4941,0.2864458,0.017623108,Chicago,17,31,230700
4942,0.30694392,0.016020186,Chicago,17,31,230900
4943,0.29237071,0.017653713,Chicago,17,31,231100
4944,0.29380852,0.0082478458,Chicago,17,31,231200
4945,0.26767105,0.0070656235,Chicago,17,31,231500
4946,0.28596529,0.050394628,Chicago,17,31,240600
4947,0.33592117,0.046911802,Chicago,17,31,240900
4948,0.29645348,0.024325106,Chicago,17,31,241000
4949,0.31488594,0.020780779,Chicago,17,31,241100
4950,0.27855536,0.033330068,Chicago,17,31,241200
4951,0.17958108,0.037098296,Chicago,17,31,241300
4952,0.29946926,0.024799477,Chicago,17,31,241400
4953,0.33417207,0.029722096,Chicago,17,31,242000
4954,0.24956861,0.050191369,Chicago,17,31,242200
4955,0.36710718,0.051858138,Chicago,17,31,242500
4956,0.30614024,0.019791598,Chicago,17,31,242600
4957,0.2674889,0.019746259,Chicago,17,31,242700
4958,0.24360368,0.039440393,Chicago,17,31,243500
4959,0.27027214,0.011045566,Chicago,17,31,250200
4960,0.30253485,0.008977117,Chicago,17,31,250300
4961,0.31913808,0.0087943925,Chicago,17,31,250400
4962,0.32099536,0.021416558,Chicago,17,31,250500
4963,0.29970545,0.0094426731,Chicago,17,31,250600
4964,0.31171227,0.0081365416,Chicago,17,31,250700
4965,0.30151728,0.011539505,Chicago,17,31,250800
4966,0.26303965,0.014872649,Chicago,17,31,251000
4967,0.28697193,0.0078469934,Chicago,17,31,251100
4968,0.29678279,0.0085623423,Chicago,17,31,251200
4969,0.31096828,0.0083079785,Chicago,17,31,251300
4970,0.30522519,0.0095166471,Chicago,17,31,251400
4971,0.29069471,0.0080369432,Chicago,17,31,251500
4972,0.29899621,0.0087272888,Chicago,17,31,251600
4973,0.32002443,0.015464527,Chicago,17,31,251700
4974,0.2919817,0.0080741867,Chicago,17,31,251800
4975,0.28742883,0.0074422099,Chicago,17,31,251900
4976,0.27089179,0.0070321606,Chicago,17,31,252000
4977,0.28252453,0.015003382,Chicago,17,31,252101
4978,0.30491504,0.0077051292,Chicago,17,31,252102
4979,0.3160708,0.013067652,Chicago,17,31,252201
4980,0.29616362,0.0085113989,Chicago,17,31,252202
4981,0.24925813,0.016178723,Chicago,17,31,260100
4982,0.2932547,0.016188376,Chicago,17,31,260200
4983,0.26042151,0.0125493,Chicago,17,31,260300
4984,0.26641178,0.013379689,Chicago,17,31,260400
4985,0.26965231,0.011466186,Chicago,17,31,260500
4986,0.28294605,0.011539447,Chicago,17,31,260600
4987,0.28207305,0.012080668,Chicago,17,31,260700
4988,0.27855369,0.011511253,Chicago,17,31,260800
4989,0.26246789,0.014019642,Chicago,17,31,260900
4990,0.30680752,0.011974444,Chicago,17,31,261000
4991,0.27738664,0.01800913,Chicago,17,31,270500
4992,0.27019709,0.015515289,Chicago,17,31,271200
4993,0.27802569,0.017576976,Chicago,17,31,271300
4994,0.30444729,0.015537175,Chicago,17,31,271400
4995,0.29783607,0.020131638,Chicago,17,31,271500
4996,0.28453395,0.020367881,Chicago,17,31,271800
4997,0.27252311,0.048509475,Chicago,17,31,280100
4998,0.27193967,0.012889607,Chicago,17,31,280400
4999,0.24325843,0.012415566,Chicago,17,31,280800
5000,0.27707648,0.019693311,Chicago,17,31,280900
5001,0.30716121,0.031655569,Chicago,17,31,281900
5002,0.32479644,0.023576526,Chicago,17,31,282700
5003,0.38125205,0.053375479,Chicago,17,31,282800
5004,0.29088506,0.017137384,Chicago,17,31,283100
5005,0.2690388,0.019516671,Chicago,17,31,283200
5006,0.2994298,0.012881735,Chicago,17,31,283800
5007,0.27889261,0.009913262,Chicago,17,31,290900
5008,0.28164354,0.012961547,Chicago,17,31,291200
5009,0.3843852,0.056157704,Chicago,17,31,291600
5010,0.29552963,0.013523782,Chicago,17,31,292200
5011,0.26509959,0.01148353,Chicago,17,31,292400
5012,0.28107679,0.008914602,Chicago,17,31,292500
5013,0.21309459,0.027205909,Chicago,17,31,300500
5014,0.26884744,0.022161167,Chicago,17,31,300600
5015,0.2702927,0.029868871,Chicago,17,31,301200
5016,0.21950974,0.050322615,Chicago,17,31,310600
5017,0.41156545,0.048713211,Chicago,17,31,320100
5018,0.20489682,0.072262034,Chicago,17,31,320400
5019,0.32529032,0.039565895,Chicago,17,31,320600
5020,0.33177596,0.014114,Chicago,17,31,330100
5021,0.29343167,0.02126498,Chicago,17,31,330200
5022,0.27744442,0.056582414,Chicago,17,31,340500
5023,0.24717492,0.016215375,Chicago,17,31,340600
5024,0.36308712,0.025075695,Chicago,17,31,350100
5025,0.22806264,0.012988493,Chicago,17,31,350400
5026,0.33390918,0.016746527,Chicago,17,31,351000
5027,0.28174078,0.0089504346,Chicago,17,31,351100
5028,0.30357179,0.017301563,Chicago,17,31,351400
5029,0.25804704,0.011219209,Chicago,17,31,351500
5030,0.28257507,0.013896082,Chicago,17,31,360200
5031,0.28714812,0.016079905,Chicago,17,31,380100
5032,0.30065292,0.018421533,Chicago,17,31,380200
5033,0.21937652,0.016163405,Chicago,17,31,380500
5034,0.30126125,0.017142337,Chicago,17,31,380700
5035,0.301171,0.014600355,Chicago,17,31,381200
5036,0.30353984,0.015644331,Chicago,17,31,381400
5037,0.32748571,0.019758623,Chicago,17,31,381500
5038,0.21865296,0.011991897,Chicago,17,31,381700
5039,0.29920447,0.019131131,Chicago,17,31,381800
5040,0.32990852,0.020709084,Chicago,17,31,381900
5041,0.2806513,0.019376844,Chicago,17,31,390100
5042,0.26528549,0.015981417,Chicago,17,31,390200
5043,0.28727531,0.012152468,Chicago,17,31,390300
5044,0.29374304,0.012549971,Chicago,17,31,390400
5045,0.3110697,0.019178037,Chicago,17,31,390500
5046,0.36122912,0.035498861,Chicago,17,31,390600
5047,0.357582,0.018613342,Chicago,17,31,390700
5048,0.27953473,0.015439056,Chicago,17,31,400300
5049,0.28694999,0.014020734,Chicago,17,31,400400
5050,0.267111,0.011386994,Chicago,17,31,400500
5051,0.27638775,0.010136825,Chicago,17,31,400800
5052,0.31956115,0.023661163,Chicago,17,31,410100
5053,0.27329901,0.032078624,Chicago,17,31,410200
5054,0.33493081,0.016246449,Chicago,17,31,410500
5055,0.35827947,0.029994486,Chicago,17,31,410600
5056,0.26919311,0.026246004,Chicago,17,31,410700
5057,0.33568463,0.023483768,Chicago,17,31,410800
5058,0.2776638,0.022931691,Chicago,17,31,410900
5059,0.31805572,0.037219785,Chicago,17,31,411000
5060,0.34372693,0.020710584,Chicago,17,31,420100
5061,0.31451944,0.01910832,Chicago,17,31,420200
5062,0.31794453,0.017326929,Chicago,17,31,420300
5063,0.30415195,0.020603169,Chicago,17,31,420400
5064,0.28178626,0.01280297,Chicago,17,31,420500
5065,0.30830181,0.013273142,Chicago,17,31,420600
5066,0.2887817,0.010601496,Chicago,17,31,420700
5067,0.29532167,0.014125613,Chicago,17,31,420800
5068,0.29775763,0.016942281,Chicago,17,31,421200
5069,0.31625476,0.0094657624,Chicago,17,31,430101
5070,0.33216152,0.013482506,Chicago,17,31,430102
5071,0.3026076,0.0094550774,Chicago,17,31,430200
5072,0.29375207,0.012351213,Chicago,17,31,430300
5073,0.29353157,0.011957453,Chicago,17,31,430400
5074,0.30938232,0.0099755293,Chicago,17,31,430500
5075,0.34434807,0.018596368,Chicago,17,31,430600
5076,0.3215622,0.013476472,Chicago,17,31,430700
5077,0.33350974,0.018911516,Chicago,17,31,430800
5078,0.29013771,0.016376872,Chicago,17,31,430900
5079,0.31928542,0.013638272,Chicago,17,31,431200
5080,0.28229573,0.0092847953,Chicago,17,31,431301
5081,0.28948212,0.008329995,Chicago,17,31,431302
5082,0.31050816,0.0080867503,Chicago,17,31,431400
5083,0.3102234,0.0094013689,Chicago,17,31,440101
5084,0.31059143,0.010661899,Chicago,17,31,440102
5085,0.32064396,0.011005789,Chicago,17,31,440201
5086,0.33631921,0.015039642,Chicago,17,31,440202
5087,0.34667352,0.014693053,Chicago,17,31,440300
5088,0.33356982,0.020298436,Chicago,17,31,440600
5089,0.33510101,0.019123483,Chicago,17,31,440700
5090,0.31090033,0.013810805,Chicago,17,31,440800
5091,0.31535071,0.011888804,Chicago,17,31,440900
5092,0.31915399,0.012701402,Chicago,17,31,450300
5093,0.31867108,0.01251254,Chicago,17,31,460100
5094,0.34345385,0.025599098,Chicago,17,31,460200
5095,0.29986864,0.013457174,Chicago,17,31,460301
5096,0.30321372,0.009980958,Chicago,17,31,460302
5097,0.34800538,0.012920737,Chicago,17,31,460400
5098,0.31691688,0.0090066651,Chicago,17,31,460500
5099,0.31391183,0.021808954,Chicago,17,31,460600
5100,0.32601753,0.018588314,Chicago,17,31,460700
5101,0.32240343,0.032401316,Chicago,17,31,461000
5102,0.29620916,0.01136724,Chicago,17,31,470100
5103,0.37842548,0.019943446,Chicago,17,31,480100
5104,0.39917797,0.038123395,Chicago,17,31,480200
5105,0.34235296,0.020182757,Chicago,17,31,480300
5106,0.33320832,0.011966335,Chicago,17,31,480400
5107,0.33799016,0.015047071,Chicago,17,31,480500
5108,0.33084121,0.021468407,Chicago,17,31,490300
5109,0.31518954,0.024053514,Chicago,17,31,490400
5110,0.34067211,0.020261247,Chicago,17,31,490500
5111,0.33489662,0.017152527,Chicago,17,31,490600
5112,0.2814596,0.010234989,Chicago,17,31,490700
5113,0.29855543,0.01043856,Chicago,17,31,490800
5114,0.30652547,0.010661621,Chicago,17,31,490901
5115,0.31130907,0.010100178,Chicago,17,31,490902
5116,0.28163153,0.0066629071,Chicago,17,31,491000
5117,0.31717479,0.009891632,Chicago,17,31,491100
5118,0.29481843,0.012550292,Chicago,17,31,491200
5119,0.29960996,0.010001215,Chicago,17,31,491300
5120,0.29335102,0.010619042,Chicago,17,31,491400
5121,0.33184099,0.011595539,Chicago,17,31,500100
5122,0.30867997,0.013517481,Chicago,17,31,500200
5123,0.26863182,0.030028082,Chicago,17,31,500300
5124,0.38513836,0.073865995,Chicago,17,31,510100
5125,0.31662646,0.011984824,Chicago,17,31,510200
5126,0.30598834,0.0082656359,Chicago,17,31,510300
5127,0.39782575,0.062854111,Chicago,17,31,520300
5128,0.28723642,0.013584884,Chicago,17,31,530100
5129,0.28734264,0.0069107725,Chicago,17,31,530200
5130,0.32406431,0.010619428,Chicago,17,31,530300
5131,0.29570103,0.015923955,Chicago,17,31,530400
5132,0.2906175,0.0074215219,Chicago,17,31,530501
5133,0.28823581,0.014687804,Chicago,17,31,530502
5134,0.30236536,0.0084966002,Chicago,17,31,530503
5135,0.29030341,0.0097643919,Chicago,17,31,530600
5136,0.29878879,0.011710069,Chicago,17,31,540101
5137,0.28800058,0.014017676,Chicago,17,31,540102
5138,0.33066371,0.064396307,Chicago,17,31,560100
5139,0.2920413,0.010604095,Chicago,17,31,560200
5140,0.44174606,0.057192944,Chicago,17,31,560300
5141,0.27222228,0.037401535,Chicago,17,31,580502
5142,0.22782302,0.032665338,Chicago,17,31,610800
5143,0.25466371,0.016295066,Chicago,17,31,611000
5144,0.30041748,0.019363897,Chicago,17,31,611100
5145,0.24287148,0.022253085,Chicago,17,31,611200
5146,0.26488179,0.022173662,Chicago,17,31,611300
5147,0.28685606,0.032299016,Chicago,17,31,611400
5148,0.30486268,0.039655864,Chicago,17,31,611500
5149,0.28722069,0.014906841,Chicago,17,31,611600
5150,0.25187546,0.010897353,Chicago,17,31,611700
5151,0.29301375,0.012320518,Chicago,17,31,611800
5152,0.29593918,0.013063979,Chicago,17,31,611900
5153,0.27403125,0.012493641,Chicago,17,31,612000
5154,0.26907146,0.013056097,Chicago,17,31,612100
5155,0.25277761,0.028555937,Chicago,17,31,630100
5156,0.37055579,0.054952838,Chicago,17,31,630500
5157,0.32280627,0.048640493,Chicago,17,31,630800
5158,0.22924621,0.042164046,Chicago,17,31,640800
5159,0.37965059,0.067308977,Chicago,17,31,650100
5160,0.4396615,0.065982684,Chicago,17,31,650400
5161,0.27041075,0.036226422,Chicago,17,31,650500
5162,0.26397514,0.020663874,Chicago,17,31,660301
5163,0.26703718,0.016275905,Chicago,17,31,660302
5164,0.31563017,0.048011854,Chicago,17,31,660400
5165,0.24823055,0.035331335,Chicago,17,31,660500
5166,0.27846214,0.0089611933,Chicago,17,31,660600
5167,0.25433692,0.010349652,Chicago,17,31,660700
5168,0.30179614,0.010902959,Chicago,17,31,660800
5169,0.2757186,0.0096581234,Chicago,17,31,660900
5170,0.29954433,0.0086158533,Chicago,17,31,661000
5171,0.30909809,0.013852618,Chicago,17,31,661100
5172,0.29886639,0.014066844,Chicago,17,31,670100
5173,0.27197063,0.012060757,Chicago,17,31,670200
5174,0.28882965,0.01431155,Chicago,17,31,670300
5175,0.30892879,0.012695427,Chicago,17,31,670400
5176,0.301328,0.014996752,Chicago,17,31,670500
5177,0.28352097,0.012676602,Chicago,17,31,670600
5178,0.28923929,0.012737427,Chicago,17,31,670700
5179,0.29140231,0.013621222,Chicago,17,31,670800
5180,0.28866199,0.015932288,Chicago,17,31,670900
5181,0.27497676,0.015219942,Chicago,17,31,671100
5182,0.26990145,0.013588768,Chicago,17,31,671200
5183,0.27585405,0.0095369844,Chicago,17,31,671300
5184,0.27470827,0.010606545,Chicago,17,31,671400
5185,0.27660981,0.0085837562,Chicago,17,31,671500
5186,0.29856649,0.011679581,Chicago,17,31,671600
5187,0.2774128,0.012207173,Chicago,17,31,671800
5188,0.3086884,0.015716432,Chicago,17,31,671900
5189,0.28755906,0.0080013443,Chicago,17,31,672000
5190,0.28191775,0.013072003,Chicago,17,31,680500
5191,0.26702771,0.014444443,Chicago,17,31,680600
5192,0.286924,0.0088950535,Chicago,17,31,680900
5193,0.2959426,0.0099446336,Chicago,17,31,681000
5194,0.29940081,0.0091123693,Chicago,17,31,681100
5195,0.27410355,0.010609387,Chicago,17,31,681200
5196,0.29537332,0.01198578,Chicago,17,31,681300
5197,0.29335955,0.0096924519,Chicago,17,31,681400
5198,0.27897537,0.012361461,Chicago,17,31,690300
5199,0.27760807,0.010191897,Chicago,17,31,690400
5200,0.30655771,0.021693559,Chicago,17,31,690500
5201,0.3045114,0.010565073,Chicago,17,31,690900
5202,0.3453396,0.017463829,Chicago,17,31,691000
5203,0.27185106,0.0097667091,Chicago,17,31,691100
5204,0.28739241,0.010651276,Chicago,17,31,691200
5205,0.32452402,0.018805651,Chicago,17,31,691300
5206,0.29189235,0.010897952,Chicago,17,31,691400
5207,0.30097133,0.013701557,Chicago,17,31,691500
5208,0.31096059,0.016266415,Chicago,17,31,700100
5209,0.34052122,0.024649804,Chicago,17,31,700200
5210,0.36244678,0.049873639,Chicago,17,31,700301
5211,0.24584132,0.032206591,Chicago,17,31,700302
5212,0.31793383,0.015048622,Chicago,17,31,700401
5213,0.32566184,0.019355243,Chicago,17,31,700402
5214,0.34295917,0.011393387,Chicago,17,31,700501
5215,0.32143065,0.021387096,Chicago,17,31,700502
5216,0.28244853,0.017720573,Chicago,17,31,710100
5217,0.30098429,0.0091595016,Chicago,17,31,710200
5218,0.27686432,0.01545808,Chicago,17,31,710300
5219,0.31177253,0.0084073991,Chicago,17,31,710400
5220,0.33260024,0.010963111,Chicago,17,31,710500
5221,0.28548616,0.013779575,Chicago,17,31,710600
5222,0.2845881,0.010059799,Chicago,17,31,710700
5223,0.31556687,0.0096075609,Chicago,17,31,710800
5224,0.3038789,0.013176846,Chicago,17,31,710900
5225,0.319332,0.010212657,Chicago,17,31,711000
5226,0.3299849,0.013142769,Chicago,17,31,711100
5227,0.32459357,0.010599336,Chicago,17,31,711200
5228,0.32538524,0.016965404,Chicago,17,31,711300
5229,0.29726249,0.011382196,Chicago,17,31,711400
5230,0.30800295,0.012151479,Chicago,17,31,711500
5231,0.36853597,0.047355589,Chicago,17,31,720100
5232,0.34723362,0.020698363,Chicago,17,31,720200
5233,0.48027408,0.048192091,Chicago,17,31,720300
5234,0.30171043,0.099768899,Chicago,17,31,720600
5235,0.32736677,0.017641073,Chicago,17,31,720700
5236,0.32446933,0.015075074,Chicago,17,31,730100
5237,0.32689062,0.0091260141,Chicago,17,31,730201
5238,0.30505097,0.011604688,Chicago,17,31,730202
5239,0.3002722,0.016738022,Chicago,17,31,730300
5240,0.3172386,0.010966054,Chicago,17,31,730400
5241,0.31322175,0.010408862,Chicago,17,31,730500
5242,0.30910784,0.011265867,Chicago,17,31,730600
5243,0.3324205,0.014625373,Chicago,17,31,730700
5244,0.41444084,0.035328228,Chicago,17,31,740400
5245,0.28618237,0.0092491517,Chicago,17,31,750100
5246,0.33740646,0.019427879,Chicago,17,31,750200
5247,0.2722362,0.061207119,Chicago,17,31,750300
5248,0.26832592,0.035530049,Chicago,17,31,750400
5249,0.31405011,0.010383119,Chicago,17,31,750500
5250,0.30880114,0.010199996,Chicago,17,31,750600
5251,0.29079297,0.050014962,Chicago,17,31,760801
5252,0.35408375,0.0785852,Chicago,17,31,760803
5253,0.36840311,0.067890398,Chicago,17,31,770201
5254,0.50765353,0.10535622,Chicago,17,31,770300
5255,0.43989545,0.10441154,Chicago,17,31,770400
5256,0.44308302,0.062937863,Chicago,17,31,801603
5257,0.31666481,0.060291559,Chicago,17,31,802004
5258,0.47898382,0.080672316,Chicago,17,31,802300
5259,0.36938807,0.043744624,Chicago,17,31,802404
5260,0.70836622,0.12254189,Chicago,17,31,802503
5261,0.38617164,0.049033687,Chicago,17,31,802505
5262,0.39741763,0.065205052,Chicago,17,31,802609
5263,0.23208584,0.066826567,Chicago,17,31,803017
5264,0.23311229,0.10210424,Chicago,17,31,803603
5265,0.37285876,0.08039955,Chicago,17,31,803605
5266,0.30767402,0.0405908,Chicago,17,31,803606
5267,0.29731959,0.043717518,Chicago,17,31,803608
5268,0.44254377,0.081338026,Chicago,17,31,803611
5269,0.25934416,0.035023157,Chicago,17,31,803612
5270,0.38023102,0.038421217,Chicago,17,31,804108
5271,0.37944469,0.052153815,Chicago,17,31,804305
5272,0.4153516,0.059509311,Chicago,17,31,804306
5273,0.33764094,0.064196333,Chicago,17,31,804308
5274,0.31599909,0.060769957,Chicago,17,31,804310
5275,0.65839452,0.1164741,Chicago,17,31,804311
5276,0.32040605,0.044671211,Chicago,17,31,804403
5277,0.34161654,0.056069355,Chicago,17,31,804404
5278,0.29265609,0.022729047,Chicago,17,31,804405
5279,0.33527556,0.048359644,Chicago,17,31,804406
5280,0.35241514,0.043047223,Chicago,17,31,804505
5281,0.49397993,0.074170776,Chicago,17,31,804507
5282,0.33683482,0.044868048,Chicago,17,31,804508
5283,0.34751275,0.047513023,Chicago,17,31,804509
5284,0.32963869,0.059833441,Chicago,17,31,804510
5285,0.37795261,0.081151374,Chicago,17,31,804511
5286,0.28173834,0.027693348,Chicago,17,31,804603
5287,0.37196898,0.078958571,Chicago,17,31,804607
5288,0.34368646,0.12366141,Chicago,17,31,804609
5289,0.35422298,0.065279111,Chicago,17,31,804611
5290,0.29317823,0.031204518,Chicago,17,31,804701
5291,0.29825082,0.036655415,Chicago,17,31,804705
5292,0.38611427,0.05412164,Chicago,17,31,804709
5293,0.3777014,0.077314518,Chicago,17,31,804710
5294,0.3439405,0.027343929,Chicago,17,31,804711
5295,0.314753,0.028727723,Chicago,17,31,804712
5296,0.35233316,0.061578102,Chicago,17,31,804713
5297,0.38730448,0.11188723,Chicago,17,31,804714
5298,0.34052601,0.04781815,Chicago,17,31,804715
5299,0.38621959,0.094894424,Chicago,17,31,804716
5300,0.30607095,0.039781351,Chicago,17,31,804803
5301,0.35484755,0.045624178,Chicago,17,31,804804
5302,0.3326326,0.060089059,Chicago,17,31,804805
5303,0.3581267,0.038762778,Chicago,17,31,804806
5304,0.40213594,0.072301157,Chicago,17,31,804807
5305,0.36421868,0.045848496,Chicago,17,31,804810
5306,0.38729164,0.054557312,Chicago,17,31,805002
5307,0.29459649,0.035986055,Chicago,17,31,805105
5308,0.34735689,0.036103003,Chicago,17,31,805107
5309,0.30352804,0.043322116,Chicago,17,31,805108
5310,0.35254654,0.049037587,Chicago,17,31,805111
5311,0.34324357,0.043459274,Chicago,17,31,806001
5312,0.33296999,0.030835586,Chicago,17,31,806002
5313,0.41505802,0.041744377,Chicago,17,31,806003
5314,0.31423005,0.057264175,Chicago,17,31,806004
5315,0.35810405,0.028057121,Chicago,17,31,806104
5316,0.26392755,0.066832535,Chicago,17,31,806700
5317,0.40402675,0.073316596,Chicago,17,31,806801
5318,0.36962792,0.051825725,Chicago,17,31,807000
5319,0.32753655,0.096295305,Chicago,17,31,807100
5320,0.44364396,0.045628916,Chicago,17,31,807200
5321,0.5090031,0.054982085,Chicago,17,31,807300
5322,0.40076387,0.067239083,Chicago,17,31,807400
5323,0.44334048,0.097635753,Chicago,17,31,807600
5324,0.49033517,0.07780201,Chicago,17,31,807700
5325,0.30988103,0.011458497,Chicago,17,31,809200
5326,0.33131763,0.051194709,Chicago,17,31,809300
5327,0.36160171,0.057693109,Chicago,17,31,809500
5328,0.32417291,0.018055791,Chicago,17,31,809600
5329,0.35023087,0.021448802,Chicago,17,31,809700
5330,0.49002579,0.047563866,Chicago,17,31,809800
5331,0.30328071,0.040729843,Chicago,17,31,810000
5332,0.36755994,0.021763479,Chicago,17,31,810100
5333,0.34116554,0.011867371,Chicago,17,31,810200
5334,0.38309881,0.026059194,Chicago,17,31,810301
5335,0.36730739,0.025569256,Chicago,17,31,810302
5336,0.30081865,0.035440907,Chicago,17,31,811301
5337,0.24973111,0.037262145,Chicago,17,31,811302
5338,0.47788641,0.071712874,Chicago,17,31,811600
5339,0.30466187,0.032657925,Chicago,17,31,811702
5340,0.34307113,0.052924186,Chicago,17,31,811900
5341,0.28763375,0.057426915,Chicago,17,31,812000
5342,0.30351633,0.01884253,Chicago,17,31,812100
5343,0.28227314,0.057922971,Chicago,17,31,812200
5344,0.33108145,0.033410281,Chicago,17,31,812301
5345,0.29740274,0.050388236,Chicago,17,31,812302
5346,0.26060936,0.065689422,Chicago,17,31,812400
5347,0.32239667,0.017903388,Chicago,17,31,812500
5348,0.33632356,0.020664735,Chicago,17,31,812600
5349,0.36697286,0.031257551,Chicago,17,31,812700
5350,0.36312762,0.036388021,Chicago,17,31,812801
5351,0.41678366,0.035970766,Chicago,17,31,812802
5352,0.36776027,0.04549757,Chicago,17,31,812900
5353,0.31479195,0.026633659,Chicago,17,31,813000
5354,0.32352769,0.020349111,Chicago,17,31,813100
5355,0.33539703,0.030814227,Chicago,17,31,813200
5356,0.32733652,0.059651356,Chicago,17,31,813500
5357,0.38624313,0.067509614,Chicago,17,31,814800
5358,0.35118973,0.05423994,Chicago,17,31,814900
5359,0.31986403,0.014689056,Chicago,17,31,815900
5360,0.33723414,0.030699134,Chicago,17,31,816000
5361,0.28912553,0.015153171,Chicago,17,31,816100
5362,0.35228673,0.040582318,Chicago,17,31,816200
5363,0.29272616,0.054912444,Chicago,17,31,816500
5364,0.35024211,0.023596479,Chicago,17,31,816800
5365,0.31011352,0.013379483,Chicago,17,31,816900
5366,0.35432345,0.012559303,Chicago,17,31,817000
5367,0.32442555,0.010614304,Chicago,17,31,817101
5368,0.32034627,0.014647249,Chicago,17,31,817102
5369,0.31019652,0.0089855045,Chicago,17,31,817200
5370,0.32024333,0.012199829,Chicago,17,31,817300
5371,0.32651067,0.020527158,Chicago,17,31,817400
5372,0.30271912,0.010155795,Chicago,17,31,817500
5373,0.32412246,0.010218995,Chicago,17,31,817600
5374,0.31596667,0.0090570487,Chicago,17,31,817700
5375,0.32324487,0.014361508,Chicago,17,31,817900
5376,0.35157636,0.021493835,Chicago,17,31,818000
5377,0.39410821,0.032933392,Chicago,17,31,818200
5378,0.31950897,0.018199667,Chicago,17,31,818300
5379,0.44725454,0.039185397,Chicago,17,31,818401
5380,0.27172947,0.036140949,Chicago,17,31,818402
5381,0.29914135,0.081225656,Chicago,17,31,818500
5382,0.2920897,0.039037608,Chicago,17,31,818600
5383,0.29742587,0.023238042,Chicago,17,31,819500
5384,0.26164001,0.049888641,Chicago,17,31,820104
5385,0.44018459,0.086846776,Chicago,17,31,820201
5386,0.3247391,0.022582311,Chicago,17,31,820400
5387,0.33094171,0.012871661,Chicago,17,31,820605
5388,0.30764404,0.014423421,Chicago,17,31,821200
5389,0.31935576,0.018924827,Chicago,17,31,821300
5390,0.31687373,0.014609655,Chicago,17,31,821401
5391,0.32006744,0.014643499,Chicago,17,31,821402
5392,0.29446539,0.012874516,Chicago,17,31,821500
5393,0.26952651,0.022737255,Chicago,17,31,821600
5394,0.40364271,0.055758167,Chicago,17,31,821700
5395,0.36460629,0.049827822,Chicago,17,31,821800
5396,0.35955465,0.048866402,Chicago,17,31,821900
5397,0.42057115,0.058980621,Chicago,17,31,822102
5398,0.23951057,0.050002061,Chicago,17,31,822701
5399,0.33945584,0.073309503,Chicago,17,31,822702
5400,0.35635081,0.038982924,Chicago,17,31,823001
5401,0.31829628,0.069057271,Chicago,17,31,823200
5402,0.39238223,0.030308448,Chicago,17,31,823302
5403,0.28830349,0.046060089,Chicago,17,31,823303
5404,0.35477641,0.032156512,Chicago,17,31,823304
5405,0.36446178,0.035887212,Chicago,17,31,823400
5406,0.28699943,0.03247299,Chicago,17,31,823500
5407,0.26772451,0.014794646,Chicago,17,31,823603
5408,0.27097484,0.020235045,Chicago,17,31,823702
5409,0.36114714,0.067293555,Chicago,17,31,823705
5410,0.27206007,0.042572904,Chicago,17,31,824108
5411,0.31914333,0.09749683,Chicago,17,31,824123
5412,0.2946769,0.010430953,Chicago,17,31,824300
5413,0.29190573,0.020255439,Chicago,17,31,824400
5414,0.36584082,0.056287866,Chicago,17,31,824505
5415,0.31114528,0.023368079,Chicago,17,31,824702
5416,0.28442901,0.016777279,Chicago,17,31,824800
5417,0.36324194,0.022661414,Chicago,17,31,824900
5418,0.35716397,0.052679986,Chicago,17,31,825000
5419,0.34623641,0.044909969,Chicago,17,31,825302
5420,0.33658168,0.011568928,Chicago,17,31,825501
5421,0.37016776,0.014445555,Chicago,17,31,825503
5422,0.37002176,0.013826573,Chicago,17,31,825504
5423,0.37477198,0.013961636,Chicago,17,31,825505
5424,0.31214485,0.011655893,Chicago,17,31,825600
5425,0.33040002,0.017996281,Chicago,17,31,825700
5426,0.3313615,0.01289148,Chicago,17,31,825801
5427,0.33751118,0.011485416,Chicago,17,31,825802
5428,0.33762893,0.012192484,Chicago,17,31,825803
5429,0.32372853,0.019121218,Chicago,17,31,825900
5430,0.31126863,0.016700819,Chicago,17,31,826000
5431,0.32629371,0.016417788,Chicago,17,31,826100
5432,0.32688206,0.016585099,Chicago,17,31,826201
5433,0.31959999,0.014797657,Chicago,17,31,826202
5434,0.31097251,0.014174205,Chicago,17,31,826301
5435,0.37024814,0.017136887,Chicago,17,31,826303
5436,0.32415003,0.013712658,Chicago,17,31,826304
5437,0.34562102,0.0134746,Chicago,17,31,826401
5438,0.3117798,0.011189023,Chicago,17,31,826402
5439,0.31944218,0.010286528,Chicago,17,31,826500
5440,0.30098757,0.010220033,Chicago,17,31,826600
5441,0.3055687,0.0093109328,Chicago,17,31,826700
5442,0.28913546,0.012257992,Chicago,17,31,826800
5443,0.29449132,0.012563075,Chicago,17,31,826901
5444,0.32164544,0.01392235,Chicago,17,31,826902
5445,0.31634223,0.010383977,Chicago,17,31,827000
5446,0.29596308,0.011344089,Chicago,17,31,827100
5447,0.31210563,0.011552582,Chicago,17,31,827200
5448,0.30165961,0.011575217,Chicago,17,31,827300
5449,0.30928767,0.0095321592,Chicago,17,31,827400
5450,0.29598233,0.010416611,Chicago,17,31,827500
5451,0.31122383,0.013498522,Chicago,17,31,827600
5452,0.29370013,0.013574112,Chicago,17,31,827700
5453,0.35620102,0.021162139,Chicago,17,31,827801
5454,0.35632354,0.022094093,Chicago,17,31,827802
5455,0.36528596,0.02619865,Chicago,17,31,827804
5456,0.31654668,0.025301993,Chicago,17,31,827805
5457,0.40904504,0.03213422,Chicago,17,31,827901
5458,0.34684247,0.017773917,Chicago,17,31,827902
5459,0.33030814,0.024151579,Chicago,17,31,828000
5460,0.36706856,0.075144291,Chicago,17,31,828100
5461,0.34296602,0.029359853,Chicago,17,31,828201
5462,0.34682703,0.029780993,Chicago,17,31,828202
5463,0.34614271,0.054521985,Chicago,17,31,828300
5464,0.26777038,0.038142253,Chicago,17,31,828401
5465,0.37867901,0.028440932,Chicago,17,31,828402
5466,0.33702749,0.015826795,Chicago,17,31,828503
5467,0.33132881,0.014789439,Chicago,17,31,828504
5468,0.30140704,0.02536005,Chicago,17,31,828505
5469,0.32888386,0.014874697,Chicago,17,31,828506
5470,0.39183283,0.077056341,Chicago,17,31,828601
5471,0.40634423,0.030615518,Chicago,17,31,828602
5472,0.37875417,0.023489855,Chicago,17,31,828701
5473,0.33734098,0.017871635,Chicago,17,31,828702
5474,0.35332438,0.027842594,Chicago,17,31,828801
5475,0.39376372,0.040904712,Chicago,17,31,828802
5476,0.29446831,0.01834764,Chicago,17,31,828900
5477,0.25282919,0.011714371,Chicago,17,31,829000
5478,0.32095444,0.019697638,Chicago,17,31,829100
5479,0.30112571,0.016019611,Chicago,17,31,829200
5480,0.30385929,0.02429655,Chicago,17,31,829301
5481,0.28239754,0.011091446,Chicago,17,31,829302
5482,0.28977308,0.011848006,Chicago,17,31,829401
5483,0.32691687,0.014132101,Chicago,17,31,829402
5484,0.33826822,0.042554285,Chicago,17,31,829500
5485,0.27085835,0.0091154287,Chicago,17,31,829700
5486,0.37548006,0.029262153,Chicago,17,31,829800
5487,0.35732347,0.013304461,Chicago,17,31,829901
5488,0.35698578,0.018225914,Chicago,17,31,829902
5489,0.37040514,0.015026822,Chicago,17,31,830003
5490,0.3733485,0.016791869,Chicago,17,31,830004
5491,0.36162648,0.031051144,Chicago,17,31,830005
5492,0.3083989,0.028159078,Chicago,17,31,830006
5493,0.35356152,0.015358891,Chicago,17,31,830007
5494,0.35323593,0.02226967,Chicago,17,31,830008
5495,0.36572704,0.024285445,Chicago,17,31,830100
5496,0.32681784,0.014967716,Chicago,17,31,830201
5497,0.36123851,0.024526408,Chicago,17,31,830202
5498,0.33911595,0.012319869,Chicago,17,31,830300
5499,0.31419566,0.02047435,Chicago,17,31,830400
5500,0.2480156,0.03522367,Chicago,17,31,830500
5501,0.34479648,0.0164285,Chicago,17,31,830600
5502,0.39287823,0.020235252,Chicago,17,31,830700
5503,0.41215292,0.065736905,Chicago,17,31,830800
5504,0.4133594,0.054818813,Chicago,17,31,831200
5505,0.28551272,0.019971615,Chicago,17,31,831300
5506,0.31370023,0.015244589,Chicago,17,31,831400
5507,0.40714952,0.059332091,Chicago,17,31,831500
5508,0.3510358,0.063173994,Chicago,17,31,831600
5509,0.35451472,0.044413425,Chicago,17,31,831800
5510,0.43809134,0.034300376,Chicago,17,31,832100
5511,0.44546413,0.067489877,Chicago,17,31,832400
5512,0.30863708,0.051363453,Chicago,17,31,832500
5513,0.19793355,0.053247005,Chicago,17,31,832600
5514,0.24102597,0.025745839,Chicago,17,31,833000
5515,0.29976818,0.01773343,Chicago,17,31,833100
5516,0.27881917,0.018159619,Chicago,17,31,833900
5517,0.3159712,0.0099703502,Chicago,17,31,834000
5518,0.32149538,0.009954419,Chicago,17,31,834200
5519,0.31441805,0.0090712141,Chicago,17,31,834300
5520,0.28058219,0.011205948,Chicago,17,31,834400
5521,0.26455456,0.013073556,Chicago,17,31,834500
5522,0.30763802,0.0098237265,Chicago,17,31,834600
5523,0.26031306,0.010884512,Chicago,17,31,834700
5524,0.28708717,0.011594136,Chicago,17,31,834800
5525,0.26813704,0.010068663,Chicago,17,31,834900
5526,0.29537034,0.0097216237,Chicago,17,31,835000
5527,0.29606694,0.013859853,Chicago,17,31,835100
5528,0.27095759,0.012928647,Chicago,17,31,835500
5529,0.2519123,0.015482717,Chicago,17,31,835600
5530,0.26050717,0.012041127,Chicago,17,31,835700
5531,0.27570769,0.016091119,Chicago,17,31,835800
5532,0.29975399,0.012934524,Chicago,17,31,835900
5533,0.30490434,0.012300648,Chicago,17,31,836000
5534,0.31468681,0.010040604,Chicago,17,31,836100
5535,0.25067452,0.057624649,Chicago,17,31,836200
5536,0.29624718,0.019120356,Chicago,17,31,836300
5537,0.26709485,0.01271346,Chicago,17,31,836400
5538,0.27579814,0.01409693,Chicago,17,31,836500
5539,0.28137287,0.014279696,Chicago,17,31,836600
5540,0.28403208,0.012016152,Chicago,17,31,836700
5541,0.26238766,0.011437681,Chicago,17,31,836800
5542,0.29247102,0.015384952,Chicago,17,31,836900
5543,0.26394832,0.012815193,Chicago,17,31,837000
5544,0.29403943,0.014984525,Chicago,17,31,837100
5545,0.24450278,0.012873796,Chicago,17,31,837300
5546,0.29056227,0.015210759,Chicago,17,31,837400
5547,0.27867824,0.013394938,Chicago,17,31,837800
5548,0.33701918,0.017004916,Chicago,17,31,838000
5549,0.26854151,0.017104708,Chicago,17,31,838100
5550,0.32111835,0.038426913,Chicago,17,31,838200
5551,0.26137003,0.01056442,Chicago,17,31,838300
5552,0.28064775,0.017085658,Chicago,17,31,838600
5553,0.28432587,0.0093085626,Chicago,17,31,838700
5554,0.27552268,0.015092498,Chicago,17,31,838800
5555,0.28859106,0.031654954,Chicago,17,31,839000
5556,0.29872015,0.032714039,Chicago,17,31,839100
5557,0.30090681,0.012038859,Chicago,17,31,839200
5558,0.26060161,0.024475789,Chicago,17,31,839500
5559,0.30256271,0.017993014,Chicago,17,31,839600
5560,0.28974807,0.033564251,Chicago,17,31,839900
5561,0.3270351,0.043756023,Chicago,17,31,840400
5562,0.26000908,0.012636665,Chicago,17,31,841000
5563,0.33150551,0.034720059,Chicago,17,31,841100
5564,0.26342061,0.029551433,Chicago,17,31,841200
5565,0.26221132,0.015575176,Chicago,17,31,841400
5566,0.26898885,0.01005059,Chicago,17,31,841500
5567,0.25207514,0.017260464,Chicago,17,31,841600
5568,0.27223259,0.020938128,Chicago,17,31,841700
5569,0.27872214,0.010352475,Chicago,17,31,841800
5570,0.36693826,0.035254747,Chicago,17,31,841900
5571,0.3125484,0.038559783,Chicago,17,31,842000
5572,0.28901064,0.0081579601,Chicago,17,31,842100
5573,0.2526063,0.012144095,Chicago,17,31,842200
5574,0.35674042,0.034648295,Chicago,17,31,842300
5575,0.31900421,0.011813555,Chicago,17,31,842400
5576,0.27986616,0.012070733,Chicago,17,31,842500
5577,0.24094868,0.037469342,Chicago,17,31,842600
5578,0.23968975,0.044991545,Chicago,17,31,842800
5579,0.2824612,0.0089031365,Chicago,17,31,842900
5580,0.30286312,0.012709879,Chicago,17,31,843000
5581,0.3037644,0.014482033,Chicago,17,31,843100
5582,0.28980571,0.016149702,Chicago,17,31,843300
5583,0.29629561,0.016900491,Chicago,17,31,843400
5584,0.29505616,0.012739451,Chicago,17,31,843600
5585,0.29542091,0.015345035,Chicago,17,31,843800
5586,0.3263447,0.012548295,Chicago,17,31,843900
5587,0.36916453,0.069519103,Chicago,17,43,840703
5588,0.30074885,0.049832407,Chicago,17,43,840704
5589,0.33981076,0.054624014,Chicago,17,43,840801
5590,0.3052088,0.064779133,Chicago,17,43,840901
5591,0.35996145,0.040629122,Chicago,17,43,840904
5592,0.24393839,0.04161717,Chicago,17,43,840906
5593,0.32264251,0.04126424,Chicago,17,43,840907
5594,0.34916976,0.051838491,Chicago,17,43,840908
5595,0.38123119,0.054835778,Chicago,17,43,840910
5596,0.34242591,0.064314015,Chicago,17,43,841102
5597,0.33192989,0.042907458,Chicago,17,43,841108
5598,0.35399848,0.055986278,Chicago,17,43,841109
5599,0.40000826,0.076300666,Chicago,17,43,841114
5600,0.41078654,0.053566344,Chicago,17,43,841204
5601,0.39256707,0.077018768,Chicago,17,43,841205
5602,0.37046942,0.072729662,Chicago,17,43,841206
5603,0.30632529,0.078139476,Chicago,17,43,841207
5604,0.42523038,0.071886048,Chicago,17,43,841208
5605,0.37647542,0.038414225,Chicago,17,43,841210
5606,0.29582983,0.065516576,Chicago,17,43,841307
5607,0.29932109,0.051788568,Chicago,17,43,841312
5608,0.25487533,0.058416434,Chicago,17,43,841314
5609,0.28724074,0.045459572,Chicago,17,43,841315
5610,0.38633046,0.09767691,Chicago,17,43,841322
5611,0.29533044,0.050116457,Chicago,17,43,841603
5612,0.35163277,0.059581257,Chicago,17,43,841607
5613,0.29651049,0.021453869,Chicago,17,43,841703
5614,0.44711024,0.088023059,Chicago,17,43,841704
5615,0.31740764,0.042430636,Chicago,17,43,841705
5616,0.37324819,0.036621761,Chicago,17,43,841706
5617,0.36961761,0.079692483,Chicago,17,43,842200
5618,0.36322692,0.05819656,Chicago,17,43,842400
5619,0.38289809,0.073702194,Chicago,17,43,842603
5620,0.38225225,0.049361147,Chicago,17,43,842604
5621,0.29359663,0.064085111,Chicago,17,43,842702
5622,0.24154212,0.04572507,Chicago,17,43,842704
5623,0.30801168,0.049093891,Chicago,17,43,842709
5624,0.2597869,0.04399395,Chicago,17,43,842710
5625,0.26967445,0.048957083,Chicago,17,43,843000
5626,0.44163468,0.058967233,Chicago,17,43,843200
5627,0.51440269,0.093295038,Chicago,17,43,844201
5628,0.46623558,0.061826847,Chicago,17,43,844301
5629,0.36996499,0.053981241,Chicago,17,43,844304
5630,0.37981597,0.055709925,Chicago,17,43,844305
5631,0.27777547,0.03785836,Chicago,17,43,844306
5632,0.28310555,0.055517498,Chicago,17,43,844307
5633,0.56123912,0.10036699,Chicago,17,43,844401
5634,0.3536773,0.049409449,Chicago,17,43,844402
5635,0.36113268,0.066250883,Chicago,17,43,845502
5636,0.35784507,0.039111763,Chicago,17,43,845505
5637,0.27689984,0.045787554,Chicago,17,43,845506
5638,0.32950565,0.041696835,Chicago,17,43,845510
5639,0.38095775,0.036577903,Chicago,17,43,845601
5640,0.29946318,0.063436523,Chicago,17,43,845703
5641,0.34106505,0.092922449,Chicago,17,43,845704
5642,0.41536742,0.030939514,Chicago,17,43,845803
5643,0.43379477,0.11763768,Chicago,17,43,845807
5644,0.33064666,0.06320525,Chicago,17,43,845809
5645,0.32976592,0.052525595,Chicago,17,43,845810
5646,0.35923454,0.048053443,Chicago,17,43,846004
5647,0.40272129,0.047142785,Chicago,17,43,846102
5648,0.45338145,0.081946246,Chicago,17,43,846104
5649,0.43120146,0.12600642,Chicago,17,43,846106
5650,0.31804952,0.04110628,Chicago,17,43,846201
5651,0.55861783,0.073124908,Chicago,17,43,846202
5652,0.50270939,0.10562512,Chicago,17,43,846304
5653,0.44228494,0.052486591,Chicago,17,43,846305
5654,0.31463936,0.035920963,Chicago,17,43,846307
5655,0.3614637,0.028491445,Chicago,17,43,846308
5656,0.37440905,0.023148432,Chicago,17,43,846310
5657,0.42681402,0.034815565,Chicago,17,43,846311
5658,0.27307394,0.093527757,Chicago,17,43,846312
5659,0.34201673,0.13050738,Chicago,17,43,846315
5660,0.41234636,0.060253333,Chicago,17,43,846404
5661,0.47737563,0.13384749,Chicago,17,43,846408
5662,0.34168303,0.029788731,Chicago,17,43,846410
5663,0.32909477,0.035210583,Chicago,17,43,846411
5664,0.41219342,0.06298539,Chicago,17,43,846412
5665,0.41099229,0.083650321,Chicago,17,43,846413
5666,0.32776999,0.052680176,Chicago,17,43,846504
5667,0.3822667,0.075183056,Chicago,17,43,846507
5668,0.34329119,0.029118329,Chicago,17,43,846509
5669,0.30337861,0.041899167,Chicago,17,43,846510
5670,0.31755671,0.039310057,Chicago,17,43,846511
5671,0.39726663,0.12541841,Chicago,17,43,846513
5672,0.30306745,0.07467474,Chicago,17,43,846514
5673,0.39776251,0.040377647,Chicago,17,43,846515
5674,0.35416776,0.057553783,Chicago,17,43,846517
5675,0.13658158,0.12158976,Chicago,17,43,846518
5676,0.30801016,0.053466909,Chicago,17,43,846519
5677,0.51105219,0.10583337,Chicago,17,43,846521
5678,0.62937266,0.150383,Chicago,17,43,846522
5679,0.39879984,0.10408719,Chicago,17,43,846524
5680,0.32088566,0.058713131,Chicago,17,89,850101
5681,0.17752315,0.056847323,Chicago,17,89,850106
5682,0.34282568,0.057272382,Chicago,17,89,850201
5683,0.34416646,0.026721822,Chicago,17,89,850202
5684,0.33072165,0.020951293,Chicago,17,89,850301
5685,0.31977436,0.033632889,Chicago,17,89,850302
5686,0.27925035,0.083155021,Chicago,17,89,850600
5687,0.36138728,0.038836915,Chicago,17,89,850800
5688,0.37038979,0.02793519,Chicago,17,89,851000
5689,0.32022333,0.034125846,Chicago,17,89,851101
5690,0.36813879,0.043343272,Chicago,17,89,851102
5691,0.27817255,0.02769422,Chicago,17,89,851301
5692,0.30258927,0.021368187,Chicago,17,89,851302
5693,0.31525159,0.026135661,Chicago,17,89,851400
5694,0.31591463,0.030745583,Chicago,17,89,851500
5695,0.26040009,0.023893893,Chicago,17,89,851600
5696,0.33868116,0.055934548,Chicago,17,89,851801
5697,0.33084813,0.029370286,Chicago,17,89,851904
5698,0.41448244,0.076483443,Chicago,17,89,851907
5699,0.25316176,0.035749972,Chicago,17,89,851908
5700,0.37769958,0.074279979,Chicago,17,89,851909
5701,0.29047203,0.031063603,Chicago,17,89,851910
5702,0.48261201,0.07644473,Chicago,17,89,852202
5703,0.31886953,0.048493344,Chicago,17,89,852700
5704,0.4872036,0.066693977,Chicago,17,89,852803
5705,0.27302969,0.043088958,Chicago,17,89,852805
5706,0.4606705,0.074378826,Chicago,17,89,852808
5707,0.30181625,0.020192035,Chicago,17,89,852903
5708,0.31529069,0.030968964,Chicago,17,89,852904
5709,0.31803122,0.020792097,Chicago,17,89,852905
5710,0.33072594,0.026867623,Chicago,17,89,852906
5711,0.30467474,0.026778281,Chicago,17,89,852907
5712,0.36151856,0.049247708,Chicago,17,89,853001
5713,0.26079983,0.051188096,Chicago,17,89,853004
5714,0.34473586,0.028095039,Chicago,17,89,853005
5715,0.35847607,0.045587461,Chicago,17,89,853006
5716,0.32014358,0.019408833,Chicago,17,89,853007
5717,0.29016465,0.021907561,Chicago,17,89,853008
5718,0.37548167,0.044612132,Chicago,17,89,853100
5719,0.34306011,0.01880504,Chicago,17,89,853200
5720,0.27714309,0.022915434,Chicago,17,89,853400
5721,0.32933208,0.021300558,Chicago,17,89,853500
5722,0.30040696,0.017383162,Chicago,17,89,853600
5723,0.32258892,0.041508932,Chicago,17,89,853900
5724,0.47036919,0.083500691,Chicago,17,89,854001
5725,0.3683674,0.027685041,Chicago,17,89,854002
5726,0.376849,0.04378451,Chicago,17,89,854100
5727,0.25606504,0.037461638,Chicago,17,89,854200
5728,0.22469702,0.027937796,Chicago,17,89,854301
5729,0.22536421,0.034896914,Chicago,17,89,854302
5730,0.33538634,0.019244812,Chicago,17,89,854400
5731,0.30095369,0.074672803,Chicago,17,89,854503
5732,0.30939031,0.023430759,Chicago,17,89,854600
5733,0.20315401,0.033780806,Chicago,17,89,854700
5734,0.31423116,0.026790908,Chicago,17,89,854900
5735,0.31316459,0.053331807,Chicago,17,93,890101
5736,0.21721947,0.072568156,Chicago,17,93,890102
5737,0.40786085,0.090706393,Chicago,17,93,890301
5738,0.2651099,0.075610489,Chicago,17,93,890302
5739,0.45626688,0.07702335,Chicago,17,93,890400
5740,0.32132429,0.020128587,Chicago,17,97,860101
5741,0.28344706,0.02760661,Chicago,17,97,860200
5742,0.3140949,0.01481676,Chicago,17,97,860301
5743,0.31465703,0.017259147,Chicago,17,97,860302
5744,0.31086639,0.018787982,Chicago,17,97,860400
5745,0.29248288,0.012976117,Chicago,17,97,860500
5746,0.29465398,0.02952482,Chicago,17,97,860600
5747,0.29192853,0.054621439,Chicago,17,97,860903
5748,0.34917486,0.087489627,Chicago,17,97,861011
5749,0.30257133,0.070483945,Chicago,17,97,861201
5750,0.35152885,0.054561164,Chicago,17,97,861301
5751,0.4084233,0.065739401,Chicago,17,97,861402
5752,0.34918013,0.049593803,Chicago,17,97,861404
5753,0.28421196,0.0292507,Chicago,17,97,861504
5754,0.4086796,0.10865242,Chicago,17,97,861505
5755,0.3494879,0.036996931,Chicago,17,97,861506
5756,0.40526119,0.087292477,Chicago,17,97,861507
5757,0.32042301,0.038561612,Chicago,17,97,861508
5758,0.39270139,0.070920125,Chicago,17,97,861509
5759,0.39688852,0.045088828,Chicago,17,97,861510
5760,0.49700528,0.088417612,Chicago,17,97,861603
5761,0.34539035,0.071169667,Chicago,17,97,861604
5762,0.25033814,0.052798852,Chicago,17,97,861609
5763,0.26477569,0.13742805,Chicago,17,97,861611
5764,0.33595756,0.089701563,Chicago,17,97,861701
5765,0.3449254,0.028825186,Chicago,17,97,861702
5766,0.35640356,0.022230396,Chicago,17,97,861803
5767,0.32041946,0.020883903,Chicago,17,97,861804
5768,0.40424716,0.044468999,Chicago,17,97,861901
5769,0.32039422,0.022982093,Chicago,17,97,861902
5770,0.3534112,0.018438024,Chicago,17,97,862000
5771,0.33421287,0.017896725,Chicago,17,97,862100
5772,0.29401615,0.020799864,Chicago,17,97,862200
5773,0.25475922,0.012842404,Chicago,17,97,862300
5774,0.28931022,0.021236196,Chicago,17,97,862401
5775,0.25148758,0.020200042,Chicago,17,97,862402
5776,0.3081497,0.0320598,Chicago,17,97,862501
5777,0.27052402,0.022020064,Chicago,17,97,862502
5778,0.36240381,0.020882798,Chicago,17,97,862603
5779,0.30210602,0.026111528,Chicago,17,97,862604
5780,0.31602958,0.024278445,Chicago,17,97,862605
5781,0.29909551,0.015192091,Chicago,17,97,862700
5782,0.3179341,0.016455501,Chicago,17,97,862800
5783,0.29821262,0.014592241,Chicago,17,97,862901
5784,0.3372342,0.014423831,Chicago,17,97,862902
5785,0.30919182,0.014643792,Chicago,17,97,863004
5786,0.28370428,0.012776372,Chicago,17,97,863100
5787,0.32265359,0.014575745,Chicago,17,97,863201
5788,0.36410058,0.072457574,Chicago,17,97,863202
5789,0.47743419,0.087052956,Chicago,17,97,863702
5790,0.16814432,0.068024039,Chicago,17,97,863902
5791,0.31088194,0.087250516,Chicago,17,97,864001
5792,0.26668385,0.063392967,Chicago,17,97,864002
5793,0.26123905,0.053311087,Chicago,17,97,864511
5794,0.51874304,0.064837039,Chicago,17,97,865000
5795,0.35158488,0.052097645,Chicago,17,97,865200
5796,0.42357829,0.072949357,Chicago,17,97,865501
5797,0.37129107,0.086793587,Chicago,17,97,866000
5798,0.30448964,0.015785931,Chicago,17,97,866100
5799,0.31007865,0.083703868,Chicago,17,111,871104
5800,0.3418968,0.027394447,Chicago,17,197,880105
5801,0.36958346,0.026154855,Chicago,17,197,880106
5802,0.38398138,0.026584549,Chicago,17,197,880107
5803,0.4235028,0.025009671,Chicago,17,197,880109
5804,0.3246184,0.034392122,Chicago,17,197,880111
5805,0.36744013,0.049492069,Chicago,17,197,880112
5806,0.32941565,0.024122331,Chicago,17,197,880113
5807,0.41162017,0.032347698,Chicago,17,197,880114
5808,0.35462019,0.023829555,Chicago,17,197,880115
5809,0.36042118,0.046108466,Chicago,17,197,880116
5810,0.30346233,0.019276328,Chicago,17,197,880117
5811,0.33558562,0.040187679,Chicago,17,197,880120
5812,0.36908627,0.035631362,Chicago,17,197,880121
5813,0.22896273,0.042912755,Chicago,17,197,880202
5814,0.30384248,0.059439506,Chicago,17,197,880204
5815,0.40692008,0.081271335,Chicago,17,197,880306
5816,0.37439075,0.083478965,Chicago,17,197,880307
5817,0.47331414,0.085896097,Chicago,17,197,880310
5818,0.29608044,0.054529049,Chicago,17,197,880313
5819,0.40370658,0.062330607,Chicago,17,197,880408
5820,0.37998703,0.056418754,Chicago,17,197,880410
5821,0.20124571,0.091295056,Chicago,17,197,880415
5822,0.32641852,0.077624261,Chicago,17,197,880419
5823,0.49382171,0.079788312,Chicago,17,197,880420
5824,0.38238168,0.082529426,Chicago,17,197,880503
5825,0.34552148,0.057380687,Chicago,17,197,880505
5826,0.35585251,0.031277169,Chicago,17,197,880507
5827,0.49555302,0.081659041,Chicago,17,197,880701
5828,0.34018806,0.019014783,Chicago,17,197,880702
5829,0.36402035,0.045003079,Chicago,17,197,880903
5830,0.28793406,0.011185456,Chicago,17,197,881200
5831,0.24606501,0.024406251,Chicago,17,197,881301
5832,0.38848132,0.046977211,Chicago,17,197,881302
5833,0.4228912,0.078033328,Chicago,17,197,881401
5834,0.29275361,0.016351726,Chicago,17,197,881603
5835,0.30628669,0.04100766,Chicago,17,197,881604
5836,0.36030325,0.05283796,Chicago,17,197,881800
5837,0.3225691,0.016832886,Chicago,17,197,881900
5838,0.28908005,0.013477894,Chicago,17,197,882000
5839,0.25241995,0.021507015,Chicago,17,197,882100
5840,0.3153806,0.029485742,Chicago,17,197,882200
5841,0.28223249,0.037336137,Chicago,17,197,882300
5842,0.29730064,0.012686971,Chicago,17,197,882400
5843,0.32404423,0.013308272,Chicago,17,197,882500
5844,0.2367885,0.053109124,Chicago,17,197,882601
5845,0.27726272,0.03285246,Chicago,17,197,882602
5846,0.33615032,0.057278566,Chicago,17,197,882701
5847,0.27114919,0.023325624,Chicago,17,197,882702
5848,0.38241005,0.065161467,Chicago,17,197,882801
5849,0.34083709,0.028602302,Chicago,17,197,882802
5850,0.29685798,0.019278552,Chicago,17,197,883000
5851,0.29689655,0.014565539,Chicago,17,197,883100
5852,0.44591269,0.052968781,Chicago,17,197,883206
5853,0.31258696,0.043812811,Chicago,17,197,883208
5854,0.27611959,0.071388505,Chicago,17,197,883209
5855,0.34394193,0.088689052,Chicago,17,197,883210
5856,0.41324046,0.059325807,Chicago,17,197,883211
5857,0.30308709,0.089319684,Chicago,17,197,883213
5858,0.30912787,0.14842185,Chicago,17,197,883216
5859,0.47537598,0.096499182,Chicago,17,197,883505
5860,0.33375672,0.085538238,Chicago,17,197,883602
5861,0.34732944,0.026152082,Chicago,17,197,883603
5862,0.32754174,0.015082578,Chicago,17,197,883605
5863,0.33555931,0.017338144,Chicago,17,197,883606
5864,0.27452695,0.054379292,Chicago,17,197,883700
5865,0.34437376,0.017154071,Chicago,17,197,883803
5866,0.37892926,0.049894519,Chicago,17,197,883806
5867,0.35937744,0.057370342,Chicago,17,197,883809
5868,0.33214253,0.038015399,Chicago,17,197,883810
5869,0.44123265,0.12323225,Chicago,17,197,883811
5870,0.4237591,0.1289838,Washington DC,24,9,860101
5871,0.47977698,0.086116172,Washington DC,24,9,860102
5872,0.41163456,0.043869603,Washington DC,24,9,860200
5873,0.35947293,0.044185348,Washington DC,24,9,860300
5874,0.41573679,0.04911188,Washington DC,24,9,860401
5875,0.48128605,0.048794158,Washington DC,24,9,860402
5876,0.41799423,0.041145016,Washington DC,24,9,860501
5877,0.42575228,0.060368426,Washington DC,24,9,860502
5878,0.33324152,0.04191507,Washington DC,24,9,860600
5879,0.41262564,0.034200836,Washington DC,24,9,860702
5880,0.3939966,0.043068763,Washington DC,24,9,860703
5881,0.39079398,0.037838589,Washington DC,24,9,860801
5882,0.28905284,0.043826971,Washington DC,24,9,860802
5883,0.33709708,0.023278624,Washington DC,24,9,860900
5884,0.35632172,0.040326625,Washington DC,24,9,861003
5885,0.35891616,0.033948161,Washington DC,24,9,861004
5886,0.37338197,0.024821011,Washington DC,24,17,850101
5887,0.41279897,0.03977336,Washington DC,24,17,850102
5888,0.34165752,0.019205231,Washington DC,24,17,850202
5889,0.35663474,0.043803349,Washington DC,24,17,850300
5890,0.34143838,0.029733472,Washington DC,24,17,850400
5891,0.45513317,0.077397421,Washington DC,24,17,850500
5892,0.34210178,0.03870656,Washington DC,24,17,850600
5893,0.44877255,0.033586025,Washington DC,24,17,850706
5894,0.34679246,0.032938685,Washington DC,24,17,850708
5895,0.34259757,0.015408112,Washington DC,24,17,850709
5896,0.47956342,0.03932561,Washington DC,24,17,850710
5897,0.32432786,0.02138989,Washington DC,24,17,850711
5898,0.39806694,0.038251393,Washington DC,24,17,850712
5899,0.28190014,0.035957597,Washington DC,24,17,850713
5900,0.37022433,0.035212182,Washington DC,24,17,850801
5901,0.35202393,0.027458733,Washington DC,24,17,850802
5902,0.32849345,0.016192663,Washington DC,24,17,850901
5903,0.36436787,0.022927856,Washington DC,24,17,850902
5904,0.47981763,0.062455256,Washington DC,24,17,850904
5905,0.34022215,0.02391451,Washington DC,24,17,850905
5906,0.38184991,0.018758534,Washington DC,24,17,850906
5907,0.41126275,0.06611938,Washington DC,24,17,851001
5908,0.34777516,0.023293203,Washington DC,24,17,851002
5909,0.43766376,0.073094293,Washington DC,24,17,851100
5910,0.42998558,0.04792526,Washington DC,24,17,851200
5911,0.51649773,0.072658092,Washington DC,24,17,851301
5912,0.41656771,0.062655754,Washington DC,24,17,851302
5913,0.39653563,0.027636217,Washington DC,24,17,851400
5914,0.33029494,0.019909443,Washington DC,24,17,851500
5915,0.30999735,0.033410572,Washington DC,24,21,750100
5916,0.32914594,0.025150077,Washington DC,24,21,750300
5917,0.33783537,0.022716722,Washington DC,24,21,750503
5918,0.3817341,0.030029537,Washington DC,24,21,750504
5919,0.33254355,0.024830991,Washington DC,24,21,750505
5920,0.32371861,0.055683434,Washington DC,24,21,750506
5921,0.28738964,0.031470418,Washington DC,24,21,750701
5922,0.34738952,0.032201473,Washington DC,24,21,750702
5923,0.27781022,0.0337051,Washington DC,24,21,750801
5924,0.29884043,0.056399435,Washington DC,24,21,750802
5925,0.44335476,0.049230896,Washington DC,24,21,750803
5926,0.33395961,0.043410715,Washington DC,24,21,751002
5927,0.38471198,0.046759445,Washington DC,24,21,751003
5928,0.52690345,0.072791062,Washington DC,24,21,751004
5929,0.31281802,0.047259126,Washington DC,24,21,751201
5930,0.47078878,0.05573453,Washington DC,24,21,751202
5931,0.36205992,0.090706244,Washington DC,24,21,751902
5932,0.23521116,0.076256983,Washington DC,24,21,751903
5933,0.24895647,0.073035389,Washington DC,24,21,751904
5934,0.5988214,0.080281273,Washington DC,24,21,752204
5935,0.42775077,0.062768184,Washington DC,24,21,752301
5936,0.35501459,0.030625261,Washington DC,24,21,765100
5937,0.30831331,0.031015888,Washington DC,24,21,772200
5938,0.33833137,0.054843154,Washington DC,24,21,773500
5939,0.28349748,0.057182971,Washington DC,24,21,775302
5940,0.44121525,0.083193108,Washington DC,24,21,775400
5941,0.34193778,0.089581773,Washington DC,24,31,700101
5942,0.48305848,0.1151484,Washington DC,24,31,700103
5943,0.33799225,0.031225076,Washington DC,24,31,700104
5944,0.3943401,0.028727837,Washington DC,24,31,700105
5945,0.3543151,0.1180811,Washington DC,24,31,700205
5946,0.2443504,0.047666993,Washington DC,24,31,700206
5947,0.3859897,0.041605838,Washington DC,24,31,700207
5948,0.50185382,0.034551177,Washington DC,24,31,700304
5949,0.47276357,0.031168683,Washington DC,24,31,700306
5950,0.3383365,0.034089081,Washington DC,24,31,700308
5951,0.41538301,0.028593987,Washington DC,24,31,700309
5952,0.50021577,0.040382005,Washington DC,24,31,700310
5953,0.27095219,0.058751561,Washington DC,24,31,700311
5954,0.4010497,0.072225727,Washington DC,24,31,700312
5955,0.33845472,0.056163687,Washington DC,24,31,700500
5956,0.4312624,0.071346983,Washington DC,24,31,700604
5957,0.40877512,0.094964184,Washington DC,24,31,700606
5958,0.52139258,0.049976829,Washington DC,24,31,700607
5959,0.36371183,0.059061978,Washington DC,24,31,700608
5960,0.61576325,0.071613476,Washington DC,24,31,700610
5961,0.40908206,0.077787936,Washington DC,24,31,700611
5962,0.42419091,0.045898221,Washington DC,24,31,700613
5963,0.39104801,0.02853445,Washington DC,24,31,700614
5964,0.33220479,0.098984957,Washington DC,24,31,700615
5965,0.42922729,0.062771156,Washington DC,24,31,700616
5966,0.47383225,0.047704555,Washington DC,24,31,700704
5967,0.45078126,0.029789824,Washington DC,24,31,700706
5968,0.41505715,0.023320135,Washington DC,24,31,700710
5969,0.39573118,0.027377127,Washington DC,24,31,700711
5970,0.48117769,0.032883331,Washington DC,24,31,700713
5971,0.37729532,0.027980208,Washington DC,24,31,700715
5972,0.39574218,0.021824101,Washington DC,24,31,700716
5973,0.41089022,0.021443339,Washington DC,24,31,700717
5974,0.491402,0.068104997,Washington DC,24,31,700718
5975,0.38398451,0.018306755,Washington DC,24,31,700719
5976,0.41094115,0.032284565,Washington DC,24,31,700720
5977,0.35770735,0.036622677,Washington DC,24,31,700721
5978,0.37956303,0.023366241,Washington DC,24,31,700722
5979,0.295084,0.036330163,Washington DC,24,31,700723
5980,0.36517066,0.025462503,Washington DC,24,31,700724
5981,0.52964932,0.035945557,Washington DC,24,31,700810
5982,0.44032156,0.029692847,Washington DC,24,31,700811
5983,0.43232536,0.046758603,Washington DC,24,31,700812
5984,0.34998268,0.030958401,Washington DC,24,31,700813
5985,0.39502996,0.019858949,Washington DC,24,31,700815
5986,0.40604439,0.019186694,Washington DC,24,31,700816
5987,0.41292727,0.037199259,Washington DC,24,31,700817
5988,0.39838278,0.020442089,Washington DC,24,31,700818
5989,0.38511768,0.02788005,Washington DC,24,31,700819
5990,0.35215846,0.024408014,Washington DC,24,31,700820
5991,0.3953073,0.043789037,Washington DC,24,31,700822
5992,0.46340439,0.057264443,Washington DC,24,31,700823
5993,0.51279032,0.064812407,Washington DC,24,31,700824
5994,0.3448016,0.057885639,Washington DC,24,31,700830
5995,0.37808332,0.033484388,Washington DC,24,31,700832
5996,0.44103047,0.039639194,Washington DC,24,31,700833
5997,0.37378344,0.027217902,Washington DC,24,31,700834
5998,0.43131283,0.041632839,Washington DC,24,31,700835
5999,0.3705281,0.03211743,Washington DC,24,31,700901
6000,0.34024662,0.024446292,Washington DC,24,31,700902
6001,0.35200065,0.030480934,Washington DC,24,31,700903
6002,0.48040748,0.086223453,Washington DC,24,31,700904
6003,0.33756015,0.049144585,Washington DC,24,31,700905
6004,0.51140207,0.045472778,Washington DC,24,31,701001
6005,0.41239971,0.035079535,Washington DC,24,31,701004
6006,0.49457741,0.085471302,Washington DC,24,31,701005
6007,0.4726949,0.082080074,Washington DC,24,31,701006
6008,0.41254795,0.043390885,Washington DC,24,31,701101
6009,0.35962322,0.036536463,Washington DC,24,31,701102
6010,0.36924583,0.045693066,Washington DC,24,31,701201
6011,0.3121987,0.041266218,Washington DC,24,31,701211
6012,0.41712898,0.10314195,Washington DC,24,31,701212
6013,0.48395193,0.07336437,Washington DC,24,31,701215
6014,0.36690524,0.069220468,Washington DC,24,31,701216
6015,0.38260877,0.043153737,Washington DC,24,31,701219
6016,0.53306252,0.070881248,Washington DC,24,31,701304
6017,0.34975165,0.13063361,Washington DC,24,31,701306
6018,0.35313207,0.058776014,Washington DC,24,31,701307
6019,0.42476743,0.11705078,Washington DC,24,31,701308
6020,0.49224475,0.043616544,Washington DC,24,31,701312
6021,0.43830502,0.049774971,Washington DC,24,31,701313
6022,0.35276058,0.052498821,Washington DC,24,31,701314
6023,0.42515317,0.040450275,Washington DC,24,31,701315
6024,0.41620067,0.040086307,Washington DC,24,31,701316
6025,0.45769671,0.079968162,Washington DC,24,31,701317
6026,0.3634395,0.036913015,Washington DC,24,31,701407
6027,0.46033362,0.051219501,Washington DC,24,31,701408
6028,0.50595069,0.070384808,Washington DC,24,31,701409
6029,0.42840958,0.019569667,Washington DC,24,31,701410
6030,0.38780808,0.020176135,Washington DC,24,31,701414
6031,0.46652657,0.020963011,Washington DC,24,31,701415
6032,0.41158938,0.021950692,Washington DC,24,31,701417
6033,0.54545259,0.030914305,Washington DC,24,31,701418
6034,0.40281224,0.028182561,Washington DC,24,31,701420
6035,0.40834141,0.035915766,Washington DC,24,31,701421
6036,0.39978614,0.016777968,Washington DC,24,31,701422
6037,0.43641859,0.020988187,Washington DC,24,31,701423
6038,0.4270741,0.030891655,Washington DC,24,31,701503
6039,0.4568432,0.019673182,Washington DC,24,31,701505
6040,0.42433378,0.035328016,Washington DC,24,31,701506
6041,0.53152037,0.041051865,Washington DC,24,31,701507
6042,0.40155709,0.019739727,Washington DC,24,31,701508
6043,0.4542394,0.015757486,Washington DC,24,31,701509
6044,0.38859209,0.025856772,Washington DC,24,31,701601
6045,0.42161936,0.022077696,Washington DC,24,31,701602
6046,0.46017814,0.028053196,Washington DC,24,31,701701
6047,0.36821797,0.021643782,Washington DC,24,31,701702
6048,0.42082283,0.027576007,Washington DC,24,31,701703
6049,0.36060241,0.027725438,Washington DC,24,31,701704
6050,0.40227273,0.016488768,Washington DC,24,31,701800
6051,0.39184558,0.027047183,Washington DC,24,31,701900
6052,0.43595445,0.022596665,Washington DC,24,31,702000
6053,0.42096442,0.017275011,Washington DC,24,31,702101
6054,0.48698658,0.065722585,Washington DC,24,31,702102
6055,0.50142217,0.042133503,Washington DC,24,31,702200
6056,0.45340919,0.020937311,Washington DC,24,31,702301
6057,0.45767066,0.025211824,Washington DC,24,31,702302
6058,0.48738986,0.064482592,Washington DC,24,31,702401
6059,0.42115504,0.022688307,Washington DC,24,31,702402
6060,0.39821085,0.024015501,Washington DC,24,31,702500
6061,0.41650847,0.028538806,Washington DC,24,31,702601
6062,0.44449449,0.022360379,Washington DC,24,31,702602
6063,0.43507507,0.019366885,Washington DC,24,31,702700
6064,0.36902657,0.03689887,Washington DC,24,31,702800
6065,0.50409871,0.0479111,Washington DC,24,31,702900
6066,0.52598602,0.079820886,Washington DC,24,31,703000
6067,0.46860191,0.040163368,Washington DC,24,31,703100
6068,0.45958096,0.049176022,Washington DC,24,31,703201
6069,0.42962068,0.058610838,Washington DC,24,31,703202
6070,0.37341714,0.039223615,Washington DC,24,31,703206
6071,0.45963836,0.022718728,Washington DC,24,31,703207
6072,0.59291261,0.042969845,Washington DC,24,31,703208
6073,0.41794658,0.031351089,Washington DC,24,31,703209
6074,0.48818749,0.044510946,Washington DC,24,31,703210
6075,0.48865178,0.021829387,Washington DC,24,31,703212
6076,0.40137866,0.013782417,Washington DC,24,31,703213
6077,0.41493773,0.015013117,Washington DC,24,31,703214
6078,0.45880467,0.032578737,Washington DC,24,31,703215
6079,0.47107893,0.037504792,Washington DC,24,31,703216
6080,0.4394024,0.025668982,Washington DC,24,31,703220
6081,0.4067243,0.03088603,Washington DC,24,31,703221
6082,0.42356351,0.045176707,Washington DC,24,31,703301
6083,0.41850561,0.048800606,Washington DC,24,31,703302
6084,0.44101167,0.03674639,Washington DC,24,31,703401
6085,0.35795367,0.039659102,Washington DC,24,31,703402
6086,0.44762287,0.04455588,Washington DC,24,31,703403
6087,0.42366517,0.030920209,Washington DC,24,31,703404
6088,0.43827152,0.023285339,Washington DC,24,31,703501
6089,0.50175172,0.044124439,Washington DC,24,31,703502
6090,0.48115495,0.048898231,Washington DC,24,31,703601
6091,0.5214563,0.087066069,Washington DC,24,31,703602
6092,0.35371915,0.035783563,Washington DC,24,31,703701
6093,0.445205,0.043628667,Washington DC,24,31,703702
6094,0.46130377,0.039637495,Washington DC,24,31,703800
6095,0.61671555,0.048317023,Washington DC,24,31,703901
6096,0.39843252,0.022204507,Washington DC,24,31,703902
6097,0.4585878,0.032968987,Washington DC,24,31,704000
6098,0.4917447,0.10067582,Washington DC,24,31,704100
6099,0.42929843,0.088252455,Washington DC,24,31,704404
6100,0.6075595,0.10777685,Washington DC,24,31,705100
6101,0.40918928,0.12229287,Washington DC,24,31,705902
6102,0.62345803,0.12389266,Washington DC,24,31,706005
6103,0.31416038,0.062216602,Washington DC,24,31,706007
6104,0.33523896,0.06229132,Washington DC,24,31,706009
6105,0.37555736,0.034875371,Washington DC,24,31,706010
6106,0.36026639,0.048556905,Washington DC,24,31,706012
6107,0.37147489,0.032127865,Washington DC,24,33,800102
6108,0.38387054,0.039259326,Washington DC,24,33,800103
6109,0.43817785,0.026006659,Washington DC,24,33,800105
6110,0.40904152,0.03186122,Washington DC,24,33,800106
6111,0.36253774,0.020109963,Washington DC,24,33,800108
6112,0.37676525,0.020095253,Washington DC,24,33,800109
6113,0.4025757,0.067269072,Washington DC,24,33,800203
6114,0.40493158,0.019282067,Washington DC,24,33,800206
6115,0.42613688,0.019183824,Washington DC,24,33,800208
6116,0.35501131,0.012588772,Washington DC,24,33,800209
6117,0.37290612,0.01972321,Washington DC,24,33,800210
6118,0.3813763,0.022849984,Washington DC,24,33,800211
6119,0.5002327,0.05099545,Washington DC,24,33,800212
6120,0.37685099,0.024984838,Washington DC,24,33,800213
6121,0.35051665,0.021394886,Washington DC,24,33,800214
6122,0.37093759,0.027951233,Washington DC,24,33,800215
6123,0.31699991,0.061667226,Washington DC,24,33,800401
6124,0.42504856,0.045000602,Washington DC,24,33,800402
6125,0.46269366,0.060166795,Washington DC,24,33,800403
6126,0.43413171,0.025410013,Washington DC,24,33,800408
6127,0.46654794,0.03578781,Washington DC,24,33,800409
6128,0.39882395,0.035272647,Washington DC,24,33,800410
6129,0.38117066,0.020503258,Washington DC,24,33,800411
6130,0.45349479,0.021485666,Washington DC,24,33,800412
6131,0.41361088,0.017814307,Washington DC,24,33,800413
6132,0.42881611,0.040629636,Washington DC,24,33,800504
6133,0.28857335,0.057971373,Washington DC,24,33,800505
6134,0.36731464,0.033651158,Washington DC,24,33,800507
6135,0.4202286,0.021323167,Washington DC,24,33,800509
6136,0.35243484,0.024196561,Washington DC,24,33,800511
6137,0.41816002,0.03650751,Washington DC,24,33,800513
6138,0.48541227,0.049935739,Washington DC,24,33,800514
6139,0.45934197,0.028441779,Washington DC,24,33,800515
6140,0.3868123,0.031333163,Washington DC,24,33,800516
6141,0.44584912,0.027629262,Washington DC,24,33,800517
6142,0.45965207,0.05206443,Washington DC,24,33,800518
6143,0.43979609,0.038393416,Washington DC,24,33,800519
6144,0.40234661,0.037708912,Washington DC,24,33,800520
6145,0.36582348,0.022123283,Washington DC,24,33,800601
6146,0.46217382,0.036943544,Washington DC,24,33,800604
6147,0.38750607,0.029459652,Washington DC,24,33,800605
6148,0.34984091,0.02152607,Washington DC,24,33,800606
6149,0.43271577,0.027141234,Washington DC,24,33,800607
6150,0.33341619,0.034891117,Washington DC,24,33,800608
6151,0.37916005,0.026203671,Washington DC,24,33,800701
6152,0.41269198,0.01990848,Washington DC,24,33,800704
6153,0.37932932,0.027482966,Washington DC,24,33,800705
6154,0.39562827,0.037723944,Washington DC,24,33,800706
6155,0.41269177,0.040303208,Washington DC,24,33,800707
6156,0.38324273,0.045064617,Washington DC,24,33,800800
6157,0.35129142,0.041225322,Washington DC,24,33,800900
6158,0.38947386,0.033356857,Washington DC,24,33,801003
6159,0.32282245,0.028221527,Washington DC,24,33,801004
6160,0.43859029,0.030729527,Washington DC,24,33,801005
6161,0.40533102,0.02312473,Washington DC,24,33,801006
6162,0.32691398,0.028619898,Washington DC,24,33,801104
6163,0.42619216,0.023231359,Washington DC,24,33,801207
6164,0.42431572,0.02943846,Washington DC,24,33,801208
6165,0.39059433,0.018905031,Washington DC,24,33,801209
6166,0.37951407,0.023312978,Washington DC,24,33,801210
6167,0.35946307,0.026055843,Washington DC,24,33,801211
6168,0.36776379,0.021085605,Washington DC,24,33,801212
6169,0.37139896,0.018738152,Washington DC,24,33,801213
6170,0.37131718,0.023365695,Washington DC,24,33,801214
6171,0.40613645,0.037245084,Washington DC,24,33,801215
6172,0.37814781,0.024109302,Washington DC,24,33,801216
6173,0.41048899,0.026498007,Washington DC,24,33,801217
6174,0.35738182,0.045086555,Washington DC,24,33,801302
6175,0.41354051,0.019185487,Washington DC,24,33,801305
6176,0.45120355,0.031640783,Washington DC,24,33,801307
6177,0.40173802,0.021965077,Washington DC,24,33,801308
6178,0.39812791,0.035124473,Washington DC,24,33,801309
6179,0.40959266,0.027597532,Washington DC,24,33,801310
6180,0.36929536,0.024450019,Washington DC,24,33,801311
6181,0.37337926,0.022426331,Washington DC,24,33,801312
6182,0.39521834,0.025340058,Washington DC,24,33,801313
6183,0.39931256,0.016543649,Washington DC,24,33,801404
6184,0.35276058,0.015188961,Washington DC,24,33,801405
6185,0.41192415,0.016226502,Washington DC,24,33,801406
6186,0.42437208,0.016392326,Washington DC,24,33,801407
6187,0.41174591,0.016911479,Washington DC,24,33,801408
6188,0.36560601,0.019256102,Washington DC,24,33,801409
6189,0.40883431,0.028777637,Washington DC,24,33,801410
6190,0.40994278,0.024541108,Washington DC,24,33,801411
6191,0.35286361,0.017986901,Washington DC,24,33,801500
6192,0.33322072,0.011482334,Washington DC,24,33,801600
6193,0.35897315,0.012995595,Washington DC,24,33,801701
6194,0.35592985,0.012330336,Washington DC,24,33,801702
6195,0.3442933,0.010217959,Washington DC,24,33,801704
6196,0.40377188,0.018760966,Washington DC,24,33,801706
6197,0.35201001,0.0088639306,Washington DC,24,33,801707
6198,0.36244527,0.012931333,Washington DC,24,33,801708
6199,0.3229138,0.014956864,Washington DC,24,33,801801
6200,0.34128433,0.011655778,Washington DC,24,33,801802
6201,0.31214738,0.021330299,Washington DC,24,33,801804
6202,0.34984189,0.015593363,Washington DC,24,33,801805
6203,0.35425529,0.011883588,Washington DC,24,33,801807
6204,0.34539193,0.012789133,Washington DC,24,33,801808
6205,0.4242709,0.019334871,Washington DC,24,33,801901
6206,0.38561076,0.017787168,Washington DC,24,33,801904
6207,0.34310067,0.019097842,Washington DC,24,33,801905
6208,0.3665562,0.015817037,Washington DC,24,33,801906
6209,0.34525546,0.016980575,Washington DC,24,33,801907
6210,0.35402369,0.0098751355,Washington DC,24,33,801908
6211,0.36138502,0.0095112789,Washington DC,24,33,802001
6212,0.35152471,0.012733833,Washington DC,24,33,802002
6213,0.35629508,0.016850429,Washington DC,24,33,802103
6214,0.36197579,0.019475155,Washington DC,24,33,802104
6215,0.33915442,0.0095821191,Washington DC,24,33,802106
6216,0.35087979,0.011075347,Washington DC,24,33,802107
6217,0.41462889,0.027155973,Washington DC,24,33,802201
6218,0.38487709,0.012802119,Washington DC,24,33,802203
6219,0.3825236,0.01416508,Washington DC,24,33,802204
6220,0.35708588,0.015484725,Washington DC,24,33,802301
6221,0.38680908,0.011108309,Washington DC,24,33,802404
6222,0.3543711,0.010749876,Washington DC,24,33,802405
6223,0.3440074,0.014119477,Washington DC,24,33,802406
6224,0.34662396,0.013191143,Washington DC,24,33,802407
6225,0.35607418,0.015776757,Washington DC,24,33,802408
6226,0.36061549,0.012369979,Washington DC,24,33,802501
6227,0.35503256,0.014712274,Washington DC,24,33,802502
6228,0.32185191,0.011261968,Washington DC,24,33,802600
6229,0.36349764,0.014768539,Washington DC,24,33,802700
6230,0.35141468,0.011247721,Washington DC,24,33,802803
6231,0.35333952,0.0099704508,Washington DC,24,33,802804
6232,0.33235779,0.01182717,Washington DC,24,33,802805
6233,0.35427704,0.011669246,Washington DC,24,33,802901
6234,0.36962447,0.014677267,Washington DC,24,33,803001
6235,0.37798196,0.015800308,Washington DC,24,33,803002
6236,0.36087796,0.015261669,Washington DC,24,33,803100
6237,0.34875292,0.010789504,Washington DC,24,33,803200
6238,0.35017291,0.010676837,Washington DC,24,33,803300
6239,0.33875144,0.014699297,Washington DC,24,33,803401
6240,0.35425916,0.0098367119,Washington DC,24,33,803402
6241,0.34199414,0.010372994,Washington DC,24,33,803508
6242,0.34037235,0.0096433042,Washington DC,24,33,803509
6243,0.40761951,0.016491188,Washington DC,24,33,803512
6244,0.38980258,0.015877409,Washington DC,24,33,803513
6245,0.41078883,0.022880221,Washington DC,24,33,803514
6246,0.42950678,0.025056986,Washington DC,24,33,803516
6247,0.3919414,0.016373787,Washington DC,24,33,803519
6248,0.4386656,0.027624857,Washington DC,24,33,803520
6249,0.47083774,0.031964794,Washington DC,24,33,803521
6250,0.40148395,0.020118769,Washington DC,24,33,803522
6251,0.48751384,0.028973917,Washington DC,24,33,803523
6252,0.39862803,0.015916316,Washington DC,24,33,803524
6253,0.33240193,0.012275847,Washington DC,24,33,803525
6254,0.44091693,0.02275458,Washington DC,24,33,803526
6255,0.38416722,0.022350295,Washington DC,24,33,803527
6256,0.43520081,0.021991542,Washington DC,24,33,803601
6257,0.3719427,0.018349804,Washington DC,24,33,803602
6258,0.42586389,0.015669068,Washington DC,24,33,803605
6259,0.44193652,0.020781474,Washington DC,24,33,803606
6260,0.39860946,0.024732016,Washington DC,24,33,803607
6261,0.40087804,0.014233435,Washington DC,24,33,803608
6262,0.40936643,0.019991463,Washington DC,24,33,803610
6263,0.36979294,0.013654226,Washington DC,24,33,803612
6264,0.39154857,0.013145925,Washington DC,24,33,803613
6265,0.40578103,0.023544069,Washington DC,24,33,803700
6266,0.33248439,0.021912197,Washington DC,24,33,803801
6267,0.40515572,0.015221897,Washington DC,24,33,803803
6268,0.37147093,0.016521567,Washington DC,24,33,803900
6269,0.36667746,0.010764498,Washington DC,24,33,804001
6270,0.40406483,0.018960409,Washington DC,24,33,804002
6271,0.45483515,0.019355502,Washington DC,24,33,804101
6272,0.39182106,0.011191955,Washington DC,24,33,804102
6273,0.42020538,0.035954639,Washington DC,24,33,804200
6274,0.36052528,0.012911898,Washington DC,24,33,804300
6275,0.38640904,0.021132443,Washington DC,24,33,804400
6276,0.37329373,0.019238729,Washington DC,24,33,804600
6277,0.37754148,0.019103518,Washington DC,24,33,804700
6278,0.38517061,0.017185895,Washington DC,24,33,804801
6279,0.37907851,0.015607212,Washington DC,24,33,804802
6280,0.38870293,0.016963914,Washington DC,24,33,804900
6281,0.41683033,0.015176117,Washington DC,24,33,805000
6282,0.41804755,0.01736423,Washington DC,24,33,805101
6283,0.42376333,0.017554834,Washington DC,24,33,805201
6284,0.48724478,0.015820676,Washington DC,24,33,805202
6285,0.40622309,0.0228738,Washington DC,24,33,805500
6286,0.38236731,0.019225391,Washington DC,24,33,805601
6287,0.41731638,0.017048204,Washington DC,24,33,805602
6288,0.42464843,0.016145118,Washington DC,24,33,805700
6289,0.4739801,0.02121307,Washington DC,24,33,805801
6290,0.44144267,0.022304099,Washington DC,24,33,805802
6291,0.42003226,0.028455678,Washington DC,24,33,805904
6292,0.41941643,0.019535959,Washington DC,24,33,805906
6293,0.44363478,0.018058805,Washington DC,24,33,805907
6294,0.43386519,0.022405997,Washington DC,24,33,805908
6295,0.42255718,0.016318223,Washington DC,24,33,805909
6296,0.3746075,0.017489033,Washington DC,24,33,806000
6297,0.36493361,0.021740928,Washington DC,24,33,806100
6298,0.40290007,0.025567142,Washington DC,24,33,806200
6299,0.39880487,0.027867125,Washington DC,24,33,806300
6300,0.54136258,0.08100976,Washington DC,24,33,806400
6301,0.36022094,0.015772568,Washington DC,24,33,806501
6302,0.39337525,0.0180691,Washington DC,24,33,806601
6303,0.42048499,0.01644565,Washington DC,24,33,806602
6304,0.49417335,0.026833678,Washington DC,24,33,806706
6305,0.40168282,0.029930262,Washington DC,24,33,806708
6306,0.42562401,0.019552287,Washington DC,24,33,806710
6307,0.38445053,0.018914027,Washington DC,24,33,806711
6308,0.41158643,0.021204369,Washington DC,24,33,806712
6309,0.40460709,0.01447029,Washington DC,24,33,806713
6310,0.41300353,0.015114735,Washington DC,24,33,806714
6311,0.48838544,0.048652045,Washington DC,24,33,806800
6312,0.40585166,0.037193719,Washington DC,24,33,806900
6313,0.439033,0.034902129,Washington DC,24,33,807000
6314,0.4358055,0.049292527,Washington DC,24,33,807102
6315,0.36633042,0.067930415,Washington DC,24,33,807200
6316,0.30218339,0.034406643,Washington DC,24,33,807301
6317,0.42792061,0.056622081,Washington DC,24,33,807304
6318,0.47138762,0.025933832,Washington DC,24,33,807305
6319,0.38720328,0.02830408,Washington DC,24,33,807404
6320,0.48131925,0.035381101,Washington DC,24,33,807405
6321,0.41037664,0.022558657,Washington DC,24,33,807407
6322,0.40221116,0.027082911,Washington DC,24,33,807408
6323,0.42817762,0.020110743,Washington DC,24,33,807409
6324,0.44420594,0.020188732,Washington DC,24,33,807410
6325,0.40655094,0.065461323,Washington DC,24,37,875000
6326,0.32865146,0.089386791,Washington DC,24,37,875100
6327,0.29912153,0.053212374,Washington DC,24,37,875201
6328,0.29239479,0.048502021,Washington DC,24,37,875202
6329,0.22778293,0.056634884,Washington DC,24,37,875300
6330,0.32396227,0.053559955,Washington DC,24,37,875400
6331,0.40738192,0.047729362,Washington DC,24,37,875500
6332,0.30581912,0.035443164,Washington DC,24,37,875600
6333,0.49861681,0.10240413,Washington DC,24,37,875700
6334,0.31975946,0.03091556,Washington DC,24,37,875801
6335,0.27010134,0.078974195,Washington DC,24,37,875802
6336,0.3505477,0.02309872,Washington DC,24,37,875901
6337,0.34718013,0.023525579,Washington DC,24,37,875902
6338,0.32896629,0.0197668,Washington DC,24,37,876001
6339,0.32890657,0.019745138,Washington DC,24,37,876002
6340,0.35994384,0.051042244,Washington DC,24,37,876100
6341,0.39543918,0.068443768,Washington DC,24,37,876200
6342,0.28259921,0.055323895,Boston,25,1,12502
6343,0.33695847,0.039161976,Boston,25,1,12602
6344,0.23771247,0.053168446,Boston,25,1,14402
6345,0.29719594,0.055804651,Boston,25,1,14500
6346,0.30809698,0.051734209,Boston,25,1,15300
6347,0.43814671,0.075540587,Boston,25,9,204200
6348,0.53870445,0.082579009,Boston,25,9,205100
6349,0.51615942,0.071226262,Boston,25,9,205200
6350,0.38456029,0.052914143,Boston,25,9,205500
6351,0.26370034,0.031418044,Boston,25,9,205600
6352,0.27321506,0.061846368,Boston,25,9,205700
6353,0.37388197,0.055170946,Boston,25,9,205800
6354,0.34650409,0.047341801,Boston,25,9,205900
6355,0.37742478,0.039640177,Boston,25,9,206000
6356,0.38015899,0.032207213,Boston,25,9,206100
6357,0.37944052,0.031524409,Boston,25,9,206200
6358,0.32305837,0.034272611,Boston,25,9,206300
6359,0.3693032,0.047269408,Boston,25,9,206400
6360,0.34979716,0.047421921,Boston,25,9,206500
6361,0.32399362,0.038243026,Boston,25,9,206600
6362,0.29878619,0.031449009,Boston,25,9,206700
6363,0.39431247,0.036095951,Boston,25,9,206800
6364,0.37568256,0.033398431,Boston,25,9,206900
6365,0.33650076,0.037263386,Boston,25,9,207000
6366,0.39028165,0.044590708,Boston,25,9,207100
6367,0.32646978,0.042072814,Boston,25,9,207200
6368,0.4536005,0.069933467,Boston,25,9,250600
6369,0.4454903,0.071335092,Boston,25,9,250800
6370,0.50035077,0.078014463,Boston,25,9,251500
6371,0.37149504,0.068213299,Boston,25,9,251800
6372,0.31091401,0.061874289,Boston,25,9,252501
6373,0.26302287,0.057128482,Boston,25,9,260100
6374,0.25882259,0.051462471,Boston,25,9,260800
6375,0.3773309,0.054102745,Boston,25,17,310100
6376,0.55596662,0.058773533,Boston,25,17,310200
6377,0.52167505,0.059068758,Boston,25,17,310300
6378,0.575818,0.067564122,Boston,25,17,310601
6379,0.49839458,0.069661081,Boston,25,17,310602
6380,0.38749877,0.068384185,Boston,25,17,310700
6381,0.40614039,0.067767993,Boston,25,17,311300
6382,0.47062775,0.057354774,Boston,25,17,311400
6383,0.51756477,0.085721083,Boston,25,17,311600
6384,0.49309203,0.069975883,Boston,25,17,311700
6385,0.45596832,0.071404085,Boston,25,17,312200
6386,0.27483562,0.084365949,Boston,25,17,321500
6387,0.49181288,0.086774811,Boston,25,17,321600
6388,0.3417213,0.046913162,Boston,25,17,325100
6389,0.52680683,0.0930259,Boston,25,17,332300
6390,0.45601374,0.036704142,Boston,25,17,339300
6391,0.4815833,0.081444927,Boston,25,17,339400
6392,0.43837625,0.061744507,Boston,25,17,339500
6393,0.48220742,0.052229099,Boston,25,17,339600
6394,0.4948191,0.046440639,Boston,25,17,339700
6395,0.43841207,0.052116543,Boston,25,17,339802
6396,0.52623153,0.059978832,Boston,25,17,339900
6397,0.46748278,0.065331176,Boston,25,17,340000
6398,0.57597327,0.081520274,Boston,25,17,340100
6399,0.44925824,0.1499688,Boston,25,17,341101
6400,0.41161126,0.043082628,Boston,25,17,341102
6401,0.51767462,0.054969098,Boston,25,17,341200
6402,0.56947303,0.051987696,Boston,25,17,341300
6403,0.45146608,0.039299052,Boston,25,17,341400
6404,0.43646574,0.03753525,Boston,25,17,341500
6405,0.41601551,0.04453247,Boston,25,17,341600
6406,0.42109555,0.048756417,Boston,25,17,341700
6407,0.46946445,0.031611618,Boston,25,17,341800
6408,0.3878991,0.04339271,Boston,25,17,341902
6409,0.43585673,0.058563102,Boston,25,17,342101
6410,0.44603616,0.049471285,Boston,25,17,342201
6411,0.38659072,0.055748641,Boston,25,17,342202
6412,0.40435356,0.060109224,Boston,25,17,342300
6413,0.47600326,0.051703047,Boston,25,17,342400
6414,0.38926643,0.0415118,Boston,25,17,342500
6415,0.35540411,0.060282659,Boston,25,17,342600
6416,0.40556639,0.023395892,Boston,25,17,350104
6417,0.41605186,0.029839115,Boston,25,17,350200
6418,0.47130987,0.045763969,Boston,25,17,350300
6419,0.39747301,0.061570141,Boston,25,17,350400
6420,0.43858624,0.044259205,Boston,25,17,350700
6421,0.38792622,0.079261221,Boston,25,17,350800
6422,0.4308804,0.055527978,Boston,25,17,351000
6423,0.40119976,0.051449183,Boston,25,17,351100
6424,0.45269886,0.060953978,Boston,25,17,351203
6425,0.47651613,0.046945091,Boston,25,17,351204
6426,0.25897515,0.034168486,Boston,25,17,351300
6427,0.50294089,0.043164138,Boston,25,17,351403
6428,0.46381444,0.058582943,Boston,25,17,351404
6429,0.48130479,0.060559772,Boston,25,17,351500
6430,0.38885877,0.025529586,Boston,25,17,352400
6431,0.39742464,0.026511282,Boston,25,17,352500
6432,0.36832339,0.055357024,Boston,25,17,352600
6433,0.46920678,0.039655473,Boston,25,17,352700
6434,0.40718898,0.04566928,Boston,25,17,352800
6435,0.34695655,0.03698789,Boston,25,17,353000
6436,0.46062291,0.045617934,Boston,25,17,353101
6437,0.3986434,0.043349829,Boston,25,17,353200
6438,0.42488694,0.050159566,Boston,25,17,353300
6439,0.36074057,0.031929582,Boston,25,17,353400
6440,0.4433521,0.036171082,Boston,25,17,353500
6441,0.51973879,0.080184534,Boston,25,17,353800
6442,0.47058848,0.079663746,Boston,25,17,353900
6443,0.37458357,0.038176499,Boston,25,17,354300
6444,0.42935762,0.03276309,Boston,25,17,354600
6445,0.48950031,0.071517862,Boston,25,17,354700
6446,0.39852396,0.018015308,Boston,25,17,354900
6447,0.30111739,0.082163893,Boston,25,17,355000
6448,0.50458264,0.07966771,Boston,25,17,356300
6449,0.28635344,0.029932827,Boston,25,17,360100
6450,0.44249791,0.08242248,Boston,25,17,368200
6451,0.43735254,0.06740617,Boston,25,17,368300
6452,0.31303549,0.076877721,Boston,25,17,368500
6453,0.43727589,0.066658713,Boston,25,17,368600
6454,0.46721524,0.083232209,Boston,25,17,368700
6455,0.46250588,0.054369923,Boston,25,17,368800
6456,0.4187994,0.066514596,Boston,25,17,368901
6457,0.45017636,0.076999269,Boston,25,17,368902
6458,0.42005429,0.095562473,Boston,25,17,370102
6459,0.34823048,0.046374246,Boston,25,17,383102
6460,0.44960374,0.060666606,Boston,25,17,383200
6461,0.31425557,0.052238598,Boston,25,17,383400
6462,0.39166757,0.068668932,Boston,25,17,383501
6463,0.34250584,0.05533953,Boston,25,17,383600
6464,0.40431258,0.068301767,Boston,25,17,383700
6465,0.24965326,0.072021618,Boston,25,17,383901
6466,0.53730172,0.097260423,Boston,25,17,388200
6467,0.40844521,0.071295582,Boston,25,17,388300
6468,0.32071781,0.050744664,Boston,25,21,400900
6469,0.42534855,0.088535614,Boston,25,21,401000
6470,0.36749959,0.078189693,Boston,25,21,402102
6471,0.40019494,0.075084627,Boston,25,21,413300
6472,0.39920455,0.053880133,Boston,25,21,413402
6473,0.38507158,0.1095557,Boston,25,21,414100
6474,0.54742801,0.13308126,Boston,25,21,414200
6475,0.43492433,0.062254917,Boston,25,21,415102
6476,0.30474761,0.053860638,Boston,25,21,415200
6477,0.41017193,0.025624964,Boston,25,21,416200
6478,0.54621243,0.049527034,Boston,25,21,416300
6479,0.46362522,0.065933272,Boston,25,21,417901
6480,0.62237406,0.087714657,Boston,25,21,418002
6481,0.37377259,0.069806583,Boston,25,21,418004
6482,0.33212566,0.060695332,Boston,25,21,418200
6483,0.41555598,0.027709717,Boston,25,21,420100
6484,0.46737185,0.047644258,Boston,25,21,420201
6485,0.44425139,0.035818715,Boston,25,21,420202
6486,0.41532901,0.023569711,Boston,25,21,420301
6487,0.42912713,0.023618592,Boston,25,21,420302
6488,0.56059313,0.057537995,Boston,25,21,421100
6489,0.46193287,0.087278359,Boston,25,21,421200
6490,0.34944338,0.061398633,Boston,25,21,422200
6491,0.33295184,0.060627308,Boston,25,21,422302
6492,0.44012299,0.075048678,Boston,25,21,456101
6493,0.43268442,0.060836144,Boston,25,21,456102
6494,0.42863786,0.068510197,Boston,25,21,456200
6495,0.36070821,0.069004253,Boston,25,21,456301
6496,0.4033716,0.057841145,Boston,25,21,456302
6497,0.41336662,0.11604548,Boston,25,21,456401
6498,0.32663012,0.076659091,Boston,25,21,456402
6499,0.41675237,0.066837713,Boston,25,21,457100
6500,0.38471127,0.044914424,Boston,25,23,510100
6501,0.39464092,0.031547323,Boston,25,23,510200
6502,0.39445394,0.026701052,Boston,25,23,510300
6503,0.32386225,0.024534933,Boston,25,23,510400
6504,0.39548516,0.049933273,Boston,25,23,510501
6505,0.35616687,0.02731818,Boston,25,23,510502
6506,0.46071208,0.037806053,Boston,25,23,510503
6507,0.36344281,0.059286777,Boston,25,23,510600
6508,0.42996016,0.030283224,Boston,25,23,510700
6509,0.36207291,0.019381657,Boston,25,23,510800
6510,0.31657857,0.03003036,Boston,25,23,510900
6511,0.41744623,0.032744035,Boston,25,23,511000
6512,0.4581233,0.037994817,Boston,25,23,511100
6513,0.39564314,0.030649634,Boston,25,23,511200
6514,0.40014032,0.032678287,Boston,25,23,511301
6515,0.40597013,0.038774695,Boston,25,23,511302
6516,0.40543211,0.029269032,Boston,25,23,511400
6517,0.39327216,0.028030509,Boston,25,23,511500
6518,0.36902192,0.022283399,Boston,25,23,511600
6519,0.45195431,0.043125432,Boston,25,23,511701
6520,0.28081715,0.067285575,Boston,25,23,511702
6521,0.47648817,0.08329837,Boston,25,23,525203
6522,0.33263093,0.063503601,Boston,25,23,530200
6523,0.44811943,0.074452691,Boston,25,23,530500
6524,0.38805985,0.077762589,Boston,25,23,545100
6525,0.35988185,0.069597304,Boston,25,23,545200
6526,0.27792901,0.051761482,Boston,25,25,100
6527,0.51506555,0.075262561,Boston,25,25,201
6528,0.34855881,0.045401487,Boston,25,25,202
6529,0.43174523,0.03663893,Boston,25,25,602
6530,0.33717644,0.047163844,Boston,25,25,701
6531,0.43784365,0.04738516,Boston,25,25,704
6532,0.37409624,0.035123546,Boston,25,25,802
6533,0.2728129,0.073646784,Boston,25,25,10404
6534,0.19850235,0.05434509,Boston,25,25,10405
6535,0.36852279,0.062705092,Boston,25,25,40801
6536,0.41287097,0.045323532,Boston,25,25,50101
6537,0.38486239,0.052913867,Boston,25,25,50300
6538,0.36076602,0.054634303,Boston,25,25,51101
6539,0.34796539,0.053523283,Boston,25,25,60700
6540,0.47321954,0.057732381,Boston,25,25,61000
6541,0.25515395,0.046188544,Boston,25,25,61101
6542,0.39078951,0.07618469,Boston,25,25,70300
6543,0.41727874,0.048052091,Boston,25,25,70402
6544,0.34202358,0.037547965,Boston,25,25,70500
6545,0.36852482,0.026882881,Boston,25,25,70700
6546,0.35086185,0.034155738,Boston,25,25,70800
6547,0.35069281,0.026350642,Boston,25,25,70900
6548,0.29872063,0.028226554,Boston,25,25,71101
6549,0.45044163,0.065008372,Boston,25,25,71201
6550,0.4006258,0.026500596,Boston,25,25,80100
6551,0.31938747,0.019672135,Boston,25,25,80300
6552,0.36093429,0.01998972,Boston,25,25,80401
6553,0.31615207,0.018990992,Boston,25,25,80500
6554,0.35536867,0.024562046,Boston,25,25,80601
6555,0.32289582,0.024482623,Boston,25,25,80801
6556,0.42497188,0.044430248,Boston,25,25,80900
6557,0.37208024,0.022001732,Boston,25,25,81001
6558,0.36172336,0.028494639,Boston,25,25,81100
6559,0.30170333,0.019112969,Boston,25,25,81200
6560,0.35373238,0.014603922,Boston,25,25,81300
6561,0.32496199,0.01980157,Boston,25,25,81400
6562,0.3936893,0.021081399,Boston,25,25,81500
6563,0.33519113,0.01354326,Boston,25,25,81700
6564,0.37619421,0.018452104,Boston,25,25,81800
6565,0.34656993,0.01602993,Boston,25,25,81900
6566,0.34184602,0.018948877,Boston,25,25,82000
6567,0.38327664,0.01438012,Boston,25,25,82100
6568,0.39211199,0.014073305,Boston,25,25,90100
6569,0.34190607,0.021319021,Boston,25,25,90200
6570,0.36796021,0.01674485,Boston,25,25,90300
6571,0.35661626,0.018185139,Boston,25,25,90400
6572,0.37364444,0.030098135,Boston,25,25,90600
6573,0.34718734,0.045452692,Boston,25,25,90700
6574,0.263172,0.02025843,Boston,25,25,90901
6575,0.42385229,0.060374189,Boston,25,25,91001
6576,0.44425562,0.038035274,Boston,25,25,91100
6577,0.47141063,0.032129299,Boston,25,25,91200
6578,0.35275367,0.029055575,Boston,25,25,91300
6579,0.42093122,0.028857606,Boston,25,25,91400
6580,0.36198914,0.016708473,Boston,25,25,91500
6581,0.3454513,0.019588565,Boston,25,25,91600
6582,0.367019,0.017866097,Boston,25,25,91700
6583,0.3690747,0.017927079,Boston,25,25,91800
6584,0.35145867,0.014651303,Boston,25,25,91900
6585,0.35858434,0.013644275,Boston,25,25,92000
6586,0.33839083,0.023309011,Boston,25,25,92101
6587,0.36236614,0.020708229,Boston,25,25,92200
6588,0.3624914,0.016797394,Boston,25,25,92300
6589,0.3723872,0.012119406,Boston,25,25,92400
6590,0.36160022,0.013777399,Boston,25,25,100100
6591,0.372365,0.016464967,Boston,25,25,100200
6592,0.37193015,0.014854544,Boston,25,25,100300
6593,0.37749624,0.014804101,Boston,25,25,100400
6594,0.35332224,0.012685382,Boston,25,25,100500
6595,0.37395751,0.023541098,Boston,25,25,100601
6596,0.40477389,0.031913247,Boston,25,25,100800
6597,0.40637144,0.019017214,Boston,25,25,100900
6598,0.37324938,0.010960205,Boston,25,25,101001
6599,0.42671454,0.015578888,Boston,25,25,101002
6600,0.41948333,0.016673399,Boston,25,25,101101
6601,0.40606865,0.012696519,Boston,25,25,101102
6602,0.37393099,0.021342188,Boston,25,25,110103
6603,0.39926678,0.031918555,Boston,25,25,110201
6604,0.3901467,0.045904834,Boston,25,25,110301
6605,0.47474912,0.042122081,Boston,25,25,110401
6606,0.48837367,0.041076347,Boston,25,25,110403
6607,0.35708073,0.048589412,Boston,25,25,110501
6608,0.39172992,0.042335078,Boston,25,25,110502
6609,0.53336519,0.083381757,Boston,25,25,110607
6610,0.34036389,0.056717314,Boston,25,25,120104
6611,0.33217433,0.027947875,Boston,25,25,120201
6612,0.37746012,0.029443925,Boston,25,25,120301
6613,0.3936834,0.05734374,Boston,25,25,120400
6614,0.39031526,0.054085027,Boston,25,25,120500
6615,0.30112445,0.047710244,Boston,25,25,120700
6616,0.38168871,0.023644142,Boston,25,25,130406
6617,0.41470683,0.030913325,Boston,25,25,140102
6618,0.40391171,0.032152392,Boston,25,25,140105
6619,0.43975353,0.031706493,Boston,25,25,140106
6620,0.40197644,0.039426379,Boston,25,25,140107
6621,0.44064519,0.061167661,Boston,25,25,140201
6622,0.41959113,0.030999249,Boston,25,25,140202
6623,0.42002475,0.017595815,Boston,25,25,140300
6624,0.41447705,0.013777431,Boston,25,25,140400
6625,0.36529997,0.039417882,Boston,25,25,160101
6626,0.40484694,0.056367598,Boston,25,25,160200
6627,0.51028997,0.047134835,Boston,25,25,160501
6628,0.4292531,0.063945286,Boston,25,25,160502
6629,0.49524841,0.066612251,Boston,25,25,160601
6630,0.49439323,0.060364146,Boston,25,25,160602
6631,0.59474033,0.068246067,Boston,25,25,170100
6632,0.29217008,0.051546983,Boston,25,25,170400
6633,0.37771428,0.042313002,Boston,25,25,170702
6634,0.35742792,0.087694287,Boston,25,27,707500
6635,0.35532123,0.074335985,Boston,25,27,709201
6636,0.38235763,0.05841149,Boston,25,27,709202
6637,0.33197951,0.061425876,Boston,25,27,709502
6638,0.37362492,0.056730535,Boston,25,27,709600
6639,0.44310009,0.050927877,Boston,25,27,709701
6640,0.30814275,0.054629292,Boston,25,27,710200
6641,0.21754874,0.04746845,Boston,25,27,710500
6642,0.37331483,0.049307935,Boston,25,27,710600
6643,0.35734674,0.063174918,Boston,25,27,710800
6644,0.38749921,0.055781115,Boston,25,27,711000
6645,0.5198071,0.087386593,Boston,25,27,716100
6646,0.64714372,0.072500274,Boston,25,27,730100
6647,0.38218224,0.046519157,Boston,25,27,730200
6648,0.30673227,0.075298168,Boston,25,27,730300
6649,0.42341733,0.036185641,Boston,25,27,730401
6650,0.39263886,0.043438099,Boston,25,27,730500
6651,0.31461275,0.055803794,Boston,25,27,730600
6652,0.31607765,0.075563878,Boston,25,27,730700
6653,0.41524968,0.037444171,Boston,25,27,731002
6654,0.38586482,0.059085034,Boston,25,27,731101
6655,0.37542036,0.067913435,Boston,25,27,731102
6656,0.40033334,0.038761731,Boston,25,27,731203
6657,0.38340846,0.070619397,Boston,25,27,731204
6658,0.42238507,0.048574906,Boston,25,27,731300
6659,0.35625699,0.031669322,Boston,25,27,731400
6660,0.34835577,0.027675614,Boston,25,27,731500
6661,0.37203446,0.03661041,Boston,25,27,731600
6662,0.45486972,0.041285772,Boston,25,27,731700
6663,0.35632411,0.031467702,Boston,25,27,731800
6664,0.35980067,0.026802348,Boston,25,27,731900
6665,0.33273405,0.039833196,Boston,25,27,732001
6666,0.41267315,0.063547038,Boston,25,27,732002
6667,0.28345826,0.059113439,Boston,25,27,732203
6668,0.44592449,0.05999532,Boston,25,27,732302
6669,0.45816296,0.040551506,Boston,25,27,732400
6670,0.38942552,0.052183092,Boston,25,27,732600
6671,0.39799187,0.043979902,Boston,25,27,732700
6672,0.48645425,0.072862647,Boston,25,27,732802
6673,0.41792563,0.044095468,Boston,25,27,732901
6674,0.3155039,0.049708914,Boston,25,27,733000
6675,0.2509883,0.050329544,Boston,25,27,739200
6676,0.46089149,0.047988903,Boston,25,27,761400
6677,0.29873779,0.014641154,Detroit,26,49,100
6678,0.25848833,0.0098699341,Detroit,26,49,200
6679,0.27500868,0.0128168,Detroit,26,49,300
6680,0.25561285,0.009953321,Detroit,26,49,400
6681,0.2781603,0.012879206,Detroit,26,49,500
6682,0.29561836,0.010047455,Detroit,26,49,600
6683,0.28605649,0.010176642,Detroit,26,49,700
6684,0.29736805,0.013605338,Detroit,26,49,800
6685,0.29795706,0.0086219609,Detroit,26,49,900
6686,0.28793082,0.010378105,Detroit,26,49,1000
6687,0.30413514,0.011751696,Detroit,26,49,1100
6688,0.33156165,0.013053845,Detroit,26,49,1200
6689,0.31870195,0.014390898,Detroit,26,49,1300
6690,0.28555518,0.016438136,Detroit,26,49,1400
6691,0.2732465,0.013857851,Detroit,26,49,1500
6692,0.32891724,0.025167938,Detroit,26,49,1600
6693,0.29916379,0.013890591,Detroit,26,49,1700
6694,0.27583253,0.01570111,Detroit,26,49,1800
6695,0.35731226,0.041171953,Detroit,26,49,1900
6696,0.29212365,0.015161693,Detroit,26,49,2000
6697,0.21543495,0.031126404,Detroit,26,49,2200
6698,0.23129585,0.047666751,Detroit,26,49,2300
6699,0.25281778,0.035765268,Detroit,26,49,2400
6700,0.33036587,0.064074941,Detroit,26,49,2600
6701,0.23652314,0.046049871,Detroit,26,49,2700
6702,0.31965038,0.024307042,Detroit,26,49,2800
6703,0.3229011,0.029445734,Detroit,26,49,2900
6704,0.30163372,0.042159699,Detroit,26,49,3000
6705,0.3174504,0.018393876,Detroit,26,49,3100
6706,0.31238529,0.015548305,Detroit,26,49,3200
6707,0.34875649,0.036058586,Detroit,26,49,3300
6708,0.35351273,0.016718905,Detroit,26,49,3400
6709,0.31844759,0.048010144,Detroit,26,49,3500
6710,0.28129423,0.05289764,Detroit,26,49,3600
6711,0.22192247,0.034057815,Detroit,26,49,3700
6712,0.29028162,0.029416086,Detroit,26,49,3800
6713,0.269559,0.045450807,Detroit,26,49,4000
6714,0.31100157,0.012618533,Detroit,26,49,10304
6715,0.29661289,0.011137132,Detroit,26,49,10305
6716,0.31446233,0.023472961,Detroit,26,49,10501
6717,0.25749144,0.029787123,Detroit,26,49,10502
6718,0.30155045,0.033845212,Detroit,26,49,10504
6719,0.48367128,0.15870962,Detroit,26,49,10610
6720,0.30616489,0.052075304,Detroit,26,49,10810
6721,0.31468856,0.038983028,Detroit,26,49,10811
6722,0.32800612,0.017597381,Detroit,26,49,10812
6723,0.42231172,0.05962183,Detroit,26,49,10813
6724,0.38512838,0.066175945,Detroit,26,49,10910
6725,0.34370533,0.025504066,Detroit,26,49,10911
6726,0.38716152,0.10938516,Detroit,26,49,10912
6727,0.3306056,0.075951144,Detroit,26,49,11010
6728,0.3560521,0.12667036,Detroit,26,49,11101
6729,0.44071144,0.07785897,Detroit,26,49,11102
6730,0.25752956,0.056468271,Detroit,26,49,11209
6731,0.32034826,0.10252194,Detroit,26,49,11210
6732,0.43601972,0.042053834,Detroit,26,49,11211
6733,0.32015347,0.043197021,Detroit,26,49,11212
6734,0.42157033,0.057665717,Detroit,26,49,11213
6735,0.34253165,0.12474739,Detroit,26,49,11214
6736,0.28056878,0.038074132,Detroit,26,49,11301
6737,0.21415845,0.092116497,Detroit,26,49,11505
6738,0.25444221,0.068280533,Detroit,26,49,11508
6739,0.3704848,0.073894992,Detroit,26,49,11610
6740,0.35028493,0.08443021,Detroit,26,49,11713
6741,0.59202838,0.14618148,Detroit,26,49,11901
6742,0.29650062,0.052951369,Detroit,26,49,12003
6743,0.31326386,0.066627048,Detroit,26,49,12100
6744,0.34241956,0.052370235,Detroit,26,49,12201
6745,0.22450219,0.017845083,Detroit,26,49,12202
6746,0.32328287,0.052936681,Detroit,26,49,12310
6747,0.34992629,0.076366052,Detroit,26,49,12503
6748,0.30182219,0.12504242,Detroit,26,49,12904
6749,0.28713879,0.096941933,Detroit,26,49,12905
6750,0.30909631,0.034243692,Detroit,26,49,13500
6751,0.3248705,0.031723429,Detroit,26,49,13600
6752,0.41266304,0.076596178,Detroit,26,99,206700
6753,0.32115629,0.030674526,Detroit,26,99,218000
6754,0.27158809,0.075252645,Detroit,26,99,221100
6755,0.39080191,0.04069994,Detroit,26,99,221200
6756,0.38129976,0.043913316,Detroit,26,99,222101
6757,0.34506923,0.053346504,Detroit,26,99,222102
6758,0.30792192,0.096716523,Detroit,26,99,223400
6759,0.35501629,0.078474663,Detroit,26,99,224200
6760,0.40535405,0.080388196,Detroit,26,99,224600
6761,0.35509843,0.052485321,Detroit,26,99,225701
6762,0.35975331,0.10262546,Detroit,26,99,230000
6763,0.26359153,0.050358478,Detroit,26,99,230900
6764,0.33310485,0.080108777,Detroit,26,99,231100
6765,0.2532208,0.10940231,Detroit,26,99,231200
6766,0.30027404,0.057567835,Detroit,26,99,231600
6767,0.45235372,0.058751903,Detroit,26,99,231700
6768,0.3635602,0.044063348,Detroit,26,99,232100
6769,0.37637308,0.076312721,Detroit,26,99,232200
6770,0.26840031,0.055016547,Detroit,26,99,232300
6771,0.30876014,0.02457381,Detroit,26,99,240000
6772,0.39777032,0.087721914,Detroit,26,99,240600
6773,0.33333698,0.056188848,Detroit,26,99,240800
6774,0.33646205,0.034546778,Detroit,26,99,241000
6775,0.47513723,0.068750709,Detroit,26,99,241200
6776,0.32778421,0.035313468,Detroit,26,99,241300
6777,0.43486449,0.06315086,Detroit,26,99,241600
6778,0.34599477,0.046067353,Detroit,26,99,241700
6779,0.334088,0.023296854,Detroit,26,99,241800
6780,0.32364619,0.055710699,Detroit,26,99,241900
6781,0.35125136,0.056133296,Detroit,26,99,242100
6782,0.22946171,0.062676519,Detroit,26,99,243500
6783,0.27112147,0.015403185,Detroit,26,99,245000
6784,0.29957667,0.041823693,Detroit,26,99,245100
6785,0.3441616,0.058311623,Detroit,26,99,245200
6786,0.38998291,0.064396918,Detroit,26,99,245300
6787,0.31933263,0.025205437,Detroit,26,99,245400
6788,0.35175037,0.060351167,Detroit,26,99,247200
6789,0.30915114,0.050725322,Detroit,26,99,247602
6790,0.26622742,0.04972975,Detroit,26,99,251800
6791,0.3079122,0.035345633,Detroit,26,99,255000
6792,0.31228971,0.082077086,Detroit,26,99,255100
6793,0.30619568,0.033441067,Detroit,26,99,255200
6794,0.31691754,0.066292353,Detroit,26,99,255300
6795,0.34375286,0.040182471,Detroit,26,99,256600
6796,0.41596389,0.083020568,Detroit,26,99,258000
6797,0.36794195,0.081502713,Detroit,26,99,258100
6798,0.29913083,0.04271308,Detroit,26,99,258400
6799,0.31321365,0.050248936,Detroit,26,99,258500
6800,0.3082667,0.04891083,Detroit,26,99,258600
6801,0.31359863,0.026638288,Detroit,26,99,258800
6802,0.34731442,0.057728235,Detroit,26,99,260100
6803,0.38966078,0.075510569,Detroit,26,99,260900
6804,0.35391465,0.058533721,Detroit,26,99,261100
6805,0.34857291,0.04785037,Detroit,26,99,261700
6806,0.37166184,0.058200803,Detroit,26,99,262100
6807,0.38064674,0.036942478,Detroit,26,99,262300
6808,0.39304253,0.073555261,Detroit,26,99,262500
6809,0.34075892,0.042291693,Detroit,26,99,262700
6810,0.3428297,0.0620993,Detroit,26,99,262800
6811,0.22836669,0.050473712,Detroit,26,99,263200
6812,0.38823783,0.086370222,Detroit,26,99,263500
6813,0.27317154,0.017708881,Detroit,26,99,263600
6814,0.33118162,0.059765235,Detroit,26,99,263700
6815,0.32834399,0.041382037,Detroit,26,99,264000
6816,0.32225612,0.049177423,Detroit,26,99,264200
6817,0.35162863,0.062173352,Detroit,26,99,268100
6818,0.30758744,0.047788005,Detroit,26,99,268300
6819,0.34239739,0.042998299,Detroit,26,99,982100
6820,0.28232288,0.072861783,Detroit,26,125,124000
6821,0.56217223,0.13041295,Detroit,26,125,128900
6822,0.4165234,0.054877561,Detroit,26,125,133100
6823,0.38945484,0.064442426,Detroit,26,125,136102
6824,0.28994349,0.10897392,Detroit,26,125,136300
6825,0.25465068,0.058037728,Detroit,26,125,136500
6826,0.54613209,0.16475518,Detroit,26,125,136700
6827,0.30857,0.081489928,Detroit,26,125,136800
6828,0.33851391,0.097676821,Detroit,26,125,140100
6829,0.35949489,0.037354212,Detroit,26,125,140301
6830,0.37233567,0.077328868,Detroit,26,125,140302
6831,0.23169497,0.10339232,Detroit,26,125,140500
6832,0.32362828,0.049582183,Detroit,26,125,140600
6833,0.36619636,0.055511519,Detroit,26,125,140800
6834,0.28622866,0.028847599,Detroit,26,125,140900
6835,0.29231614,0.017622603,Detroit,26,125,141000
6836,0.33177301,0.028959839,Detroit,26,125,141100
6837,0.27694222,0.020447349,Detroit,26,125,141200
6838,0.29753989,0.028128631,Detroit,26,125,141300
6839,0.30610034,0.019760117,Detroit,26,125,141400
6840,0.30253726,0.012188157,Detroit,26,125,141500
6841,0.26741877,0.012152532,Detroit,26,125,141600
6842,0.27043957,0.01729049,Detroit,26,125,141700
6843,0.29894668,0.01984977,Detroit,26,125,142000
6844,0.25338396,0.017475944,Detroit,26,125,142100
6845,0.28834462,0.012890588,Detroit,26,125,142200
6846,0.28849974,0.017151285,Detroit,26,125,142300
6847,0.26171982,0.010264874,Detroit,26,125,142400
6848,0.2950646,0.019178204,Detroit,26,125,142500
6849,0.36107108,0.030769875,Detroit,26,125,142600
6850,0.31660002,0.012297835,Detroit,26,125,142700
6851,0.28042644,0.087871984,Detroit,26,125,143500
6852,0.33178449,0.054649174,Detroit,26,125,144701
6853,0.26105502,0.059737366,Detroit,26,125,145400
6854,0.34658587,0.13000482,Detroit,26,125,145502
6855,0.28610954,0.058518592,Detroit,26,125,145900
6856,0.43856901,0.10258558,Detroit,26,125,150000
6857,0.37782353,0.042659152,Detroit,26,125,150100
6858,0.52687007,0.10614443,Detroit,26,125,150300
6859,0.4340376,0.1457741,Detroit,26,125,150700
6860,0.58969754,0.11016734,Detroit,26,125,150800
6861,0.574898,0.086268172,Detroit,26,125,154600
6862,0.45907804,0.16252781,Detroit,26,125,156100
6863,0.40195629,0.1197978,Detroit,26,125,156300
6864,0.54999113,0.15660277,Detroit,26,125,156400
6865,0.28883329,0.071925476,Detroit,26,125,156500
6866,0.23634483,0.091202363,Detroit,26,125,156900
6867,0.4947221,0.12310682,Detroit,26,125,157100
6868,0.41370791,0.088626906,Detroit,26,125,157200
6869,0.43742764,0.10029055,Detroit,26,125,157300
6870,0.41569549,0.058949284,Detroit,26,125,157500
6871,0.40845764,0.065837383,Detroit,26,125,157600
6872,0.25680676,0.12094273,Detroit,26,125,157700
6873,0.3785615,0.075800329,Detroit,26,125,157800
6874,0.50430596,0.15042336,Detroit,26,125,157900
6875,0.38015011,0.11817563,Detroit,26,125,158000
6876,0.60340369,0.10444329,Detroit,26,125,158100
6877,0.36032936,0.032258417,Detroit,26,125,160000
6878,0.33396801,0.019424403,Detroit,26,125,160300
6879,0.30003312,0.023753259,Detroit,26,125,160400
6880,0.46733844,0.036691871,Detroit,26,125,160500
6881,0.40800491,0.034740075,Detroit,26,125,160600
6882,0.35800412,0.056195535,Detroit,26,125,160700
6883,0.40968445,0.029037645,Detroit,26,125,160800
6884,0.37963039,0.019909853,Detroit,26,125,160900
6885,0.3632524,0.035353154,Detroit,26,125,161000
6886,0.37487423,0.028913349,Detroit,26,125,161100
6887,0.37133723,0.026594628,Detroit,26,125,161200
6888,0.33225486,0.030209076,Detroit,26,125,161300
6889,0.36057249,0.034472238,Detroit,26,125,161400
6890,0.35702592,0.029052457,Detroit,26,125,161500
6891,0.40972295,0.026634799,Detroit,26,125,161600
6892,0.36380154,0.031697024,Detroit,26,125,161700
6893,0.34283295,0.020619534,Detroit,26,125,161800
6894,0.39177504,0.031356324,Detroit,26,125,161900
6895,0.34902689,0.021525478,Detroit,26,125,162000
6896,0.36141899,0.015597031,Detroit,26,125,162100
6897,0.33510754,0.025214793,Detroit,26,125,162200
6898,0.35416391,0.020108975,Detroit,26,125,162300
6899,0.26414087,0.025086787,Detroit,26,125,162400
6900,0.33014211,0.021396905,Detroit,26,125,162500
6901,0.28084287,0.067117445,Detroit,26,125,165200
6902,0.43879774,0.12016968,Detroit,26,125,166000
6903,0.32130492,0.064196639,Detroit,26,125,166100
6904,0.43540058,0.05085263,Detroit,26,125,166600
6905,0.39872846,0.094955705,Detroit,26,125,166700
6906,0.43335068,0.058888864,Detroit,26,125,166800
6907,0.65508175,0.1092765,Detroit,26,125,166900
6908,0.19781391,0.12434406,Detroit,26,125,167000
6909,0.37145835,0.052459083,Detroit,26,125,167300
6910,0.34608755,0.042030144,Detroit,26,125,167400
6911,0.38941202,0.076740958,Detroit,26,125,167500
6912,0.26555169,0.049991839,Detroit,26,125,167800
6913,0.26208746,0.057338029,Detroit,26,125,168400
6914,0.49562502,0.067750439,Detroit,26,125,168500
6915,0.36449644,0.046852846,Detroit,26,125,168600
6916,0.41163889,0.13489951,Detroit,26,125,168700
6917,0.31921706,0.028331773,Detroit,26,125,168900
6918,0.29748964,0.038208049,Detroit,26,125,171000
6919,0.41962522,0.022964416,Detroit,26,125,171100
6920,0.34772557,0.038999382,Detroit,26,125,171200
6921,0.32572135,0.019248901,Detroit,26,125,171300
6922,0.35772264,0.014446788,Detroit,26,125,171400
6923,0.32880169,0.01337659,Detroit,26,125,171500
6924,0.30886289,0.022931051,Detroit,26,125,171600
6925,0.32447973,0.022307036,Detroit,26,125,172400
6926,0.33030915,0.016443215,Detroit,26,125,172500
6927,0.30019596,0.04020185,Detroit,26,125,173400
6928,0.37725899,0.067746922,Detroit,26,125,173500
6929,0.28773496,0.043555614,Detroit,26,125,181000
6930,0.42256111,0.08643245,Detroit,26,125,181200
6931,0.46366975,0.072858036,Detroit,26,125,183400
6932,0.44760212,0.08475621,Detroit,26,125,192400
6933,0.30561697,0.059145525,Detroit,26,125,193300
6934,0.35718524,0.062450178,Detroit,26,125,194000
6935,0.46105039,0.12429529,Detroit,26,125,194600
6936,0.25887811,0.10097796,Detroit,26,125,196000
6937,0.23938875,0.089373678,Detroit,26,125,196100
6938,0.38792452,0.066240281,Detroit,26,125,197500
6939,0.615834,0.11166749,Detroit,26,125,197701
6940,0.28612703,0.096544556,Detroit,26,125,197702
6941,0.32649186,0.022073466,Detroit,26,147,620000
6942,0.28779614,0.026756393,Detroit,26,147,621000
6943,0.36635599,0.047594152,Detroit,26,147,622000
6944,0.2982389,0.042881947,Detroit,26,147,623000
6945,0.29989058,0.051371109,Detroit,26,147,624000
6946,0.35040733,0.042668048,Detroit,26,147,628000
6947,0.33349958,0.044481333,Detroit,26,147,636000
6948,0.33718202,0.095934831,Detroit,26,161,400600
6949,0.30851242,0.037484393,Detroit,26,161,400700
6950,0.31208262,0.042186365,Detroit,26,161,402100
6951,0.39382824,0.043688368,Detroit,26,161,402600
6952,0.34805039,0.070856363,Detroit,26,161,402700
6953,0.35158589,0.047202051,Detroit,26,161,403200
6954,0.41368067,0.049391929,Detroit,26,161,403300
6955,0.39310437,0.059589326,Detroit,26,161,403400
6956,0.36293781,0.0518751,Detroit,26,161,403500
6957,0.37821561,0.045181252,Detroit,26,161,403600
6958,0.33081374,0.024545304,Detroit,26,161,403800
6959,0.28562436,0.047170989,Detroit,26,161,404100
6960,0.30984554,0.026604021,Detroit,26,161,404200
6961,0.23441106,0.088832721,Detroit,26,161,404400
6962,0.47201607,0.063574255,Detroit,26,161,404500
6963,0.36250553,0.045724757,Detroit,26,161,404600
6964,0.37552729,0.030792501,Detroit,26,161,405100
6965,0.4299078,0.067065746,Detroit,26,161,405200
6966,0.35942632,0.15271455,Detroit,26,161,405300
6967,0.26196033,0.035183523,Detroit,26,161,405400
6968,0.35844344,0.039752904,Detroit,26,161,405500
6969,0.31689492,0.019155711,Detroit,26,161,405600
6970,0.32967514,0.018742198,Detroit,26,161,407400
6971,0.33359486,0.034381945,Detroit,26,161,407600
6972,0.34606144,0.022573793,Detroit,26,161,410100
6973,0.33969694,0.053799573,Detroit,26,161,410200
6974,0.29094997,0.028084392,Detroit,26,161,410300
6975,0.38010556,0.033030488,Detroit,26,161,410400
6976,0.32074881,0.022190813,Detroit,26,161,410500
6977,0.29498461,0.012806262,Detroit,26,161,410600
6978,0.29991123,0.021179745,Detroit,26,161,410700
6979,0.31113499,0.025666652,Detroit,26,161,410800
6980,0.27074346,0.05202863,Detroit,26,161,411000
6981,0.32446739,0.020779479,Detroit,26,161,411200
6982,0.28390348,0.044118997,Detroit,26,161,411700
6983,0.2997838,0.026477313,Detroit,26,161,411900
6984,0.28222683,0.024517482,Detroit,26,161,412000
6985,0.30390686,0.026086852,Detroit,26,161,412100
6986,0.30576986,0.015643025,Detroit,26,161,412300
6987,0.31457564,0.029151138,Detroit,26,161,412600
6988,0.38598219,0.030673588,Detroit,26,161,412700
6989,0.27936685,0.0142514,Detroit,26,161,413000
6990,0.32334504,0.050140034,Detroit,26,161,413200
6991,0.35667777,0.065295354,Detroit,26,161,413401
6992,0.41763002,0.051396325,Detroit,26,161,413402
6993,0.39963675,0.11080076,Detroit,26,161,413403
6994,0.36569405,0.035047427,Detroit,26,161,414000
6995,0.33205083,0.032276914,Detroit,26,161,414200
6996,0.31963244,0.023026451,Detroit,26,161,414300
6997,0.4214251,0.065244362,Detroit,26,161,414500
6998,0.35701716,0.085806198,Detroit,26,161,414700
6999,0.35971087,0.046752747,Detroit,26,161,415200
7000,0.26624557,0.11219478,Detroit,26,161,415800
7001,0.30827415,0.055396773,Detroit,26,161,416000
7002,0.57549578,0.10682829,Detroit,26,161,420000
7003,0.44349965,0.065064691,Detroit,26,161,420200
7004,0.27165157,0.044537306,Detroit,26,161,456000
7005,0.28810605,0.01459438,Detroit,26,163,500100
7006,0.32173088,0.016314829,Detroit,26,163,500200
7007,0.2696043,0.0098234406,Detroit,26,163,500300
7008,0.24829197,0.0083855009,Detroit,26,163,500400
7009,0.28118607,0.0095371278,Detroit,26,163,500500
7010,0.28228647,0.0082206838,Detroit,26,163,500600
7011,0.28245342,0.012667395,Detroit,26,163,500700
7012,0.30555356,0.020210903,Detroit,26,163,500800
7013,0.28995794,0.0096017132,Detroit,26,163,500900
7014,0.31813103,0.010697568,Detroit,26,163,501000
7015,0.30161226,0.0099115111,Detroit,26,163,501100
7016,0.29022944,0.01132565,Detroit,26,163,501200
7017,0.28945202,0.0088617476,Detroit,26,163,501300
7018,0.31973302,0.015621993,Detroit,26,163,501400
7019,0.3483817,0.019568481,Detroit,26,163,501500
7020,0.30508405,0.024130551,Detroit,26,163,501600
7021,0.32225949,0.020355238,Detroit,26,163,501700
7022,0.30724934,0.015505195,Detroit,26,163,501800
7023,0.30883294,0.011878448,Detroit,26,163,501900
7024,0.30488163,0.010986583,Detroit,26,163,502000
7025,0.2966328,0.015959999,Detroit,26,163,503100
7026,0.2965363,0.010294857,Detroit,26,163,503200
7027,0.29680428,0.0093280869,Detroit,26,163,503300
7028,0.26015863,0.013066253,Detroit,26,163,503400
7029,0.27492434,0.0082059586,Detroit,26,163,503500
7030,0.28810954,0.01323749,Detroit,26,163,503600
7031,0.26560813,0.0085853841,Detroit,26,163,503900
7032,0.27141222,0.011255949,Detroit,26,163,504000
7033,0.27200711,0.0097995335,Detroit,26,163,504100
7034,0.29392782,0.011233012,Detroit,26,163,504200
7035,0.28919378,0.010784509,Detroit,26,163,504300
7036,0.27014166,0.0088211857,Detroit,26,163,504400
7037,0.29931837,0.011503426,Detroit,26,163,504700
7038,0.30609986,0.015332878,Detroit,26,163,504800
7039,0.29470479,0.011941492,Detroit,26,163,504900
7040,0.28746849,0.013930567,Detroit,26,163,505000
7041,0.29334429,0.012323448,Detroit,26,163,505100
7042,0.30156386,0.0104162,Detroit,26,163,505200
7043,0.29326108,0.0087220687,Detroit,26,163,505400
7044,0.33763492,0.016786497,Detroit,26,163,505500
7045,0.3378728,0.018456951,Detroit,26,163,506100
7046,0.29139698,0.011816485,Detroit,26,163,506200
7047,0.27934426,0.011910536,Detroit,26,163,506300
7048,0.28885031,0.01364959,Detroit,26,163,506400
7049,0.30382884,0.013105446,Detroit,26,163,506500
7050,0.29432818,0.010715443,Detroit,26,163,506600
7051,0.30050486,0.019316547,Detroit,26,163,506700
7052,0.30835399,0.011858438,Detroit,26,163,506800
7053,0.30876809,0.010968915,Detroit,26,163,506900
7054,0.31789222,0.013361396,Detroit,26,163,507000
7055,0.32224795,0.014456976,Detroit,26,163,507100
7056,0.29274482,0.015970778,Detroit,26,163,507200
7057,0.2887181,0.01073648,Detroit,26,163,507300
7058,0.29544994,0.01184395,Detroit,26,163,507400
7059,0.29636347,0.013756291,Detroit,26,163,507500
7060,0.30925432,0.018532302,Detroit,26,163,507800
7061,0.29828057,0.013937687,Detroit,26,163,507900
7062,0.27415067,0.018920878,Detroit,26,163,508000
7063,0.27337825,0.0098102409,Detroit,26,163,508100
7064,0.2808308,0.014696963,Detroit,26,163,510400
7065,0.26696527,0.012389177,Detroit,26,163,510500
7066,0.28940508,0.016974168,Detroit,26,163,510600
7067,0.30562451,0.020676011,Detroit,26,163,510700
7068,0.26724967,0.0099377437,Detroit,26,163,511000
7069,0.28034803,0.015521183,Detroit,26,163,511200
7070,0.29022887,0.01058243,Detroit,26,163,511300
7071,0.30180305,0.011659987,Detroit,26,163,511400
7072,0.29045066,0.015567427,Detroit,26,163,511900
7073,0.29665285,0.009592901,Detroit,26,163,512100
7074,0.27624044,0.01823543,Detroit,26,163,512200
7075,0.28032953,0.015926385,Detroit,26,163,512300
7076,0.27394387,0.013576755,Detroit,26,163,512400
7077,0.28576386,0.012215895,Detroit,26,163,512600
7078,0.28949437,0.013007592,Detroit,26,163,512900
7079,0.30689532,0.013927722,Detroit,26,163,513200
7080,0.3260107,0.018752217,Detroit,26,163,513300
7081,0.32298142,0.016388742,Detroit,26,163,513600
7082,0.34798688,0.014085048,Detroit,26,163,513700
7083,0.2663351,0.010378063,Detroit,26,163,513900
7084,0.27416381,0.0093193017,Detroit,26,163,514100
7085,0.31438828,0.011383747,Detroit,26,163,514200
7086,0.28866681,0.01022442,Detroit,26,163,514300
7087,0.30839097,0.019013844,Detroit,26,163,514500
7088,0.2946597,0.013507081,Detroit,26,163,515200
7089,0.30447346,0.014068725,Detroit,26,163,515300
7090,0.28975952,0.032724533,Detroit,26,163,515400
7091,0.29061371,0.014317512,Detroit,26,163,515600
7092,0.30278814,0.021197328,Detroit,26,163,515700
7093,0.27328059,0.010485396,Detroit,26,163,515900
7094,0.28379819,0.010490871,Detroit,26,163,516000
7095,0.32071403,0.019008067,Detroit,26,163,516100
7096,0.32126302,0.021881312,Detroit,26,163,516200
7097,0.29232514,0.022341868,Detroit,26,163,516300
7098,0.25902084,0.016418453,Detroit,26,163,516400
7099,0.37166572,0.030358,Detroit,26,163,516500
7100,0.32091561,0.016351314,Detroit,26,163,516600
7101,0.3272424,0.016068241,Detroit,26,163,516700
7102,0.25935161,0.016848708,Detroit,26,163,516800
7103,0.32718787,0.023204865,Detroit,26,163,516900
7104,0.33795601,0.032858413,Detroit,26,163,517000
7105,0.31885979,0.028788866,Detroit,26,163,517100
7106,0.29814467,0.02475838,Detroit,26,163,517200
7107,0.31039315,0.020870207,Detroit,26,163,517300
7108,0.32687998,0.018767949,Detroit,26,163,517500
7109,0.38126811,0.027170813,Detroit,26,163,518000
7110,0.30125678,0.024274996,Detroit,26,163,518400
7111,0.29389256,0.01678779,Detroit,26,163,518500
7112,0.28565046,0.016560465,Detroit,26,163,518600
7113,0.26544353,0.017191267,Detroit,26,163,518800
7114,0.31855479,0.016709516,Detroit,26,163,518900
7115,0.388659,0.047880754,Detroit,26,163,520200
7116,0.27551609,0.027256688,Detroit,26,163,520300
7117,0.32619601,0.026956817,Detroit,26,163,520400
7118,0.31715843,0.020957557,Detroit,26,163,520700
7119,0.37193799,0.043177318,Detroit,26,163,520800
7120,0.25222778,0.030440332,Detroit,26,163,521100
7121,0.25827992,0.023719894,Detroit,26,163,521300
7122,0.32032496,0.041907277,Detroit,26,163,521400
7123,0.30297735,0.019552125,Detroit,26,163,521500
7124,0.35733384,0.056409657,Detroit,26,163,521800
7125,0.30643854,0.016187426,Detroit,26,163,521900
7126,0.2964347,0.020404803,Detroit,26,163,522000
7127,0.28548563,0.017286409,Detroit,26,163,522100
7128,0.26389366,0.017590288,Detroit,26,163,522200
7129,0.29636759,0.014477165,Detroit,26,163,522300
7130,0.29930013,0.020520955,Detroit,26,163,522400
7131,0.26258433,0.014980198,Detroit,26,163,522500
7132,0.27345145,0.043810669,Detroit,26,163,523100
7133,0.3002114,0.051314067,Detroit,26,163,523300
7134,0.1901446,0.038935311,Detroit,26,163,523400
7135,0.23558904,0.029867383,Detroit,26,163,523800
7136,0.24412376,0.053040057,Detroit,26,163,524000
7137,0.26715815,0.040504679,Detroit,26,163,524200
7138,0.46994323,0.07756263,Detroit,26,163,524300
7139,0.30045682,0.050358612,Detroit,26,163,524500
7140,0.33878118,0.014302644,Detroit,26,163,524700
7141,0.31408647,0.015775722,Detroit,26,163,524800
7142,0.29461581,0.03245965,Detroit,26,163,524900
7143,0.31354541,0.036459908,Detroit,26,163,525000
7144,0.28962746,0.01587783,Detroit,26,163,525400
7145,0.27395254,0.018717065,Detroit,26,163,525500
7146,0.30665711,0.045463424,Detroit,26,163,525600
7147,0.27071494,0.034541529,Detroit,26,163,525700
7148,0.24926418,0.038946118,Detroit,26,163,525800
7149,0.40426713,0.053076718,Detroit,26,163,526000
7150,0.23058686,0.048455138,Detroit,26,163,526100
7151,0.34101227,0.030971603,Detroit,26,163,526200
7152,0.30445668,0.02240707,Detroit,26,163,526300
7153,0.26612425,0.021440353,Detroit,26,163,526400
7154,0.27437943,0.011170536,Detroit,26,163,526500
7155,0.30128977,0.015331831,Detroit,26,163,527200
7156,0.29568955,0.015500672,Detroit,26,163,527300
7157,0.28242555,0.011042017,Detroit,26,163,530100
7158,0.32104218,0.012156634,Detroit,26,163,530200
7159,0.29916736,0.012965373,Detroit,26,163,530300
7160,0.30357802,0.016208814,Detroit,26,163,530400
7161,0.3240779,0.016378673,Detroit,26,163,530500
7162,0.30887377,0.012712203,Detroit,26,163,530800
7163,0.29890198,0.01034449,Detroit,26,163,530900
7164,0.30035615,0.017026892,Detroit,26,163,531100
7165,0.37299073,0.01805778,Detroit,26,163,531200
7166,0.26202574,0.014016091,Detroit,26,163,531300
7167,0.30807608,0.015021433,Detroit,26,163,531400
7168,0.32171032,0.010944901,Detroit,26,163,531500
7169,0.32419422,0.014473644,Detroit,26,163,531600
7170,0.30689964,0.015409843,Detroit,26,163,531700
7171,0.32713184,0.012039247,Detroit,26,163,531800
7172,0.30636162,0.017803654,Detroit,26,163,531900
7173,0.30210176,0.014598314,Detroit,26,163,532200
7174,0.3212508,0.026942706,Detroit,26,163,532300
7175,0.29081589,0.016453078,Detroit,26,163,532400
7176,0.29751009,0.016208056,Detroit,26,163,532600
7177,0.29963991,0.017152004,Detroit,26,163,532700
7178,0.28197408,0.015207868,Detroit,26,163,533000
7179,0.29342476,0.013769915,Detroit,26,163,533100
7180,0.30510393,0.012154633,Detroit,26,163,533200
7181,0.28798458,0.012149179,Detroit,26,163,533300
7182,0.30592698,0.010499097,Detroit,26,163,533400
7183,0.28767037,0.015748231,Detroit,26,163,533500
7184,0.29854715,0.011439973,Detroit,26,163,533600
7185,0.27215657,0.014665109,Detroit,26,163,533700
7186,0.3174468,0.015405353,Detroit,26,163,533900
7187,0.31514573,0.013665779,Detroit,26,163,534100
7188,0.29788244,0.0092038056,Detroit,26,163,534200
7189,0.30200824,0.0133236,Detroit,26,163,534300
7190,0.27528566,0.01241905,Detroit,26,163,534400
7191,0.30490801,0.015772069,Detroit,26,163,534500
7192,0.29741082,0.013988164,Detroit,26,163,534600
7193,0.3029682,0.012555863,Detroit,26,163,534700
7194,0.30796051,0.012319634,Detroit,26,163,535000
7195,0.25818744,0.0119318,Detroit,26,163,535100
7196,0.28381711,0.011883844,Detroit,26,163,535200
7197,0.31405035,0.010907162,Detroit,26,163,535300
7198,0.30294365,0.014105983,Detroit,26,163,535400
7199,0.29879144,0.012338991,Detroit,26,163,535500
7200,0.36925688,0.016831476,Detroit,26,163,535600
7201,0.29019085,0.015543765,Detroit,26,163,535700
7202,0.30630326,0.010622628,Detroit,26,163,536100
7203,0.30665073,0.01722675,Detroit,26,163,536200
7204,0.29117429,0.010161788,Detroit,26,163,536300
7205,0.31317696,0.011396975,Detroit,26,163,536400
7206,0.31305939,0.014741438,Detroit,26,163,536500
7207,0.29999486,0.0099945087,Detroit,26,163,536600
7208,0.26230845,0.01514017,Detroit,26,163,536700
7209,0.28954536,0.013465304,Detroit,26,163,536800
7210,0.31130338,0.011631992,Detroit,26,163,536900
7211,0.30229861,0.01053396,Detroit,26,163,537000
7212,0.28150848,0.011961312,Detroit,26,163,537100
7213,0.28076205,0.016146366,Detroit,26,163,537200
7214,0.28381246,0.0096229743,Detroit,26,163,537300
7215,0.31705138,0.012386924,Detroit,26,163,537500
7216,0.33745268,0.014150134,Detroit,26,163,537600
7217,0.31728274,0.010453594,Detroit,26,163,537700
7218,0.29365918,0.012040795,Detroit,26,163,537800
7219,0.32023564,0.02854573,Detroit,26,163,538100
7220,0.46749386,0.039019983,Detroit,26,163,538200
7221,0.3127293,0.013733422,Detroit,26,163,538300
7222,0.34215784,0.025447695,Detroit,26,163,538400
7223,0.35410711,0.012878134,Detroit,26,163,538500
7224,0.33124363,0.014392313,Detroit,26,163,538600
7225,0.3700904,0.015152969,Detroit,26,163,538700
7226,0.34213451,0.024738077,Detroit,26,163,538800
7227,0.32382596,0.015065199,Detroit,26,163,538900
7228,0.29767358,0.012305686,Detroit,26,163,539000
7229,0.3551271,0.018087838,Detroit,26,163,539100
7230,0.32858327,0.013184996,Detroit,26,163,539200
7231,0.31914037,0.014647103,Detroit,26,163,539300
7232,0.34335825,0.015792623,Detroit,26,163,539400
7233,0.31079,0.015343186,Detroit,26,163,539500
7234,0.33664632,0.01553713,Detroit,26,163,539600
7235,0.3218464,0.01994572,Detroit,26,163,539700
7236,0.30624199,0.011039131,Detroit,26,163,540100
7237,0.31353337,0.0095107965,Detroit,26,163,540200
7238,0.30325761,0.011351001,Detroit,26,163,540300
7239,0.32048991,0.013474034,Detroit,26,163,540400
7240,0.329032,0.0125612,Detroit,26,163,540500
7241,0.34061673,0.014125857,Detroit,26,163,540600
7242,0.32887268,0.012387147,Detroit,26,163,540700
7243,0.33331355,0.015795538,Detroit,26,163,540800
7244,0.32340288,0.01503763,Detroit,26,163,540900
7245,0.31446218,0.010667257,Detroit,26,163,541000
7246,0.30553347,0.0086073168,Detroit,26,163,541100
7247,0.29163525,0.011169008,Detroit,26,163,541200
7248,0.29471442,0.023610594,Detroit,26,163,541300
7249,0.30301353,0.016003013,Detroit,26,163,541400
7250,0.34386894,0.015346949,Detroit,26,163,541500
7251,0.32194966,0.018593134,Detroit,26,163,541700
7252,0.31649294,0.022126317,Detroit,26,163,541800
7253,0.32163709,0.011537871,Detroit,26,163,542100
7254,0.32891765,0.011558347,Detroit,26,163,542200
7255,0.31102344,0.013850083,Detroit,26,163,542300
7256,0.34493124,0.015837792,Detroit,26,163,542400
7257,0.33068594,0.01860746,Detroit,26,163,542500
7258,0.32748517,0.012985857,Detroit,26,163,542600
7259,0.31537721,0.016096435,Detroit,26,163,542700
7260,0.3766945,0.019375496,Detroit,26,163,542800
7261,0.37945682,0.019156747,Detroit,26,163,542900
7262,0.39594263,0.033491291,Detroit,26,163,543000
7263,0.36688754,0.023335461,Detroit,26,163,543100
7264,0.31332958,0.014569373,Detroit,26,163,543200
7265,0.33743215,0.013764795,Detroit,26,163,543400
7266,0.29982999,0.012749868,Detroit,26,163,543500
7267,0.27810928,0.011435461,Detroit,26,163,543600
7268,0.29505923,0.010717095,Detroit,26,163,543700
7269,0.26809704,0.013771106,Detroit,26,163,543800
7270,0.26136968,0.016160661,Detroit,26,163,543900
7271,0.36661789,0.023782786,Detroit,26,163,544000
7272,0.31397364,0.015935872,Detroit,26,163,544100
7273,0.30520627,0.012399252,Detroit,26,163,544200
7274,0.32411683,0.017948898,Detroit,26,163,544300
7275,0.28520498,0.011222715,Detroit,26,163,545100
7276,0.30681697,0.0099156043,Detroit,26,163,545200
7277,0.29150519,0.010289227,Detroit,26,163,545300
7278,0.25509128,0.016868591,Detroit,26,163,545400
7279,0.32071686,0.013900524,Detroit,26,163,545500
7280,0.359018,0.029806392,Detroit,26,163,545600
7281,0.39788166,0.044476286,Detroit,26,163,545700
7282,0.30578047,0.022400115,Detroit,26,163,545800
7283,0.29319817,0.013828776,Detroit,26,163,545900
7284,0.29236406,0.0087901028,Detroit,26,163,546000
7285,0.28754401,0.011195807,Detroit,26,163,546100
7286,0.34333909,0.038308345,Detroit,26,163,546200
7287,0.32432643,0.022191791,Detroit,26,163,546300
7288,0.29184759,0.014204092,Detroit,26,163,546400
7289,0.33471513,0.01717823,Detroit,26,163,546500
7290,0.31472954,0.012490972,Detroit,26,163,546600
7291,0.30073047,0.011708039,Detroit,26,163,546700
7292,0.31971416,0.010565981,Detroit,26,163,546800
7293,0.31647307,0.019642889,Detroit,26,163,546900
7294,0.26333478,0.12570487,Detroit,26,163,550100
7295,0.27269912,0.043146405,Detroit,26,163,550200
7296,0.66204375,0.12067772,Detroit,26,163,551200
7297,0.3277002,0.050906491,Detroit,26,163,551300
7298,0.36143965,0.025552917,Detroit,26,163,551400
7299,0.3063826,0.049644928,Detroit,26,163,551500
7300,0.42576602,0.051657863,Detroit,26,163,551600
7301,0.24149658,0.019955304,Detroit,26,163,552100
7302,0.29920429,0.046858974,Detroit,26,163,552200
7303,0.3202616,0.046456918,Detroit,26,163,552300
7304,0.28661621,0.023364611,Detroit,26,163,552400
7305,0.25025874,0.023441374,Detroit,26,163,552800
7306,0.28991053,0.018881731,Detroit,26,163,553000
7307,0.29940549,0.012393614,Detroit,26,163,553100
7308,0.27146965,0.014320805,Detroit,26,163,553200
7309,0.25967968,0.014627743,Detroit,26,163,553300
7310,0.27904117,0.015101533,Detroit,26,163,553400
7311,0.28467166,0.011706225,Detroit,26,163,553600
7312,0.28138837,0.0122995,Detroit,26,163,553800
7313,0.29811823,0.047580328,Detroit,26,163,554100
7314,0.31144387,0.042991467,Detroit,26,163,554200
7315,0.24626829,0.047290266,Detroit,26,163,554500
7316,0.32023761,0.04091062,Detroit,26,163,554800
7317,0.30208248,0.035240889,Detroit,26,163,554900
7318,0.4924593,0.085220054,Detroit,26,163,555100
7319,0.35263911,0.046108741,Detroit,26,163,555300
7320,0.27538735,0.025820768,Detroit,26,163,555400
7321,0.38223869,0.066688515,Detroit,26,163,555500
7322,0.31573492,0.051494274,Detroit,26,163,557000
7323,0.34604383,0.045096047,Detroit,26,163,563200
7324,0.36770976,0.062902823,Detroit,26,163,563300
7325,0.36587542,0.11306096,Detroit,26,163,563400
7326,0.45460525,0.12897514,Detroit,26,163,563500
7327,0.39981428,0.15390751,Detroit,26,163,563700
7328,0.47424087,0.11344112,Detroit,26,163,563800
7329,0.27557132,0.059731685,Detroit,26,163,564100
7330,0.32813734,0.078769691,Detroit,26,163,564200
7331,0.53599572,0.16277373,Detroit,26,163,564401
7332,0.3554402,0.16675095,Detroit,26,163,564502
7333,0.36443233,0.057614218,Detroit,26,163,564503
7334,0.25803491,0.055207301,Detroit,26,163,564504
7335,0.29293832,0.11145274,Detroit,26,163,564600
7336,0.40225461,0.06092466,Detroit,26,163,564700
7337,0.49628597,0.13791221,Detroit,26,163,564800
7338,0.31617144,0.060701989,Detroit,26,163,564900
7339,0.44635648,0.085918799,Detroit,26,163,565000
7340,0.27958786,0.042504419,Detroit,26,163,565100
7341,0.30199236,0.033424757,Detroit,26,163,565200
7342,0.32120991,0.022573639,Detroit,26,163,565300
7343,0.40557122,0.089270398,Detroit,26,163,565700
7344,0.38966677,0.074932925,Detroit,26,163,565800
7345,0.30447298,0.062423889,Detroit,26,163,565900
7346,0.24566807,0.026381074,Detroit,26,163,566400
7347,0.28239986,0.043500736,Detroit,26,163,566500
7348,0.32796979,0.048706487,Detroit,26,163,566600
7349,0.28919932,0.045225352,Detroit,26,163,566800
7350,0.34698719,0.024348414,Detroit,26,163,566900
7351,0.35029495,0.026260922,Detroit,26,163,567000
7352,0.34747708,0.065536864,Detroit,26,163,567100
7353,0.36472872,0.041148867,Detroit,26,163,567202
7354,0.26700392,0.043494672,Detroit,26,163,567800
7355,0.22494324,0.096129894,Detroit,26,163,568000
7356,0.25798801,0.037111398,Detroit,26,163,568300
7357,0.26866856,0.036786295,Detroit,26,163,568500
7358,0.42009667,0.056234214,Detroit,26,163,568700
7359,0.31062359,0.027357478,Detroit,26,163,568800
7360,0.32828283,0.0224545,Detroit,26,163,570100
7361,0.33469179,0.024382491,Detroit,26,163,570200
7362,0.33630672,0.013546507,Detroit,26,163,570400
7363,0.30699387,0.013788011,Detroit,26,163,570500
7364,0.29188272,0.014803493,Detroit,26,163,570600
7365,0.29471803,0.010981006,Detroit,26,163,570800
7366,0.2806628,0.013695413,Detroit,26,163,570900
7367,0.31851217,0.013759948,Detroit,26,163,571000
7368,0.28201216,0.061495744,Detroit,26,163,571500
7369,0.29682106,0.055695985,Detroit,26,163,571700
7370,0.32554576,0.053026274,Detroit,26,163,571900
7371,0.24993216,0.055164538,Detroit,26,163,572600
7372,0.30173954,0.038082972,Detroit,26,163,573100
7373,0.38864848,0.082864568,Detroit,26,163,573600
7374,0.35671768,0.047930792,Detroit,26,163,574202
7375,0.33251625,0.062803537,Detroit,26,163,575200
7376,0.32825103,0.033230461,Detroit,26,163,577000
7377,0.24341145,0.050640784,Detroit,26,163,577200
7378,0.30702284,0.034234133,Detroit,26,163,578600
7379,0.26160777,0.022927944,Detroit,26,163,579100
7380,0.30797398,0.02444985,Detroit,26,163,579200
7381,0.31604367,0.014931134,Detroit,26,163,579300
7382,0.32938117,0.039504822,Detroit,26,163,579500
7383,0.29720864,0.012740673,Detroit,26,163,579600
7384,0.319013,0.037303355,Detroit,26,163,579700
7385,0.28421694,0.034937687,Detroit,26,163,579800
7386,0.37358993,0.094425358,Detroit,26,163,579900
7387,0.4069452,0.063163683,Detroit,26,163,581100
7388,0.30309004,0.060209926,Detroit,26,163,581600
7389,0.45702076,0.06540636,Detroit,26,163,582000
7390,0.42338276,0.067212708,Detroit,26,163,583800
7391,0.37239215,0.034659047,Detroit,26,163,583900
7392,0.29220942,0.030977495,Detroit,26,163,584000
7393,0.34545234,0.034265235,Detroit,26,163,584200
7394,0.25267345,0.049405411,Detroit,26,163,584400
7395,0.36240724,0.053654607,Detroit,26,163,584500
7396,0.37032637,0.044570614,Detroit,26,163,584600
7397,0.3188282,0.096058995,Detroit,26,163,584700
7398,0.30885628,0.018581143,Detroit,26,163,584800
7399,0.31687069,0.051865172,Detroit,26,163,585500
7400,0.33282453,0.018662848,Detroit,26,163,585600
7401,0.35905564,0.033510812,Detroit,26,163,585700
7402,0.32785568,0.017472843,Detroit,26,163,585800
7403,0.40205547,0.035080835,Detroit,26,163,585900
7404,0.31245667,0.021504765,Detroit,26,163,586200
7405,0.44641745,0.061578613,Detroit,26,163,587000
7406,0.40056005,0.039241184,Detroit,26,163,587900
7407,0.26692072,0.03266751,Detroit,26,163,588000
7408,0.36271104,0.10904322,Detroit,26,163,588100
7409,0.30950218,0.029642303,Detroit,26,163,588200
7410,0.32468519,0.049660813,Detroit,26,163,588300
7411,0.30168509,0.059052289,Detroit,26,163,588400
7412,0.30879474,0.035565365,Detroit,26,163,589300
7413,0.30864587,0.027389174,Detroit,26,163,589400
7414,0.30328286,0.070353307,Detroit,26,163,590400
7415,0.24229656,0.067531519,Detroit,26,163,591502
7416,0.42706069,0.095667757,Detroit,26,163,591700
7417,0.50921267,0.061689172,Detroit,26,163,591800
7418,0.35579374,0.055469766,Minneapolis,27,3,50402
7419,0.29500243,0.058969073,Minneapolis,27,3,50602
7420,0.23946634,0.050302092,Minneapolis,27,3,50605
7421,0.40150008,0.061023392,Minneapolis,27,3,50608
7422,0.29523012,0.054928869,Minneapolis,27,3,50610
7423,0.45033482,0.072146647,Minneapolis,27,3,50704
7424,0.23793747,0.043933827,Minneapolis,27,3,50710
7425,0.32999372,0.064592965,Minneapolis,27,3,50805
7426,0.39141962,0.063909248,Minneapolis,27,3,51002
7427,0.36245105,0.044411276,Minneapolis,27,3,51101
7428,0.35085768,0.044473764,Minneapolis,27,3,51103
7429,0.3158882,0.036373064,Minneapolis,27,3,51201
7430,0.37800261,0.06104802,Minneapolis,27,3,51203
7431,0.38285056,0.044793338,Minneapolis,27,3,51302
7432,0.25030893,0.046532981,Minneapolis,27,3,51304
7433,0.45793754,0.065733053,Minneapolis,27,3,51305
7434,0.3199358,0.048634045,Minneapolis,27,3,51400
7435,0.45184815,0.053300992,Minneapolis,27,3,51501
7436,0.38774756,0.04187803,Minneapolis,27,37,60105
7437,0.35613391,0.0406604,Minneapolis,27,37,60505
7438,0.34797236,0.040680911,Minneapolis,27,37,60709
7439,0.35724428,0.044867974,Minneapolis,27,37,60710
7440,0.3563405,0.045907211,Minneapolis,27,37,60711
7441,0.29092166,0.058275759,Minneapolis,27,37,60713
7442,0.33149269,0.053032771,Minneapolis,27,37,60714
7443,0.40313625,0.10126968,Minneapolis,27,37,60716
7444,0.34600139,0.033492818,Minneapolis,27,37,60725
7445,0.32983965,0.046110872,Minneapolis,27,37,60727
7446,0.36488456,0.032675106,Minneapolis,27,37,60728
7447,0.38545921,0.066796944,Minneapolis,27,37,60731
7448,0.36452428,0.080314107,Minneapolis,27,37,60733
7449,0.47511613,0.068786368,Minneapolis,27,37,60735
7450,0.42589167,0.053342026,Minneapolis,27,37,60737
7451,0.37336743,0.049087357,Minneapolis,27,37,60738
7452,0.426783,0.071781226,Minneapolis,27,37,60739
7453,0.41135103,0.043566234,Minneapolis,27,37,60741
7454,0.42118061,0.051139612,Minneapolis,27,37,60745
7455,0.37833291,0.056047522,Minneapolis,27,37,60747
7456,0.34426454,0.065173663,Minneapolis,27,37,60748
7457,0.33823121,0.043545455,Minneapolis,27,37,60750
7458,0.40062273,0.065998293,Minneapolis,27,37,60805
7459,0.35005894,0.073217474,Minneapolis,27,37,60811
7460,0.47312972,0.075163342,Minneapolis,27,37,60812
7461,0.3787218,0.078220323,Minneapolis,27,37,60826
7462,0.35337341,0.025361663,Minneapolis,27,53,101
7463,0.3205218,0.020595908,Minneapolis,27,53,102
7464,0.3364709,0.027097384,Minneapolis,27,53,300
7465,0.30334541,0.03340131,Minneapolis,27,53,601
7466,0.35124531,0.044498023,Minneapolis,27,53,1100
7467,0.25081,0.040052734,Minneapolis,27,53,1700
7468,0.31087413,0.017625188,Minneapolis,27,53,2200
7469,0.24345036,0.044971526,Minneapolis,27,53,2400
7470,0.31032935,0.013302353,Minneapolis,27,53,2700
7471,0.31330457,0.018498838,Minneapolis,27,53,3200
7472,0.32785213,0.013986269,Minneapolis,27,53,3300
7473,0.31993759,0.057795104,Minneapolis,27,53,3800
7474,0.36211979,0.028379345,Minneapolis,27,53,5901
7475,0.31179667,0.020281186,Minneapolis,27,53,5902
7476,0.39306748,0.028485006,Minneapolis,27,53,6800
7477,0.30865872,0.03127186,Minneapolis,27,53,7700
7478,0.379825,0.024951657,Minneapolis,27,53,7801
7479,0.32716653,0.020845577,Minneapolis,27,53,8200
7480,0.30959621,0.023997048,Minneapolis,27,53,8300
7481,0.39703581,0.026813637,Minneapolis,27,53,8400
7482,0.28411323,0.016176565,Minneapolis,27,53,8500
7483,0.29616114,0.018865926,Minneapolis,27,53,9500
7484,0.33044371,0.024208389,Minneapolis,27,53,9600
7485,0.38147864,0.046703149,Minneapolis,27,53,11000
7486,0.26314935,0.068524234,Minneapolis,27,53,11703
7487,0.3424643,0.066575781,Minneapolis,27,53,11704
7488,0.30239105,0.059929077,Minneapolis,27,53,11800
7489,0.37208283,0.043227401,Minneapolis,27,53,11998
7490,0.37613526,0.07851772,Minneapolis,27,53,12001
7491,0.31962723,0.018931268,Minneapolis,27,53,12003
7492,0.333754,0.026442954,Minneapolis,27,53,12101
7493,0.34670529,0.056201439,Minneapolis,27,53,12102
7494,0.36239496,0.016176697,Minneapolis,27,53,20200
7495,0.40856543,0.03805539,Minneapolis,27,53,20301
7496,0.38861308,0.029760106,Minneapolis,27,53,20302
7497,0.32286325,0.031312913,Minneapolis,27,53,20303
7498,0.3379057,0.023837661,Minneapolis,27,53,20304
7499,0.30500522,0.025593925,Minneapolis,27,53,20400
7500,0.37301832,0.036413707,Minneapolis,27,53,20500
7501,0.42335743,0.065836318,Minneapolis,27,53,20600
7502,0.48522761,0.05676306,Minneapolis,27,53,20700
7503,0.38535625,0.067079112,Minneapolis,27,53,20801
7504,0.30835488,0.043008827,Minneapolis,27,53,20804
7505,0.38200483,0.039717797,Minneapolis,27,53,21001
7506,0.45745271,0.063926347,Minneapolis,27,53,21002
7507,0.34503889,0.039235182,Minneapolis,27,53,21200
7508,0.38906381,0.034332845,Minneapolis,27,53,21300
7509,0.40721381,0.052516356,Minneapolis,27,53,21400
7510,0.33313096,0.033104803,Minneapolis,27,53,21501
7511,0.33062801,0.029732378,Minneapolis,27,53,21502
7512,0.37846071,0.035317864,Minneapolis,27,53,21503
7513,0.3154054,0.063076407,Minneapolis,27,53,21504
7514,0.36488199,0.0501872,Minneapolis,27,53,21505
7515,0.33845514,0.055267569,Minneapolis,27,53,21601
7516,0.47230923,0.05930157,Minneapolis,27,53,21602
7517,0.36391142,0.067528926,Minneapolis,27,53,21700
7518,0.37541464,0.072780982,Minneapolis,27,53,21900
7519,0.32603085,0.042881779,Minneapolis,27,53,22101
7520,0.37640235,0.064884543,Minneapolis,27,53,22102
7521,0.30643722,0.04119923,Minneapolis,27,53,22200
7522,0.38572228,0.04748445,Minneapolis,27,53,22302
7523,0.35580236,0.043864902,Minneapolis,27,53,22400
7524,0.26007903,0.035323974,Minneapolis,27,53,22700
7525,0.28085411,0.033050165,Minneapolis,27,53,23000
7526,0.39639911,0.03635408,Minneapolis,27,53,23200
7527,0.35335699,0.044258248,Minneapolis,27,53,23300
7528,0.30077857,0.025666868,Minneapolis,27,53,23400
7529,0.43275535,0.061427798,Minneapolis,27,53,24004
7530,0.44389802,0.084862508,Minneapolis,27,53,24100
7531,0.32432309,0.027549453,Minneapolis,27,53,24300
7532,0.32710546,0.034504209,Minneapolis,27,53,24400
7533,0.28308454,0.035059057,Minneapolis,27,53,24600
7534,0.36123362,0.048651434,Minneapolis,27,53,24801
7535,0.36788121,0.032174267,Minneapolis,27,53,24802
7536,0.34662658,0.057613324,Minneapolis,27,53,24902
7537,0.36362106,0.045125991,Minneapolis,27,53,24903
7538,0.32160574,0.037960026,Minneapolis,27,53,25100
7539,0.35641804,0.02039122,Minneapolis,27,53,25201
7540,0.32150236,0.047190186,Minneapolis,27,53,25205
7541,0.43472233,0.047231253,Minneapolis,27,53,25302
7542,0.34580153,0.045566928,Minneapolis,27,53,25401
7543,0.38543341,0.045034386,Minneapolis,27,53,25403
7544,0.46014902,0.09048,Minneapolis,27,53,25603
7545,0.34567469,0.05757457,Minneapolis,27,53,25701
7546,0.5432207,0.07547196,Minneapolis,27,53,25702
7547,0.5427171,0.069434822,Minneapolis,27,53,25803
7548,0.24424443,0.1028624,Minneapolis,27,53,25903
7549,0.3988668,0.050280765,Minneapolis,27,53,25906
7550,0.3245385,0.061288882,Minneapolis,27,53,26007
7551,0.45959151,0.087812297,Minneapolis,27,53,26015
7552,0.32193992,0.09296301,Minneapolis,27,53,26016
7553,0.49548924,0.15270473,Minneapolis,27,53,26018
7554,0.42373437,0.054901648,Minneapolis,27,53,26019
7555,0.42969799,0.074148595,Minneapolis,27,53,26020
7556,0.4383983,0.07421416,Minneapolis,27,53,26104
7557,0.34088752,0.045496859,Minneapolis,27,53,26402
7558,0.35837689,0.058409266,Minneapolis,27,53,26403
7559,0.51237345,0.090037465,Minneapolis,27,53,26505
7560,0.48511276,0.085556269,Minneapolis,27,53,26507
7561,0.50507832,0.076279998,Minneapolis,27,53,26510
7562,0.37208027,0.043529741,Minneapolis,27,53,26511
7563,0.46184656,0.078929923,Minneapolis,27,53,26512
7564,0.39749464,0.075679705,Minneapolis,27,53,26514
7565,0.32998991,0.062716559,Minneapolis,27,53,26606
7566,0.28211278,0.043141,Minneapolis,27,53,26611
7567,0.50666726,0.086788334,Minneapolis,27,53,26612
7568,0.52966118,0.1361288,Minneapolis,27,53,26613
7569,0.37780181,0.082919531,Minneapolis,27,53,26708
7570,0.50092596,0.085902482,Minneapolis,27,53,26710
7571,0.26560095,0.060696542,Minneapolis,27,53,26714
7572,0.3742846,0.066313975,Minneapolis,27,53,26715
7573,0.41782838,0.029734517,Minneapolis,27,53,26807
7574,0.35594583,0.013955616,Minneapolis,27,53,26809
7575,0.34799272,0.015243207,Minneapolis,27,53,26810
7576,0.38334265,0.027305227,Minneapolis,27,53,26811
7577,0.43074894,0.068251856,Minneapolis,27,53,26812
7578,0.3929733,0.028586179,Minneapolis,27,53,26814
7579,0.3813003,0.035763167,Minneapolis,27,53,26815
7580,0.39769059,0.025195645,Minneapolis,27,53,26816
7581,0.34093463,0.022064636,Minneapolis,27,53,26818
7582,0.3396171,0.018956758,Minneapolis,27,53,26819
7583,0.38566303,0.045000475,Minneapolis,27,53,26820
7584,0.44748485,0.094943255,Minneapolis,27,53,26822
7585,0.35358676,0.058983307,Minneapolis,27,53,26823
7586,0.35996246,0.065938525,Minneapolis,27,53,26903
7587,0.30590728,0.054082546,Minneapolis,27,53,26907
7588,0.34743512,0.062893897,Minneapolis,27,53,26908
7589,0.2954163,0.018645162,Minneapolis,27,53,100200
7590,0.29930082,0.018031515,Minneapolis,27,53,100400
7591,0.47205532,0.072038747,Minneapolis,27,53,100500
7592,0.31639081,0.015962798,Minneapolis,27,53,100700
7593,0.31330207,0.014634559,Minneapolis,27,53,100800
7594,0.29775953,0.011328528,Minneapolis,27,53,100900
7595,0.49077824,0.064971335,Minneapolis,27,53,101200
7596,0.28736433,0.0174242,Minneapolis,27,53,101300
7597,0.34594801,0.014213677,Minneapolis,27,53,101600
7598,0.33189183,0.040184636,Minneapolis,27,53,101800
7599,0.36461771,0.041352268,Minneapolis,27,53,101900
7600,0.3059561,0.014951911,Minneapolis,27,53,102000
7601,0.324323,0.015185736,Minneapolis,27,53,102100
7602,0.36091137,0.027274374,Minneapolis,27,53,102300
7603,0.49051932,0.046310939,Minneapolis,27,53,102500
7604,0.30054528,0.042310502,Minneapolis,27,53,102600
7605,0.28550863,0.012090636,Minneapolis,27,53,102800
7606,0.30993405,0.020214207,Minneapolis,27,53,102900
7607,0.30936798,0.058539797,Minneapolis,27,53,103100
7608,0.35915098,0.019594576,Minneapolis,27,53,103400
7609,0.34269595,0.051224533,Minneapolis,27,53,103700
7610,0.31439665,0.035372008,Minneapolis,27,53,104000
7611,0.30257028,0.015988527,Minneapolis,27,53,104100
7612,0.28108355,0.034549497,Minneapolis,27,53,104400
7613,0.3765288,0.016676653,Minneapolis,27,53,104800
7614,0.38409761,0.051767044,Minneapolis,27,53,104900
7615,0.51043153,0.072163664,Minneapolis,27,53,105204
7616,0.3150216,0.025174925,Minneapolis,27,53,105400
7617,0.3693347,0.041921116,Minneapolis,27,53,105600
7618,0.28790909,0.02697224,Minneapolis,27,53,105700
7619,0.3137089,0.016946744,Minneapolis,27,53,106000
7620,0.37884903,0.024628887,Minneapolis,27,53,106200
7621,0.40036005,0.045259707,Minneapolis,27,53,106400
7622,0.40046865,0.058204662,Minneapolis,27,53,106700
7623,0.45360291,0.040478047,Minneapolis,27,53,106900
7624,0.31942245,0.020165384,Minneapolis,27,53,107000
7625,0.33957538,0.034184929,Minneapolis,27,53,107400
7626,0.38828963,0.06389983,Minneapolis,27,53,107500
7627,0.28272349,0.049993817,Minneapolis,27,53,107600
7628,0.32243299,0.023166666,Minneapolis,27,53,108600
7629,0.32645652,0.028007001,Minneapolis,27,53,108700
7630,0.37058026,0.026518025,Minneapolis,27,53,108800
7631,0.42034507,0.075247802,Minneapolis,27,53,108900
7632,0.29176313,0.040542882,Minneapolis,27,53,109200
7633,0.27997178,0.023608461,Minneapolis,27,53,109300
7634,0.38451523,0.022545246,Minneapolis,27,53,109400
7635,0.33487979,0.032172404,Minneapolis,27,53,109700
7636,0.43671009,0.064379267,Minneapolis,27,53,109900
7637,0.29743272,0.020411067,Minneapolis,27,53,110000
7638,0.36787534,0.040483005,Minneapolis,27,53,110100
7639,0.37526372,0.042836603,Minneapolis,27,53,110200
7640,0.45607296,0.049044885,Minneapolis,27,53,110400
7641,0.31982511,0.046624243,Minneapolis,27,53,110500
7642,0.3798964,0.045462869,Minneapolis,27,53,110800
7643,0.37273723,0.02417187,Minneapolis,27,53,110900
7644,0.37242755,0.050313111,Minneapolis,27,53,111100
7645,0.3826786,0.068039857,Minneapolis,27,53,111500
7646,0.30662307,0.062687501,Minneapolis,27,53,111600
7647,0.45986256,0.066120401,Minneapolis,27,53,122500
7648,0.39819255,0.044671949,Minneapolis,27,53,125500
7649,0.30152839,0.012868055,Minneapolis,27,53,125700
7650,0.32282689,0.019164268,Minneapolis,27,53,125800
7651,0.34010294,0.020435514,Minneapolis,27,53,125900
7652,0.32236138,0.01772652,Minneapolis,27,53,126000
7653,0.39179614,0.050842822,Minneapolis,27,53,126100
7654,0.19331098,0.051892795,Minneapolis,27,53,126200
7655,0.3930639,0.058777213,Minneapolis,27,123,30100
7656,0.43294981,0.059444766,Minneapolis,27,123,30202
7657,0.42130911,0.090909474,Minneapolis,27,123,30300
7658,0.35915223,0.01999619,Minneapolis,27,123,30400
7659,0.37586781,0.022639237,Minneapolis,27,123,30500
7660,0.35853085,0.02855102,Minneapolis,27,123,30601
7661,0.26184598,0.038567729,Minneapolis,27,123,30602
7662,0.3800866,0.04710741,Minneapolis,27,123,30702
7663,0.38689381,0.056517527,Minneapolis,27,123,30703
7664,0.38613066,0.034997638,Minneapolis,27,123,30704
7665,0.33411118,0.030873565,Minneapolis,27,123,30800
7666,0.31976944,0.029762493,Minneapolis,27,123,30900
7667,0.27673611,0.026756888,Minneapolis,27,123,31000
7668,0.3079696,0.046763428,Minneapolis,27,123,31100
7669,0.36230478,0.048876807,Minneapolis,27,123,31200
7670,0.32258144,0.033340789,Minneapolis,27,123,31300
7671,0.34195662,0.031615525,Minneapolis,27,123,31400
7672,0.29482058,0.02689532,Minneapolis,27,123,31500
7673,0.32348067,0.026555154,Minneapolis,27,123,31600
7674,0.34544191,0.0288387,Minneapolis,27,123,31701
7675,0.31334829,0.016867787,Minneapolis,27,123,31702
7676,0.32404611,0.02307247,Minneapolis,27,123,31801
7677,0.35608277,0.049931966,Minneapolis,27,123,31802
7678,0.529585,0.066364735,Minneapolis,27,123,31900
7679,0.33294302,0.037568446,Minneapolis,27,123,32000
7680,0.36792755,0.035784248,Minneapolis,27,123,32100
7681,0.32427713,0.036669642,Minneapolis,27,123,32200
7682,0.30838379,0.029607791,Minneapolis,27,123,32300
7683,0.34161663,0.024319731,Minneapolis,27,123,32400
7684,0.31569594,0.018122153,Minneapolis,27,123,32500
7685,0.33869538,0.021738254,Minneapolis,27,123,32600
7686,0.35041016,0.020658337,Minneapolis,27,123,32700
7687,0.36492273,0.041499905,Minneapolis,27,123,33000
7688,0.30941114,0.033450752,Minneapolis,27,123,33100
7689,0.36251476,0.051526625,Minneapolis,27,123,33200
7690,0.34464785,0.028494347,Minneapolis,27,123,33400
7691,0.32269299,0.014411491,Minneapolis,27,123,33500
7692,0.39849985,0.028514478,Minneapolis,27,123,33600
7693,0.32119152,0.024460187,Minneapolis,27,123,33700
7694,0.33380595,0.018448016,Minneapolis,27,123,33800
7695,0.31873184,0.024584429,Minneapolis,27,123,33900
7696,0.28466141,0.044018593,Minneapolis,27,123,34000
7697,0.39351884,0.069170594,Minneapolis,27,123,34201
7698,0.30242103,0.032968845,Minneapolis,27,123,34202
7699,0.25259712,0.029277151,Minneapolis,27,123,34400
7700,0.29335067,0.026824381,Minneapolis,27,123,34500
7701,0.35211933,0.03160695,Minneapolis,27,123,34601
7702,0.31566909,0.031018782,Minneapolis,27,123,34602
7703,0.4616082,0.038118079,Minneapolis,27,123,34701
7704,0.34312218,0.031087955,Minneapolis,27,123,34702
7705,0.34116939,0.039428014,Minneapolis,27,123,35300
7706,0.36863548,0.04599807,Minneapolis,27,123,35500
7707,0.40389156,0.052497718,Minneapolis,27,123,36100
7708,0.31878594,0.060157195,Minneapolis,27,123,36700
7709,0.24662051,0.046735585,Minneapolis,27,123,36800
7710,0.40606055,0.062818021,Minneapolis,27,123,36900
7711,0.31907552,0.034436051,Minneapolis,27,123,37100
7712,0.24523981,0.027127957,Minneapolis,27,123,37200
7713,0.34283358,0.03375579,Minneapolis,27,123,37402
7714,0.37589115,0.026872033,Minneapolis,27,123,37403
7715,0.42023346,0.071938246,Minneapolis,27,123,37500
7716,0.26985756,0.053569403,Minneapolis,27,123,37601
7717,0.32494864,0.031768661,Minneapolis,27,123,37602
7718,0.30636114,0.05890248,Minneapolis,27,123,40402
7719,0.31579506,0.079083033,Minneapolis,27,123,40604
7720,0.51259798,0.084603369,Minneapolis,27,123,40703
7721,0.39962938,0.080710381,Minneapolis,27,123,40704
7722,0.49546936,0.080591194,Minneapolis,27,123,41001
7723,0.50099456,0.061010811,Minneapolis,27,123,41103
7724,0.35226449,0.048434969,Minneapolis,27,123,41107
7725,0.29603305,0.032730103,Minneapolis,27,123,41200
7726,0.30870688,0.083241023,Minneapolis,27,123,41301
7727,0.30090871,0.060452811,Minneapolis,27,123,41400
7728,0.33774394,0.040107198,Minneapolis,27,123,41601
7729,0.35325724,0.059827976,Minneapolis,27,123,41602
7730,0.42032009,0.069782488,Minneapolis,27,123,42001
7731,0.34549406,0.055537503,Minneapolis,27,123,42101
7732,0.44574153,0.054417998,Minneapolis,27,123,42102
7733,0.4468689,0.058272153,Minneapolis,27,123,42202
7734,0.45563957,0.10193439,Minneapolis,27,123,42302
7735,0.40319142,0.06443017,Minneapolis,27,123,42401
7736,0.501077,0.091844097,Minneapolis,27,123,42402
7737,0.31978464,0.051825918,Minneapolis,27,123,42501
7738,0.35072765,0.061993074,Minneapolis,27,123,42504
7739,0.40356389,0.055129565,Minneapolis,27,123,42601
7740,0.45497736,0.06825114,Minneapolis,27,123,42700
7741,0.25420514,0.033514109,Minneapolis,27,123,42800
7742,0.33206972,0.028595142,Minneapolis,27,123,42900
7743,0.35161129,0.06779214,Minneapolis,27,139,80100
7744,0.35199881,0.078931965,Minneapolis,27,139,80203
7745,0.28051528,0.052017119,Minneapolis,27,163,70906
7746,0.40178293,0.060904015,Minneapolis,27,163,70912
7747,0.33234602,0.038482379,Minneapolis,27,163,71001
7748,0.35134038,0.061413612,Minneapolis,27,163,71003
7749,0.27368346,0.070549682,Minneapolis,27,163,71006
7750,0.47239926,0.068858482,Minneapolis,27,163,71012
7751,0.40510935,0.073792011,Minneapolis,27,163,71015
7752,0.33493233,0.051304694,Minneapolis,27,163,71206
7753,0.43533024,0.1366697,Minneapolis,27,163,71207
7754,0.56552398,0.085458659,Minneapolis,27,163,71208
7755,0.49455228,0.080777653,Minneapolis,27,163,71209
7756,0.27866384,0.030084515,Philadelphia,34,1,100
7757,0.33330801,0.037893657,Philadelphia,34,1,300
7758,0.36886257,0.039407045,Philadelphia,34,1,400
7759,0.33636236,0.047353636,Philadelphia,34,1,500
7760,0.24156028,0.014641056,Philadelphia,34,1,1100
7761,0.31478378,0.014228626,Philadelphia,34,1,1200
7762,0.28519464,0.015641626,Philadelphia,34,1,1300
7763,0.27402323,0.010899724,Philadelphia,34,1,1400
7764,0.251762,0.014123461,Philadelphia,34,1,1500
7765,0.31084931,0.018623779,Philadelphia,34,1,1900
7766,0.23982187,0.020436836,Philadelphia,34,1,2300
7767,0.28756374,0.014476072,Philadelphia,34,1,2400
7768,0.25668982,0.011253862,Philadelphia,34,1,2500
7769,0.29603562,0.035346948,Philadelphia,34,1,10105
7770,0.35929137,0.057171177,Philadelphia,34,1,10200
7771,0.29667735,0.031115251,Philadelphia,34,1,10300
7772,0.34417507,0.045999367,Philadelphia,34,1,10401
7773,0.28544337,0.056617297,Philadelphia,34,1,10403
7774,0.39532083,0.065225497,Philadelphia,34,1,10501
7775,0.34383675,0.02375591,Philadelphia,34,1,10503
7776,0.39381289,0.08697173,Philadelphia,34,1,10505
7777,0.20356952,0.062440857,Philadelphia,34,1,10506
7778,0.24983041,0.025690556,Philadelphia,34,1,10600
7779,0.40422201,0.069488779,Philadelphia,34,1,10700
7780,0.37039682,0.028447976,Philadelphia,34,1,11202
7781,0.40088418,0.042390667,Philadelphia,34,1,11300
7782,0.38591054,0.084340557,Philadelphia,34,1,11401
7783,0.3109248,0.017705891,Philadelphia,34,1,11403
7784,0.33051103,0.035007749,Philadelphia,34,1,11404
7785,0.29073447,0.024799289,Philadelphia,34,1,11500
7786,0.30403543,0.028963074,Philadelphia,34,1,11701
7787,0.30198428,0.027383609,Philadelphia,34,1,11702
7788,0.26475105,0.02584636,Philadelphia,34,1,11802
7789,0.3062667,0.043982141,Philadelphia,34,1,11803
7790,0.25805485,0.059962962,Philadelphia,34,1,11804
7791,0.29301,0.008717509,Philadelphia,34,1,11900
7792,0.29832548,0.01454202,Philadelphia,34,1,12000
7793,0.29654467,0.016936976,Philadelphia,34,1,12100
7794,0.30570835,0.012223123,Philadelphia,34,1,12200
7795,0.36836803,0.062077586,Philadelphia,34,1,12701
7796,0.29638022,0.027637446,Philadelphia,34,1,12801
7797,0.24943015,0.04456326,Philadelphia,34,1,13201
7798,0.42384765,0.084255889,Newark,34,3,3100
7799,0.40199286,0.057281133,Newark,34,3,3200
7800,0.46367183,0.064979762,Newark,34,3,3300
7801,0.3965582,0.065401897,Newark,34,3,3402
7802,0.45780411,0.038760345,Newark,34,3,3500
7803,0.29312444,0.052640207,Newark,34,3,4001
7804,0.5229758,0.059840523,Newark,34,3,4002
7805,0.61783409,0.089361474,Newark,34,3,11100
7806,0.23385124,0.043646634,Newark,34,3,11200
7807,0.41388795,0.081381217,Newark,34,3,12001
7808,0.39602706,0.030184627,Newark,34,3,15200
7809,0.34958214,0.014722839,Newark,34,3,15300
7810,0.36854917,0.020690346,Newark,34,3,15400
7811,0.35989338,0.037143089,Newark,34,3,15500
7812,0.22326362,0.060790185,Newark,34,3,21400
7813,0.36231929,0.062142331,Newark,34,3,21500
7814,0.34679821,0.090414539,Newark,34,3,22100
7815,0.34492955,0.03182935,Newark,34,3,23100
7816,0.40893129,0.029438833,Newark,34,3,23200
7817,0.38780767,0.055845175,Newark,34,3,23301
7818,0.38187185,0.03910033,Newark,34,3,23302
7819,0.3218146,0.033120897,Newark,34,3,23401
7820,0.43589553,0.028626014,Newark,34,3,23402
7821,0.37743804,0.018252594,Newark,34,3,23501
7822,0.33889544,0.021865107,Newark,34,3,23502
7823,0.3922922,0.041148338,Newark,34,3,23601
7824,0.36171803,0.033564657,Newark,34,3,23602
7825,0.35228884,0.068169825,Newark,34,3,28001
7826,0.39783055,0.059980802,Newark,34,3,29100
7827,0.24587408,0.055825729,Newark,34,3,30100
7828,0.4115954,0.06858965,Newark,34,3,30200
7829,0.35600418,0.05322044,Newark,34,3,30300
7830,0.41696447,0.05232406,Newark,34,3,30400
7831,0.39460453,0.070705615,Newark,34,3,32104
7832,0.51419669,0.062194064,Newark,34,3,37202
7833,0.45750046,0.080830269,Newark,34,3,46100
7834,0.62571645,0.081781715,Newark,34,3,46300
7835,0.44176191,0.060390491,Newark,34,3,47400
7836,0.42041147,0.017663768,Newark,34,3,54100
7837,0.41245693,0.025600666,Newark,34,3,54200
7838,0.40994757,0.067021817,Newark,34,3,54300
7839,0.36513162,0.035930686,Newark,34,3,54400
7840,0.42436489,0.05170102,Newark,34,3,54500
7841,0.46683192,0.03885331,Newark,34,3,54600
7842,0.41105449,0.085266203,Newark,34,3,57101
7843,0.34642923,0.045346584,Newark,34,3,59100
7844,0.40520388,0.048234943,Philadelphia,34,5,700103
7845,0.35686517,0.030674314,Philadelphia,34,5,700104
7846,0.34512874,0.041180961,Philadelphia,34,5,700303
7847,0.3823666,0.026100818,Philadelphia,34,5,700407
7848,0.36989018,0.060376097,Philadelphia,34,5,700408
7849,0.34278303,0.057300556,Philadelphia,34,5,700501
7850,0.32624796,0.043047387,Philadelphia,34,5,700503
7851,0.42720839,0.079080455,Philadelphia,34,5,700504
7852,0.39091384,0.064599015,Philadelphia,34,5,700602
7853,0.35985899,0.033226985,Philadelphia,34,5,700603
7854,0.37299097,0.081533477,Philadelphia,34,5,700605
7855,0.32263905,0.06506639,Philadelphia,34,5,700703
7856,0.22693276,0.057091683,Philadelphia,34,5,700800
7857,0.30897203,0.025787339,Philadelphia,34,5,700900
7858,0.36715075,0.027517304,Philadelphia,34,5,701001
7859,0.35674438,0.032488242,Philadelphia,34,5,701002
7860,0.45531645,0.040856052,Philadelphia,34,5,701102
7861,0.38754931,0.028364982,Philadelphia,34,5,701103
7862,0.3422012,0.021817965,Philadelphia,34,5,701104
7863,0.3845093,0.031634875,Philadelphia,34,5,701105
7864,0.31209433,0.035494763,Philadelphia,34,5,701201
7865,0.35754719,0.069728091,Philadelphia,34,5,701203
7866,0.32889888,0.018300168,Philadelphia,34,5,701204
7867,0.31178737,0.037986517,Philadelphia,34,5,701205
7868,0.29734299,0.034626298,Philadelphia,34,5,701301
7869,0.30615637,0.060251668,Philadelphia,34,5,701303
7870,0.40218818,0.073672183,Philadelphia,34,5,701401
7871,0.52651805,0.065344505,Philadelphia,34,5,701502
7872,0.41735086,0.035123691,Philadelphia,34,5,701700
7873,0.37674832,0.066562548,Philadelphia,34,5,702101
7874,0.3234469,0.026978105,Philadelphia,34,5,702203
7875,0.28205425,0.02558567,Philadelphia,34,5,702204
7876,0.35524693,0.049397741,Philadelphia,34,5,702206
7877,0.32583788,0.032442369,Philadelphia,34,5,702207
7878,0.41810694,0.029580552,Philadelphia,34,5,702208
7879,0.34845531,0.036443781,Philadelphia,34,5,702209
7880,0.36322081,0.026140442,Philadelphia,34,5,702210
7881,0.42245317,0.075647444,Philadelphia,34,5,702300
7882,0.34536079,0.036880895,Philadelphia,34,5,702500
7883,0.39106452,0.040818051,Philadelphia,34,5,702601
7884,0.26800969,0.026078336,Philadelphia,34,5,702603
7885,0.34477443,0.030361768,Philadelphia,34,5,702700
7886,0.41089189,0.027317662,Philadelphia,34,5,702801
7887,0.35332969,0.018884234,Philadelphia,34,5,702802
7888,0.37396306,0.019665156,Philadelphia,34,5,702803
7889,0.38951814,0.022421354,Philadelphia,34,5,702804
7890,0.36928955,0.016574014,Philadelphia,34,5,702805
7891,0.36282653,0.015831865,Philadelphia,34,5,702806
7892,0.38753265,0.021207552,Philadelphia,34,5,702807
7893,0.37242028,0.01693264,Philadelphia,34,5,702808
7894,0.37210259,0.024657393,Philadelphia,34,5,702809
7895,0.43885311,0.033410687,Philadelphia,34,5,702810
7896,0.3786929,0.022995636,Philadelphia,34,5,702811
7897,0.31309569,0.094136626,Philadelphia,34,5,702905
7898,0.34135908,0.046166498,Philadelphia,34,5,702909
7899,0.31454879,0.059482723,Philadelphia,34,5,702910
7900,0.45009649,0.046373833,Philadelphia,34,5,702913
7901,0.49790642,0.11400612,Philadelphia,34,5,702914
7902,0.46293667,0.040532291,Philadelphia,34,5,702915
7903,0.40609998,0.09682592,Philadelphia,34,5,703000
7904,0.35137483,0.033466686,Philadelphia,34,5,703103
7905,0.3595255,0.07351958,Philadelphia,34,5,703104
7906,0.30256796,0.1398598,Philadelphia,34,5,703600
7907,0.35102734,0.07460203,Philadelphia,34,5,703802
7908,0.51925051,0.061279222,Philadelphia,34,5,704004
7909,0.32766521,0.12198061,Philadelphia,34,5,704005
7910,0.33593452,0.10227076,Philadelphia,34,5,704008
7911,0.49277133,0.065034322,Philadelphia,34,5,704009
7912,0.3337622,0.074316181,Philadelphia,34,5,704012
7913,0.55871737,0.069472536,Philadelphia,34,5,704013
7914,0.50411284,0.087729976,Philadelphia,34,5,704200
7915,0.41438055,0.085452504,Philadelphia,34,5,704302
7916,0.37042516,0.04555545,Philadelphia,34,5,704500
7917,0.28573006,0.017418243,Philadelphia,34,5,704600
7918,0.34858766,0.02138819,Philadelphia,34,5,704801
7919,0.30740786,0.048438381,Philadelphia,34,5,704802
7920,0.26506302,0.045947623,Philadelphia,34,5,982111
7921,0.28069007,0.012804889,Philadelphia,34,7,600200
7922,0.30191913,0.013624184,Philadelphia,34,7,600400
7923,0.22416721,0.020342061,Philadelphia,34,7,600700
7924,0.30163136,0.015866157,Philadelphia,34,7,600800
7925,0.27390593,0.016955506,Philadelphia,34,7,600900
7926,0.30030951,0.0143066,Philadelphia,34,7,601000
7927,0.30532077,0.016005065,Philadelphia,34,7,601101
7928,0.28446919,0.012767007,Philadelphia,34,7,601102
7929,0.31273279,0.010062336,Philadelphia,34,7,601200
7930,0.31982291,0.011262418,Philadelphia,34,7,601300
7931,0.30133697,0.0089489268,Philadelphia,34,7,601400
7932,0.31053925,0.0081193093,Philadelphia,34,7,601500
7933,0.29068226,0.011282439,Philadelphia,34,7,601600
7934,0.29226309,0.012397072,Philadelphia,34,7,601700
7935,0.28293601,0.016870979,Philadelphia,34,7,601800
7936,0.28265518,0.011540079,Philadelphia,34,7,601900
7937,0.2889666,0.010497191,Philadelphia,34,7,602000
7938,0.361045,0.02763091,Philadelphia,34,7,602503
7939,0.2971375,0.034864023,Philadelphia,34,7,602601
7940,0.36924577,0.034435809,Philadelphia,34,7,602602
7941,0.34306344,0.042420045,Philadelphia,34,7,602901
7942,0.41013131,0.040148407,Philadelphia,34,7,602902
7943,0.31036025,0.046574924,Philadelphia,34,7,603001
7944,0.3276706,0.020328429,Philadelphia,34,7,603002
7945,0.32390973,0.037504468,Philadelphia,34,7,603100
7946,0.38651887,0.03960342,Philadelphia,34,7,603200
7947,0.27589035,0.037510004,Philadelphia,34,7,603301
7948,0.36460429,0.051465195,Philadelphia,34,7,603302
7949,0.55145866,0.099188417,Philadelphia,34,7,603303
7950,0.36743167,0.059827887,Philadelphia,34,7,603400
7951,0.43907517,0.052375928,Philadelphia,34,7,603501
7952,0.49290991,0.084136471,Philadelphia,34,7,603505
7953,0.31422442,0.12840128,Philadelphia,34,7,603506
7954,0.38136125,0.099197574,Philadelphia,34,7,603507
7955,0.52086794,0.067515254,Philadelphia,34,7,603601
7956,0.328509,0.060485311,Philadelphia,34,7,603700
7957,0.3401807,0.02358046,Philadelphia,34,7,604100
7958,0.35255894,0.039025322,Philadelphia,34,7,604200
7959,0.52061224,0.081714824,Philadelphia,34,7,604300
7960,0.32498807,0.016644247,Philadelphia,34,7,606500
7961,0.24231817,0.039310828,Philadelphia,34,7,606700
7962,0.36773917,0.03977843,Philadelphia,34,7,607200
7963,0.29407024,0.023800548,Philadelphia,34,7,607300
7964,0.3100692,0.031762023,Philadelphia,34,7,607401
7965,0.44852436,0.057801839,Philadelphia,34,7,607402
7966,0.43716809,0.080840312,Philadelphia,34,7,607502
7967,0.4478128,0.048931688,Philadelphia,34,7,607503
7968,0.43443596,0.062500402,Philadelphia,34,7,607505
7969,0.37886024,0.039991308,Philadelphia,34,7,607506
7970,0.37592453,0.039281216,Philadelphia,34,7,607507
7971,0.3437891,0.020097898,Philadelphia,34,7,607701
7972,0.30689964,0.017689286,Philadelphia,34,7,607702
7973,0.35493138,0.019716004,Philadelphia,34,7,607801
7974,0.26656556,0.059624672,Philadelphia,34,7,607802
7975,0.32676193,0.049769912,Philadelphia,34,7,608001
7976,0.33281687,0.04214428,Philadelphia,34,7,608202
7977,0.31103262,0.093322866,Philadelphia,34,7,608205
7978,0.33481535,0.044113643,Philadelphia,34,7,608209
7979,0.40397185,0.031497382,Philadelphia,34,7,608210
7980,0.33966112,0.02996573,Philadelphia,34,7,608211
7981,0.38600713,0.045380015,Philadelphia,34,7,608302
7982,0.33547693,0.043939065,Philadelphia,34,7,608303
7983,0.26067209,0.042533785,Philadelphia,34,7,608304
7984,0.4154065,0.050367586,Philadelphia,34,7,608401
7985,0.35091141,0.061907429,Philadelphia,34,7,608402
7986,0.35432637,0.022957275,Philadelphia,34,7,608403
7987,0.3546935,0.027055211,Philadelphia,34,7,608404
7988,0.37367639,0.028516967,Philadelphia,34,7,608503
7989,0.42891657,0.039905157,Philadelphia,34,7,608504
7990,0.32773378,0.024922566,Philadelphia,34,7,608600
7991,0.38238367,0.076388851,Philadelphia,34,7,608700
7992,0.35137936,0.040412031,Philadelphia,34,7,608800
7993,0.38105726,0.047709446,Philadelphia,34,7,608901
7994,0.31134909,0.028170591,Philadelphia,34,7,609000
7995,0.34404477,0.029812144,Philadelphia,34,7,609103
7996,0.35123596,0.033308242,Philadelphia,34,7,609201
7997,0.29702181,0.014556495,Philadelphia,34,7,609202
7998,0.38640824,0.031583618,Philadelphia,34,7,609203
7999,0.37819293,0.015728148,Philadelphia,34,7,609204
8000,0.36389086,0.058573633,Philadelphia,34,7,609205
8001,0.31661496,0.025579792,Philadelphia,34,7,610300
8002,0.30906227,0.012739738,Philadelphia,34,7,610400
8003,0.35043067,0.018962236,Philadelphia,34,7,610500
8004,0.37298313,0.033798493,Philadelphia,34,7,610800
8005,0.23504609,0.042091418,Philadelphia,34,7,611200
8006,0.25395736,0.049921546,Philadelphia,34,7,611300
8007,0.38919872,0.044759281,Philadelphia,34,7,611400
8008,0.24960022,0.063880995,Philadelphia,34,7,611500
8009,0.34989402,0.029260144,Philadelphia,34,7,611600
8010,0.2923525,0.025902612,Philadelphia,34,9,20101
8011,0.24709687,0.028593658,Philadelphia,34,9,20500
8012,0.40700194,0.069721222,Philadelphia,34,9,21002
8013,0.3855007,0.038277157,Philadelphia,34,9,21100
8014,0.28186136,0.053090192,Philadelphia,34,9,21400
8015,0.34549436,0.030415967,Philadelphia,34,9,21500
8016,0.35632214,0.06354554,Philadelphia,34,9,21806
8017,0.3470538,0.074918672,Philadelphia,34,9,21900
8018,0.38400921,0.059035875,Philadelphia,34,9,22000
8019,0.31356376,0.026931239,Philadelphia,34,9,22102
8020,0.30395356,0.027018819,Philadelphia,34,11,10200
8021,0.28800443,0.0485311,Philadelphia,34,11,10301
8022,0.35870701,0.017995557,Philadelphia,34,11,10401
8023,0.34000853,0.082684182,Philadelphia,34,11,10600
8024,0.30103204,0.021225475,Philadelphia,34,11,10700
8025,0.29724497,0.052486558,Philadelphia,34,11,10800
8026,0.27446073,0.029630052,Philadelphia,34,11,20100
8027,0.31873271,0.0227025,Philadelphia,34,11,20200
8028,0.32383999,0.016080031,Philadelphia,34,11,20300
8029,0.30015168,0.029287126,Philadelphia,34,11,20400
8030,0.30606449,0.011556153,Philadelphia,34,11,20503
8031,0.33607849,0.026369577,Philadelphia,34,11,20600
8032,0.44717383,0.055743244,Philadelphia,34,11,30100
8033,0.29078209,0.017991794,Philadelphia,34,11,30200
8034,0.30870482,0.024436954,Philadelphia,34,11,30300
8035,0.28099176,0.020942686,Philadelphia,34,11,30400
8036,0.56018686,0.1016035,Philadelphia,34,11,30501
8037,0.31412768,0.03134086,Philadelphia,34,11,30502
8038,0.31848514,0.038046546,Philadelphia,34,11,40300
8039,0.33731011,0.028534887,Philadelphia,34,11,40400
8040,0.35208857,0.019404978,Philadelphia,34,11,40500
8041,0.31161338,0.019043226,Philadelphia,34,11,40600
8042,0.34277183,0.032592226,Philadelphia,34,11,40700
8043,0.42210963,0.063939407,Philadelphia,34,11,40800
8044,0.28290743,0.027597919,Philadelphia,34,11,40901
8045,0.28511763,0.026220247,Philadelphia,34,11,40902
8046,0.3147848,0.035798434,Philadelphia,34,11,41000
8047,0.30999982,0.02126894,Philadelphia,34,11,41100
8048,0.308063,0.026101379,Newark,34,13,100
8049,0.30178237,0.043446697,Newark,34,13,200
8050,0.25929588,0.027191376,Newark,34,13,300
8051,0.41652271,0.057155859,Newark,34,13,600
8052,0.32322982,0.012677248,Newark,34,13,700
8053,0.29154634,0.026187181,Newark,34,13,800
8054,0.32986957,0.014714071,Newark,34,13,900
8055,0.31006083,0.015686914,Newark,34,13,1000
8056,0.32654053,0.024047745,Newark,34,13,1100
8057,0.29710746,0.020050328,Newark,34,13,1300
8058,0.28561217,0.012996434,Newark,34,13,1400
8059,0.30744243,0.01525547,Newark,34,13,1500
8060,0.2919907,0.020076571,Newark,34,13,1600
8061,0.31684858,0.016855,Newark,34,13,1700
8062,0.31280053,0.015598018,Newark,34,13,1800
8063,0.3052457,0.01574431,Newark,34,13,1900
8064,0.36858952,0.012940657,Newark,34,13,2000
8065,0.36360863,0.016026372,Newark,34,13,2100
8066,0.40401691,0.014620279,Newark,34,13,2201
8067,0.38704857,0.015877157,Newark,34,13,2202
8068,0.36772048,0.013274116,Newark,34,13,2300
8069,0.3159872,0.011031037,Newark,34,13,2400
8070,0.3187058,0.011542952,Newark,34,13,2500
8071,0.30951434,0.019194726,Newark,34,13,2600
8072,0.32566428,0.018486772,Newark,34,13,2800
8073,0.35792771,0.018340979,Newark,34,13,3100
8074,0.30200395,0.01460863,Newark,34,13,3500
8075,0.30045629,0.015298609,Newark,34,13,3700
8076,0.30105439,0.014674027,Newark,34,13,3800
8077,0.32572442,0.014940802,Newark,34,13,3900
8078,0.32632321,0.013695791,Newark,34,13,4100
8079,0.32896507,0.013608592,Newark,34,13,4200
8080,0.29502925,0.01508583,Newark,34,13,4300
8081,0.34747759,0.020260863,Newark,34,13,4400
8082,0.33160236,0.014425656,Newark,34,13,4500
8083,0.32808703,0.013141464,Newark,34,13,4600
8084,0.32786804,0.010821673,Newark,34,13,4700
8085,0.39177957,0.019496234,Newark,34,13,4801
8086,0.2529051,0.013681531,Newark,34,13,4802
8087,0.33563894,0.012511126,Newark,34,13,4900
8088,0.32489115,0.013555202,Newark,34,13,5000
8089,0.30693316,0.015467835,Newark,34,13,5100
8090,0.35698247,0.021130117,Newark,34,13,5200
8091,0.33059931,0.016096374,Newark,34,13,5300
8092,0.3168585,0.010803411,Newark,34,13,5400
8093,0.27362093,0.020896843,Newark,34,13,5700
8094,0.32033056,0.014476005,Newark,34,13,6200
8095,0.32620066,0.029399863,Newark,34,13,6400
8096,0.31417358,0.013918793,Newark,34,13,6600
8097,0.33466884,0.018629689,Newark,34,13,6700
8098,0.22489858,0.026646735,Newark,34,13,6800
8099,0.37457719,0.03197493,Newark,34,13,7501
8100,0.29290393,0.030354114,Newark,34,13,7502
8101,0.34751639,0.032793622,Newark,34,13,8000
8102,0.34099358,0.013040167,Newark,34,13,8100
8103,0.27721551,0.015986951,Newark,34,13,8200
8104,0.21223167,0.029529041,Newark,34,13,8700
8105,0.35578796,0.052449435,Newark,34,13,8800
8106,0.2928659,0.035375249,Newark,34,13,8900
8107,0.35431021,0.021333599,Newark,34,13,9000
8108,0.43083996,0.050576754,Newark,34,13,9100
8109,0.32212394,0.02327984,Newark,34,13,9200
8110,0.36868274,0.024717139,Newark,34,13,9300
8111,0.32768977,0.023486909,Newark,34,13,9400
8112,0.31591308,0.027782334,Newark,34,13,9500
8113,0.29713088,0.017865464,Newark,34,13,9600
8114,0.32941273,0.024698103,Newark,34,13,9700
8115,0.31586704,0.017438201,Newark,34,13,9900
8116,0.37157321,0.017489946,Newark,34,13,10000
8117,0.36191121,0.018394575,Newark,34,13,10100
8118,0.39048606,0.017197603,Newark,34,13,10200
8119,0.34632698,0.013024321,Newark,34,13,10300
8120,0.34047788,0.010404265,Newark,34,13,10400
8121,0.37139022,0.010963481,Newark,34,13,10500
8122,0.34333971,0.0097105,Newark,34,13,10600
8123,0.34469652,0.013192261,Newark,34,13,10700
8124,0.32008871,0.014545435,Newark,34,13,10800
8125,0.33360028,0.012254647,Newark,34,13,10900
8126,0.35655999,0.011992522,Newark,34,13,11100
8127,0.33184797,0.011823297,Newark,34,13,11200
8128,0.36388016,0.011302885,Newark,34,13,11300
8129,0.3709341,0.014437762,Newark,34,13,11400
8130,0.37789732,0.01796856,Newark,34,13,11500
8131,0.35895297,0.014052244,Newark,34,13,11600
8132,0.38377416,0.015466294,Newark,34,13,11700
8133,0.35970193,0.016682191,Newark,34,13,11800
8134,0.369847,0.017527862,Newark,34,13,11900
8135,0.38000098,0.012192583,Newark,34,13,12000
8136,0.38058573,0.013718831,Newark,34,13,12100
8137,0.39155868,0.012440702,Newark,34,13,12200
8138,0.36841723,0.01252764,Newark,34,13,12300
8139,0.39438841,0.015097408,Newark,34,13,12400
8140,0.36051112,0.012295413,Newark,34,13,12500
8141,0.36179459,0.013222921,Newark,34,13,12600
8142,0.4121924,0.016762411,Newark,34,13,12700
8143,0.3519887,0.013372914,Newark,34,13,12800
8144,0.34378064,0.013107753,Newark,34,13,12900
8145,0.34809008,0.015040386,Newark,34,13,13000
8146,0.33842331,0.01513112,Newark,34,13,13100
8147,0.30472288,0.010746147,Newark,34,13,13200
8148,0.33347967,0.012788247,Newark,34,13,13300
8149,0.42000875,0.067319594,Newark,34,13,13400
8150,0.40085599,0.05948478,Newark,34,13,13600
8151,0.43572199,0.084012397,Newark,34,13,13700
8152,0.42138889,0.085704111,Newark,34,13,13900
8153,0.61041397,0.075622715,Newark,34,13,14300
8154,0.34227929,0.045449339,Newark,34,13,14400
8155,0.36356425,0.06768249,Newark,34,13,14500
8156,0.35257652,0.034928109,Newark,34,13,14600
8157,0.38034457,0.040444832,Newark,34,13,14700
8158,0.49664581,0.091532424,Newark,34,13,15000
8159,0.32423699,0.046166368,Newark,34,13,15100
8160,0.43307546,0.066702068,Newark,34,13,15200
8161,0.50409853,0.051374648,Newark,34,13,15300
8162,0.41888836,0.042595088,Newark,34,13,15400
8163,0.55059165,0.056609422,Newark,34,13,15500
8164,0.37610134,0.032160215,Newark,34,13,15600
8165,0.48548257,0.045046836,Newark,34,13,15700
8166,0.42569444,0.0415329,Newark,34,13,15800
8167,0.44581339,0.030750465,Newark,34,13,15900
8168,0.40117279,0.06053343,Newark,34,13,16000
8169,0.46888259,0.10801204,Newark,34,13,16100
8170,0.61177915,0.10346416,Newark,34,13,16200
8171,0.42326134,0.10571972,Newark,34,13,16300
8172,0.25312069,0.051741589,Newark,34,13,16400
8173,0.38143721,0.049639001,Newark,34,13,16500
8174,0.40318775,0.024549907,Newark,34,13,16600
8175,0.36872324,0.023102283,Newark,34,13,16700
8176,0.35775146,0.022292448,Newark,34,13,16800
8177,0.47985807,0.055567361,Newark,34,13,16900
8178,0.39240783,0.030858373,Newark,34,13,17000
8179,0.38673607,0.020620173,Newark,34,13,17100
8180,0.41656351,0.025029795,Newark,34,13,17200
8181,0.40736374,0.097221427,Newark,34,13,17301
8182,0.37136254,0.047503348,Newark,34,13,17302
8183,0.51884526,0.056754392,Newark,34,13,17400
8184,0.36010468,0.038246691,Newark,34,13,17500
8185,0.40654352,0.026259812,Newark,34,13,17600
8186,0.36725906,0.023325935,Newark,34,13,17700
8187,0.41553298,0.030245494,Newark,34,13,17800
8188,0.41876426,0.039238647,Newark,34,13,17900
8189,0.47486046,0.046575096,Newark,34,13,18000
8190,0.34525415,0.020048523,Newark,34,13,18100
8191,0.36380786,0.014024845,Newark,34,13,18200
8192,0.37704849,0.012734319,Newark,34,13,18300
8193,0.33868238,0.015343932,Newark,34,13,18400
8194,0.33827704,0.016496254,Newark,34,13,18600
8195,0.40259379,0.012503913,Newark,34,13,18700
8196,0.38923132,0.016063565,Newark,34,13,18800
8197,0.37031052,0.015073336,Newark,34,13,18900
8198,0.55767387,0.082691394,Newark,34,13,19000
8199,0.41941881,0.03133956,Newark,34,13,19100
8200,0.43028376,0.033424553,Newark,34,13,19200
8201,0.41589102,0.030576138,Newark,34,13,19300
8202,0.29238844,0.053095661,Newark,34,13,19500
8203,0.43077579,0.024036169,Newark,34,13,19600
8204,0.39705357,0.018630497,Newark,34,13,19700
8205,0.35640517,0.039241891,Newark,34,13,19800
8206,0.52739668,0.07787624,Newark,34,13,20200
8207,0.37089542,0.09884651,Newark,34,13,20600
8208,0.23347592,0.12905094,Newark,34,13,20800
8209,0.39022014,0.097511835,Newark,34,13,21100
8210,0.30292845,0.013888624,Newark,34,13,22700
8211,0.29105422,0.013211603,Newark,34,13,22800
8212,0.34991154,0.018862473,Newark,34,13,22900
8213,0.32900494,0.014177915,Newark,34,13,23000
8214,0.32402888,0.014344492,Newark,34,13,23100
8215,0.32241926,0.013116498,Newark,34,13,23200
8216,0.29767397,0.049571447,Philadelphia,34,15,500202
8217,0.23334923,0.084829435,Philadelphia,34,15,500203
8218,0.36625949,0.058294792,Philadelphia,34,15,500204
8219,0.33906493,0.050665695,Philadelphia,34,15,500205
8220,0.30755755,0.017799746,Philadelphia,34,15,500400
8221,0.39104736,0.067166701,Philadelphia,34,15,500500
8222,0.39101982,0.078894854,Philadelphia,34,15,500600
8223,0.32970899,0.064641915,Philadelphia,34,15,500701
8224,0.32178864,0.038703732,Philadelphia,34,15,501001
8225,0.3165369,0.017745985,Philadelphia,34,15,501002
8226,0.24071442,0.025723191,Philadelphia,34,15,501003
8227,0.31966308,0.032359067,Philadelphia,34,15,501101
8228,0.35987663,0.043537088,Philadelphia,34,15,501102
8229,0.39605534,0.08488366,Philadelphia,34,15,501103
8230,0.338658,0.057258219,Philadelphia,34,15,501104
8231,0.42378756,0.057666283,Philadelphia,34,15,501105
8232,0.35473597,0.028139504,Philadelphia,34,15,501106
8233,0.095285684,0.15265496,Philadelphia,34,15,501201
8234,0.44982019,0.096219935,Philadelphia,34,15,501202
8235,0.45030934,0.1138225,Philadelphia,34,15,501205
8236,0.47174075,0.091679439,Philadelphia,34,15,501206
8237,0.29166511,0.040758312,Philadelphia,34,15,501209
8238,0.39954671,0.072734304,Philadelphia,34,15,501210
8239,0.36692998,0.045495313,Philadelphia,34,15,501212
8240,0.47528014,0.084144339,Philadelphia,34,15,501213
8241,0.29285389,0.019052781,Philadelphia,34,15,501402
8242,0.35021165,0.026962582,Philadelphia,34,15,501403
8243,0.32825756,0.046122171,Philadelphia,34,15,501405
8244,0.36691549,0.037764676,Philadelphia,34,15,501406
8245,0.37795362,0.025640499,Philadelphia,34,15,501500
8246,0.30757701,0.034694526,Philadelphia,34,15,501603
8247,0.33567506,0.030652035,Philadelphia,34,15,501604
8248,0.32892072,0.041727941,Philadelphia,34,15,501605
8249,0.38017091,0.037436064,Philadelphia,34,15,501606
8250,0.3562741,0.065507062,Philadelphia,34,15,501608
8251,0.45523834,0.061491031,Philadelphia,34,15,501609
8252,0.3190707,0.049659654,Philadelphia,34,15,501701
8253,0.34927005,0.059768293,Philadelphia,34,15,501703
8254,0.36658061,0.044970077,Philadelphia,34,15,501900
8255,0.3845306,0.10215995,Philadelphia,34,15,502001
8256,0.57320029,0.078668334,Philadelphia,34,15,502200
8257,0.33717138,0.038154092,Philadelphia,34,15,502300
8258,0.35681519,0.042066086,Philadelphia,34,15,502400
8259,0.50015968,0.07969261,Newark,34,17,100
8260,0.36030248,0.041859444,Newark,34,17,200
8261,0.43376982,0.068773359,Newark,34,17,600
8262,0.4233855,0.064313762,Newark,34,17,700
8263,0.38400739,0.05116272,Newark,34,17,800
8264,0.36178088,0.04571519,Newark,34,17,902
8265,0.34281385,0.051494572,Newark,34,17,1100
8266,0.30698225,0.038199272,Newark,34,17,1202
8267,0.31737906,0.040165752,Newark,34,17,1300
8268,0.41564858,0.047054514,Newark,34,17,1400
8269,0.31990397,0.021462185,Newark,34,17,1701
8270,0.34032831,0.028354961,Newark,34,17,1800
8271,0.41072962,0.043865353,Newark,34,17,2000
8272,0.35030723,0.063655682,Newark,34,17,2400
8273,0.32674789,0.015054672,Newark,34,17,2700
8274,0.38826874,0.030877201,Newark,34,17,2800
8275,0.41666207,0.043863311,Newark,34,17,2900
8276,0.30277777,0.024280911,Newark,34,17,3000
8277,0.32276943,0.032335382,Newark,34,17,3100
8278,0.34773636,0.039023831,Newark,34,17,3500
8279,0.35445508,0.027283872,Newark,34,17,4000
8280,0.33056086,0.014317285,Newark,34,17,4101
8281,0.32496905,0.016460281,Newark,34,17,4102
8282,0.32455721,0.01561766,Newark,34,17,4200
8283,0.30411437,0.016945733,Newark,34,17,4300
8284,0.33324391,0.017172547,Newark,34,17,4400
8285,0.3380537,0.01502424,Newark,34,17,4500
8286,0.29366934,0.019810388,Newark,34,17,4600
8287,0.33347523,0.025309319,Newark,34,17,4700
8288,0.35112709,0.030064823,Newark,34,17,4800
8289,0.38189864,0.01900663,Newark,34,17,4900
8290,0.35152075,0.01547536,Newark,34,17,5200
8291,0.30786389,0.015313971,Newark,34,17,5300
8292,0.33813876,0.019842552,Newark,34,17,5400
8293,0.2983256,0.015138387,Newark,34,17,5500
8294,0.35381052,0.022754679,Newark,34,17,5600
8295,0.3117359,0.01110539,Newark,34,17,5801
8296,0.38698792,0.028891822,Newark,34,17,5900
8297,0.36015734,0.015470183,Newark,34,17,6000
8298,0.32435831,0.016715892,Newark,34,17,6100
8299,0.28819177,0.019543394,Newark,34,17,6200
8300,0.34723288,0.020863045,Newark,34,17,6300
8301,0.48874289,0.066960052,Newark,34,17,6400
8302,0.28948936,0.037748158,Newark,34,17,6500
8303,0.31039518,0.011696552,Newark,34,17,6700
8304,0.31250483,0.0090387696,Newark,34,17,6800
8305,0.29039511,0.023502192,Newark,34,17,7000
8306,0.37923545,0.040326532,Newark,34,17,7100
8307,0.44383818,0.074370347,Newark,34,17,7200
8308,0.33184972,0.045183994,Newark,34,17,7500
8309,0.41818908,0.053370189,Newark,34,17,7700
8310,0.34381685,0.042934775,Newark,34,17,7800
8311,0.50483972,0.090008147,Newark,34,17,10100
8312,0.30837271,0.050246939,Newark,34,17,10300
8313,0.37888381,0.048039954,Newark,34,17,10400
8314,0.36467251,0.064676508,Newark,34,17,10600
8315,0.37246564,0.04783522,Newark,34,17,10700
8316,0.37953204,0.058462586,Newark,34,17,10900
8317,0.26853299,0.033846002,Newark,34,17,11000
8318,0.34598809,0.040671561,Newark,34,17,11100
8319,0.28320301,0.059436698,Newark,34,17,11300
8320,0.37003833,0.028013263,Newark,34,17,11600
8321,0.55521238,0.084289506,Newark,34,17,17800
8322,0.34106272,0.029506607,Newark,34,17,19000
8323,0.28133446,0.024617987,Newark,34,21,100
8324,0.32922417,0.022898953,Newark,34,21,200
8325,0.35936341,0.033079714,Newark,34,21,300
8326,0.30522096,0.026450938,Newark,34,21,400
8327,0.34412214,0.029665671,Newark,34,21,500
8328,0.30835262,0.027339246,Newark,34,21,600
8329,0.29676381,0.041865017,Newark,34,21,700
8330,0.28852323,0.026080092,Newark,34,21,800
8331,0.3182776,0.015501336,Newark,34,21,900
8332,0.34681451,0.019852392,Newark,34,21,1000
8333,0.35560372,0.016927861,Newark,34,21,1101
8334,0.30869681,0.010623619,Newark,34,21,1102
8335,0.36242667,0.014529263,Newark,34,21,1200
8336,0.35402855,0.016459012,Newark,34,21,1300
8337,0.31189546,0.010352331,Newark,34,21,1401
8338,0.30160823,0.011008177,Newark,34,21,1402
8339,0.27812088,0.01017806,Newark,34,21,1500
8340,0.29549873,0.016546851,Newark,34,21,1600
8341,0.29659536,0.0095455926,Newark,34,21,1700
8342,0.27608374,0.017937094,Newark,34,21,1800
8343,0.26598674,0.014772848,Newark,34,21,1900
8344,0.29709816,0.015101293,Newark,34,21,2000
8345,0.31146914,0.010671837,Newark,34,21,2100
8346,0.31219169,0.0095257098,Newark,34,21,2200
8347,0.41213283,0.039322782,Newark,34,21,2500
8348,0.37201825,0.025114972,Newark,34,21,2601
8349,0.38761318,0.033024576,Newark,34,21,2602
8350,0.3858709,0.041750968,Newark,34,21,2701
8351,0.44210565,0.04082505,Newark,34,21,2702
8352,0.35951677,0.015798723,Newark,34,21,2800
8353,0.36213043,0.024808101,Newark,34,21,2902
8354,0.53978586,0.11350412,Newark,34,21,2904
8355,0.36583254,0.044490054,Newark,34,21,3001
8356,0.22350483,0.062476724,Newark,34,21,3004
8357,0.43205836,0.064146332,Newark,34,21,3009
8358,0.4692615,0.050920755,Newark,34,21,3100
8359,0.35188016,0.023770718,Newark,34,21,3201
8360,0.47196931,0.080787145,Newark,34,21,3202
8361,0.49472868,0.063629299,Newark,34,21,3301
8362,0.32382634,0.032283615,Newark,34,21,3302
8363,0.34376743,0.022147188,Newark,34,21,3400
8364,0.37676618,0.020540647,Newark,34,21,3500
8365,0.3098073,0.028287372,Newark,34,21,3601
8366,0.42370844,0.036117777,Newark,34,21,3602
8367,0.32837525,0.035089493,Newark,34,21,3703
8368,0.36873272,0.034955863,Newark,34,21,3705
8369,0.50280279,0.041232441,Newark,34,21,3706
8370,0.36344102,0.042622559,Newark,34,21,4000
8371,0.41531673,0.038370099,Newark,34,21,4201
8372,0.17618448,0.11680174,Newark,34,21,4301
8373,0.4944984,0.11703145,Newark,34,21,4307
8374,0.25119796,0.076710179,Newark,34,21,4310
8375,0.46601191,0.058575433,Newark,34,21,4403
8376,0.42222074,0.035556633,Newark,34,21,4404
8377,0.42145684,0.062456843,Newark,34,21,4405
8378,0.24946485,0.066885196,Newark,34,21,4406
8379,0.43402895,0.051466633,Newark,34,21,4407
8380,0.3113457,0.047441673,Newark,34,23,200
8381,0.45105213,0.066269077,Newark,34,23,300
8382,0.44731197,0.068661429,Newark,34,23,401
8383,0.27993864,0.04815523,Newark,34,23,403
8384,0.41028219,0.037108958,Newark,34,23,404
8385,0.35981715,0.02065099,Newark,34,23,501
8386,0.47734123,0.02560994,Newark,34,23,502
8387,0.37501419,0.071086839,Newark,34,23,603
8388,0.40828863,0.031611267,Newark,34,23,606
8389,0.43215579,0.057157252,Newark,34,23,608
8390,0.46123114,0.070808455,Newark,34,23,701
8391,0.51135176,0.041893221,Newark,34,23,702
8392,0.28559521,0.046593662,Newark,34,23,801
8393,0.34356764,0.10685103,Newark,34,23,802
8394,0.4730112,0.057096332,Newark,34,23,902
8395,0.53863907,0.11501371,Newark,34,23,1001
8396,0.42998073,0.050425902,Newark,34,23,1002
8397,0.53385925,0.067508936,Newark,34,23,1100
8398,0.35642341,0.029276166,Newark,34,23,1200
8399,0.42815116,0.075164124,Newark,34,23,1410
8400,0.26996243,0.051862154,Newark,34,23,1411
8401,0.29560542,0.027064692,Newark,34,23,1413
8402,0.35062885,0.087414719,Newark,34,23,1414
8403,0.31177416,0.058460604,Newark,34,23,1416
8404,0.4001005,0.061352439,Newark,34,23,1502
8405,0.39845943,0.040237959,Newark,34,23,1504
8406,0.52600902,0.050611842,Newark,34,23,1505
8407,0.4102115,0.034488238,Newark,34,23,1506
8408,0.44754443,0.051513616,Newark,34,23,1600
8409,0.36936218,0.064656518,Newark,34,23,1701
8410,0.45716408,0.11363753,Newark,34,23,1702
8411,0.44799462,0.0794788,Newark,34,23,1803
8412,0.52924263,0.065454774,Newark,34,23,1804
8413,0.38766727,0.055622291,Newark,34,23,1805
8414,0.40268299,0.047383338,Newark,34,23,1901
8415,0.36618114,0.073009565,Newark,34,23,1903
8416,0.33114642,0.056083743,Newark,34,23,2000
8417,0.2019309,0.061547723,Newark,34,23,2200
8418,0.40849268,0.086831942,Newark,34,23,2301
8419,0.52795649,0.069429301,Newark,34,23,2401
8420,0.36985621,0.083020009,Newark,34,23,2500
8421,0.45221344,0.065506026,Newark,34,23,2603
8422,0.50963449,0.054299407,Newark,34,23,2604
8423,0.30749077,0.030290551,Newark,34,23,2701
8424,0.49449581,0.04940673,Newark,34,23,2703
8425,0.35708317,0.050913334,Newark,34,23,3001
8426,0.33853444,0.041692186,Newark,34,23,3002
8427,0.37623715,0.10873209,Newark,34,23,3101
8428,0.3893227,0.041377164,Newark,34,23,3102
8429,0.39335659,0.036351733,Newark,34,23,3300
8430,0.19421598,0.098146051,Newark,34,23,3401
8431,0.40978843,0.085157938,Newark,34,23,3500
8432,0.4107362,0.042333834,Newark,34,23,3600
8433,0.57352537,0.055442214,Newark,34,23,3700
8434,0.36748788,0.028871275,Newark,34,23,3800
8435,0.33716542,0.030268047,Newark,34,23,4000
8436,0.31358612,0.055541214,Newark,34,23,4200
8437,0.23581727,0.04337237,Newark,34,23,4300
8438,0.34732512,0.053745635,Newark,34,23,4400
8439,0.28493962,0.030219888,Newark,34,23,4500
8440,0.32750201,0.043383118,Newark,34,23,4600
8441,0.47144955,0.073143557,Newark,34,23,4700
8442,0.29068363,0.028916594,Newark,34,23,4800
8443,0.33294088,0.043578595,Newark,34,23,4900
8444,0.38973561,0.050845478,Newark,34,23,5000
8445,0.34895507,0.10253166,Newark,34,23,5100
8446,0.30185202,0.058976356,Newark,34,23,5200
8447,0.36557943,0.034896698,Newark,34,23,5300
8448,0.33233446,0.016819565,Newark,34,23,5500
8449,0.3009958,0.028588202,Newark,34,23,5601
8450,0.28929535,0.017131675,Newark,34,23,5602
8451,0.34445727,0.02184812,Newark,34,23,5700
8452,0.27928546,0.017976744,Newark,34,23,5800
8453,0.46097809,0.049947791,Newark,34,23,6001
8454,0.33103955,0.030074798,Newark,34,23,6002
8455,0.36065561,0.073235996,Newark,34,23,6101
8456,0.38776252,0.042108312,Newark,34,23,6103
8457,0.34285322,0.033220049,Newark,34,23,6104
8458,0.43697068,0.08493638,Newark,34,23,6203
8459,0.29222396,0.055622119,Newark,34,23,6204
8460,0.34993622,0.03019543,Newark,34,23,6205
8461,0.41422868,0.022611771,Newark,34,23,6207
8462,0.5555864,0.084627591,Newark,34,23,6500
8463,0.46647778,0.15385371,Newark,34,23,6604
8464,0.35611328,0.089912184,Newark,34,23,6605
8465,0.40646386,0.10640553,Newark,34,23,6703
8466,0.29954046,0.063077867,Newark,34,23,6800
8467,0.33766159,0.064909503,Newark,34,23,6900
8468,0.38867107,0.052937653,Newark,34,23,7000
8469,0.40196398,0.085748263,Newark,34,23,7101
8470,0.37747541,0.022921063,Newark,34,23,7103
8471,0.22088942,0.081078984,Newark,34,23,7202
8472,0.43307328,0.046031069,Newark,34,23,7203
8473,0.34533823,0.041125696,Newark,34,23,7304
8474,0.50421888,0.082453579,Newark,34,23,7402
8475,0.48963553,0.088356815,Newark,34,23,7801
8476,0.31244051,0.14945444,Newark,34,23,7804
8477,0.20529531,0.11312609,Newark,34,23,7805
8478,0.44024739,0.11314685,Newark,34,23,7907
8479,0.48116571,0.030744217,Newark,34,23,7908
8480,0.45638704,0.066855922,Newark,34,23,7912
8481,0.38507038,0.052837335,Newark,34,23,8001
8482,0.31650373,0.068460837,Newark,34,23,8208
8483,0.31676638,0.040134892,Newark,34,23,8300
8484,0.4571802,0.045071654,Newark,34,23,8403
8485,0.29500139,0.084817119,Newark,34,23,8404
8486,0.47494742,0.07721889,Newark,34,23,8405
8487,0.34524867,0.10907407,Newark,34,23,8406
8488,0.39830565,0.035992231,Newark,34,23,8501
8489,0.5712443,0.11264636,Newark,34,23,8502
8490,0.54061466,0.044820629,Newark,34,23,8503
8491,0.49943301,0.091530994,Newark,34,23,8504
8492,0.48046708,0.13620061,Newark,34,23,8601
8493,0.3150979,0.066405751,Newark,34,23,8602
8494,0.2827234,0.042731643,Newark,34,23,8604
8495,0.4396455,0.05716376,Newark,34,23,8605
8496,0.35415071,0.047705084,Newark,34,23,8606
8497,0.61731559,0.12183622,Newark,34,23,8800
8498,0.46793908,0.036461424,Newark,34,23,8900
8499,0.44328949,0.044081058,Newark,34,23,9000
8500,0.33886847,0.093254082,Newark,34,23,9200
8501,0.31542024,0.017598903,Newark,34,23,9300
8502,0.30387422,0.045933016,Newark,34,23,9400
8503,0.38936839,0.068737291,Newark,34,27,41100
8504,0.3362895,0.068437956,Newark,34,27,41701
8505,0.38680899,0.09011887,Newark,34,27,41704
8506,0.39734656,0.083579428,Newark,34,27,41706
8507,0.47311267,0.059409887,Newark,34,27,41801
8508,0.35970953,0.063491233,Newark,34,27,43000
8509,0.40615386,0.040055599,Newark,34,27,43301
8510,0.23513919,0.085324556,Newark,34,27,43401
8511,0.35416397,0.023026034,Newark,34,27,43500
8512,0.33120695,0.043678392,Newark,34,27,43600
8513,0.29306319,0.056412142,Newark,34,27,43700
8514,0.3310754,0.038026176,Newark,34,27,43800
8515,0.19767556,0.094642535,Newark,34,27,44300
8516,0.25585675,0.062284216,Newark,34,27,44401
8517,0.29672408,0.084748037,Newark,34,27,44501
8518,0.44352326,0.16724925,Newark,34,27,44502
8519,0.45674139,0.046525348,Newark,34,27,44800
8520,0.3225503,0.040363938,Newark,34,27,44900
8521,0.28632167,0.04019098,Newark,34,27,45000
8522,0.51672232,0.080249146,Newark,34,27,45100
8523,0.38571551,0.080172442,Newark,34,27,45402
8524,0.3390919,0.052052114,Newark,34,27,45602
8525,0.44314781,0.05928871,Newark,34,27,45603
8526,0.28166837,0.15257107,Newark,34,27,45703
8527,0.43408844,0.068411149,Newark,34,27,46103
8528,0.35591298,0.050597284,Newark,34,27,46105
8529,0.29702988,0.10148188,Newark,34,27,46106
8530,0.35110372,0.083037801,Newark,34,27,46300
8531,0.51371735,0.094347477,Newark,34,31,124321
8532,0.43045855,0.082078829,Newark,34,31,124323
8533,0.17068043,0.082958892,Newark,34,31,124402
8534,0.30179074,0.045491692,Newark,34,31,124500
8535,0.25139534,0.054117929,Newark,34,31,124601
8536,0.36751068,0.057627317,Newark,34,31,124700
8537,0.41169754,0.078604899,Newark,34,31,124800
8538,0.36028129,0.067681171,Newark,34,31,124900
8539,0.3920168,0.067369729,Newark,34,31,125000
8540,0.27232268,0.052114312,Newark,34,31,125100
8541,0.40953824,0.056479771,Newark,34,31,133701
8542,0.3380962,0.027305832,Newark,34,31,175200
8543,0.25165275,0.027221981,Newark,34,31,175302
8544,0.27609429,0.020623267,Newark,34,31,175401
8545,0.32864803,0.021602875,Newark,34,31,175402
8546,0.33126619,0.01939683,Newark,34,31,175500
8547,0.32650873,0.02886638,Newark,34,31,175602
8548,0.30631495,0.040357247,Newark,34,31,175701
8549,0.29737303,0.040716756,Newark,34,31,175703
8550,0.32039461,0.05428366,Newark,34,31,175704
8551,0.42228037,0.044587929,Newark,34,31,175801
8552,0.29186267,0.021014361,Newark,34,31,175802
8553,0.27165878,0.044974208,Newark,34,31,175900
8554,0.37305874,0.038398903,Newark,34,31,180100
8555,0.34903887,0.021876125,Newark,34,31,180201
8556,0.33062208,0.028432053,Newark,34,31,180202
8557,0.29716951,0.016390437,Newark,34,31,180300
8558,0.32059789,0.017525097,Newark,34,31,180600
8559,0.27939251,0.0156583,Newark,34,31,180700
8560,0.30773845,0.019378167,Newark,34,31,180800
8561,0.33262661,0.03176504,Newark,34,31,180900
8562,0.30408901,0.025679616,Newark,34,31,181000
8563,0.3447651,0.019000966,Newark,34,31,181100
8564,0.2985906,0.012822759,Newark,34,31,181200
8565,0.3151457,0.011442798,Newark,34,31,181300
8566,0.26819277,0.011109757,Newark,34,31,181400
8567,0.28435317,0.014048641,Newark,34,31,181500
8568,0.26618421,0.016356865,Newark,34,31,181702
8569,0.32643226,0.040088419,Newark,34,31,181800
8570,0.37551048,0.050789464,Newark,34,31,181900
8571,0.3020252,0.049829584,Newark,34,31,182000
8572,0.29805583,0.042462796,Newark,34,31,182100
8573,0.28078642,0.027428644,Newark,34,31,182200
8574,0.19723734,0.035647374,Newark,34,31,182301
8575,0.28468469,0.014557171,Newark,34,31,182302
8576,0.35449994,0.015240442,Newark,34,31,182400
8577,0.33316728,0.013536969,Newark,34,31,182500
8578,0.34484208,0.016179359,Newark,34,31,182600
8579,0.38599885,0.037484307,Newark,34,31,182700
8580,0.31713882,0.045408431,Newark,34,31,182800
8581,0.23611318,0.028274626,Newark,34,31,182900
8582,0.39585063,0.053378917,Newark,34,31,183000
8583,0.32492393,0.030874521,Newark,34,31,183101
8584,0.41726416,0.046149604,Newark,34,31,183102
8585,0.27725843,0.017280476,Newark,34,31,183200
8586,0.41527724,0.038210277,Newark,34,31,203600
8587,0.3125833,0.079726189,Newark,34,31,216701
8588,0.36471793,0.073262148,Newark,34,31,264102
8589,0.3060334,0.011968604,Newark,34,31,264200
8590,0.31230006,0.025049821,Philadelphia,34,33,20200
8591,0.32362866,0.022414556,Philadelphia,34,33,20300
8592,0.34836781,0.036698192,Philadelphia,34,33,20400
8593,0.35220772,0.038746469,Philadelphia,34,33,20500
8594,0.41423157,0.075519733,Philadelphia,34,33,20700
8595,0.38624981,0.049959108,Philadelphia,34,33,20800
8596,0.40302536,0.038413156,Philadelphia,34,33,21102
8597,0.40840864,0.046885073,Philadelphia,34,33,21202
8598,0.32179278,0.069344945,Philadelphia,34,33,21300
8599,0.31409681,0.02028708,Philadelphia,34,33,21900
8600,0.32156157,0.018945979,Philadelphia,34,33,22000
8601,0.32880944,0.023839217,Philadelphia,34,33,22100
8602,0.47322431,0.069919817,Newark,34,35,50100
8603,0.33487052,0.037549891,Newark,34,35,50200
8604,0.31898516,0.030602941,Newark,34,35,50400
8605,0.32125622,0.043923747,Newark,34,35,51000
8606,0.41163865,0.055539478,Newark,34,35,51200
8607,0.315321,0.042870879,Newark,34,35,51700
8608,0.37557346,0.050466776,Newark,34,35,51800
8609,0.3849124,0.058546603,Newark,34,35,51900
8610,0.30556867,0.042008281,Newark,34,35,52001
8611,0.31500742,0.034517683,Newark,34,35,52002
8612,0.33217981,0.10635694,Newark,34,35,52903
8613,0.32708454,0.048180211,Newark,34,35,53000
8614,0.4361223,0.049974319,Newark,34,35,53102
8615,0.36381727,0.034465183,Newark,34,35,53103
8616,0.46999028,0.04459459,Newark,34,35,53105
8617,0.36051744,0.014378484,Newark,34,35,53200
8618,0.31198823,0.018153852,Newark,34,35,53300
8619,0.39158082,0.047787059,Newark,34,35,53402
8620,0.35638186,0.0325289,Newark,34,35,53403
8621,0.39029369,0.023618925,Newark,34,35,53404
8622,0.36701494,0.10287355,Newark,34,35,53501
8623,0.4740814,0.062811464,Newark,34,35,53705
8624,0.56993586,0.096299089,Newark,34,35,53706
8625,0.60779607,0.071364231,Newark,34,35,53804
8626,0.33297491,0.15213019,Newark,34,35,54100
8627,0.36723989,0.049461674,Newark,34,35,54300
8628,0.50083244,0.093806684,Newark,34,37,374800
8629,0.30852172,0.022923997,Newark,34,39,30200
8630,0.27970392,0.017556541,Newark,34,39,30400
8631,0.30187666,0.028432619,Newark,34,39,30500
8632,0.26978725,0.029315781,Newark,34,39,30600
8633,0.33837,0.030601529,Newark,34,39,30702
8634,0.34530717,0.044879366,Newark,34,39,30802
8635,0.42350867,0.071593419,Newark,34,39,30900
8636,0.3790274,0.039475616,Newark,34,39,31000
8637,0.32140306,0.026804941,Newark,34,39,31100
8638,0.31285596,0.013044802,Newark,34,39,31200
8639,0.31342593,0.015745122,Newark,34,39,31300
8640,0.37857607,0.013806999,Newark,34,39,31400
8641,0.34942648,0.031874966,Newark,34,39,31500
8642,0.39000356,0.029710947,Newark,34,39,31601
8643,0.38857126,0.038085103,Newark,34,39,31602
8644,0.35267544,0.014965788,Newark,34,39,31700
8645,0.39861459,0.037826691,Newark,34,39,31801
8646,0.36661127,0.035140101,Newark,34,39,31802
8647,0.39128959,0.041642021,Newark,34,39,31903
8648,0.32549518,0.047219597,Newark,34,39,31904
8649,0.38626203,0.039355505,Newark,34,39,32001
8650,0.32339919,0.061851561,Newark,34,39,32002
8651,0.37096867,0.013614489,Newark,34,39,32200
8652,0.3900336,0.024666138,Newark,34,39,32300
8653,0.40942594,0.022211449,Newark,34,39,32400
8654,0.47297752,0.032362193,Newark,34,39,32500
8655,0.4146232,0.019758677,Newark,34,39,32600
8656,0.4694258,0.02776704,Newark,34,39,32700
8657,0.39496914,0.019005839,Newark,34,39,32800
8658,0.35156044,0.056056771,Newark,34,39,32901
8659,0.28145343,0.11437897,Newark,34,39,32902
8660,0.50758833,0.064590879,Newark,34,39,33000
8661,0.41761121,0.038394101,Newark,34,39,33100
8662,0.40981621,0.043966547,Newark,34,39,33200
8663,0.41402975,0.079831995,Newark,34,39,33300
8664,0.55279803,0.075889058,Newark,34,39,33500
8665,0.39918777,0.076597929,Newark,34,39,33600
8666,0.342619,0.070680313,Newark,34,39,33700
8667,0.31300688,0.058301065,Newark,34,39,33800
8668,0.42165041,0.021881919,Newark,34,39,34000
8669,0.37510732,0.023716597,Newark,34,39,34100
8670,0.40568116,0.021625273,Newark,34,39,34200
8671,0.3460798,0.027142601,Newark,34,39,34300
8672,0.38199919,0.015288761,Newark,34,39,34400
8673,0.41511971,0.031132005,Newark,34,39,34500
8674,0.37218717,0.015992926,Newark,34,39,34600
8675,0.41172582,0.039579887,Newark,34,39,34700
8676,0.4657909,0.16597663,Newark,34,39,34800
8677,0.46086955,0.058511544,Newark,34,39,34900
8678,0.39637938,0.02968692,Newark,34,39,35100
8679,0.36500236,0.074178986,Newark,34,39,35200
8680,0.38517398,0.036924973,Newark,34,39,35300
8681,0.34122378,0.045306351,Newark,34,39,35400
8682,0.40995717,0.027868781,Newark,34,39,35500
8683,0.49962282,0.084101938,Newark,34,39,35600
8684,0.38760987,0.040272325,Newark,34,39,35700
8685,0.34637922,0.024530856,Newark,34,39,35800
8686,0.33200702,0.033687115,Newark,34,39,35900
8687,0.35539803,0.017852748,Newark,34,39,36000
8688,0.25448108,0.030166745,Newark,34,39,36600
8689,0.40358773,0.081863895,Newark,34,39,37300
8690,0.51730263,0.091611408,Newark,34,39,37400
8691,0.37469935,0.069664925,Newark,34,39,37602
8692,0.42161134,0.080373608,Newark,34,39,37700
8693,0.35821971,0.054764595,Newark,34,39,37800
8694,0.38444534,0.053932082,Newark,34,39,38000
8695,0.38131395,0.034797166,Newark,34,39,38400
8696,0.44883198,0.059086386,Newark,34,39,38500
8697,0.30981714,0.045969713,Newark,34,39,38601
8698,0.56758142,0.068095908,Newark,34,39,38700
8699,0.37011304,0.016653461,Newark,34,39,38800
8700,0.32377288,0.012921666,Newark,34,39,38900
8701,0.33869341,0.017960563,Newark,34,39,39000
8702,0.3914111,0.031930584,Newark,34,39,39100
8703,0.37687427,0.018896431,Newark,34,39,39200
8704,0.31672058,0.012729632,Newark,34,39,39300
8705,0.35047814,0.015747802,Newark,34,39,39400
8706,0.32197937,0.011649925,Newark,34,39,39500
8707,0.3833847,0.022246139,Newark,34,39,39600
8708,0.36352098,0.016970187,Newark,34,39,39700
8709,0.21128689,0.02932106,Newark,34,39,39800
8710,0.30557117,0.029251965,Newark,34,39,39900
8711,0.38442695,0.064383909,Newark,34,41,30700
8712,0.26393172,0.054037768,Newark,34,41,30800
8713,0.18921641,0.056909021,Newark,34,41,30900
8714,0.25141388,0.042916372,Newark,34,41,31500
8715,0.28240448,0.053007945,Newark,34,41,32000
8716,0.34257796,0.095643073,Newark,34,41,32200
8717,0.39208803,0.037388798,New York,36,5,200
8718,0.40651262,0.04102676,New York,36,5,400
8719,0.37922508,0.020729482,New York,36,5,1600
8720,0.30213848,0.05448598,New York,36,5,1900
8721,0.33451158,0.012700705,New York,36,5,2000
8722,0.34306499,0.022314213,New York,36,5,2300
8723,0.30178815,0.02178544,New York,36,5,2500
8724,0.30959645,0.024519769,New York,36,5,2701
8725,0.34184384,0.026869269,New York,36,5,2702
8726,0.38612273,0.014856438,New York,36,5,2800
8727,0.39708519,0.050489031,New York,36,5,3100
8728,0.23660494,0.023282129,New York,36,5,3300
8729,0.37246218,0.027979802,New York,36,5,3500
8730,0.39693406,0.040437426,New York,36,5,3800
8731,0.33444703,0.026130069,New York,36,5,3900
8732,0.52076608,0.085432634,New York,36,5,4001
8733,0.28122368,0.018723287,New York,36,5,4100
8734,0.33866349,0.014023419,New York,36,5,4200
8735,0.31123075,0.025067857,New York,36,5,4300
8736,0.34279522,0.016945891,New York,36,5,4400
8737,0.39656836,0.046935454,New York,36,5,4600
8738,0.34589788,0.025592582,New York,36,5,4800
8739,0.31144306,0.018525667,New York,36,5,5001
8740,0.3856231,0.025823645,New York,36,5,5002
8741,0.28921092,0.015266173,New York,36,5,5100
8742,0.39210331,0.032916531,New York,36,5,5200
8743,0.35250351,0.013691865,New York,36,5,5300
8744,0.38358122,0.022308547,New York,36,5,5400
8745,0.38955176,0.035899863,New York,36,5,5600
8746,0.33341682,0.027062394,New York,36,5,5902
8747,0.33665302,0.060719892,New York,36,5,6000
8748,0.36593267,0.02250031,New York,36,5,6100
8749,0.33771348,0.014254938,New York,36,5,6200
8750,0.3493109,0.020405382,New York,36,5,6300
8751,0.40884298,0.028085425,New York,36,5,6400
8752,0.35692957,0.021995215,New York,36,5,6500
8753,0.30172274,0.01600834,New York,36,5,6700
8754,0.44258744,0.036916085,New York,36,5,6800
8755,0.35507134,0.019131493,New York,36,5,6900
8756,0.4018093,0.035869315,New York,36,5,7000
8757,0.32429266,0.041327279,New York,36,5,7100
8758,0.2962667,0.033194195,New York,36,5,7200
8759,0.32483369,0.025838451,New York,36,5,7300
8760,0.39426771,0.030494956,New York,36,5,7400
8761,0.32168472,0.021051958,New York,36,5,7500
8762,0.38435659,0.032121085,New York,36,5,7600
8763,0.34236944,0.041384332,New York,36,5,7700
8764,0.37293616,0.031491607,New York,36,5,7800
8765,0.31765273,0.020408139,New York,36,5,7900
8766,0.28562191,0.022205185,New York,36,5,8300
8767,0.40910858,0.042128894,New York,36,5,8400
8768,0.31946853,0.027411833,New York,36,5,8500
8769,0.30589816,0.017972771,New York,36,5,8600
8770,0.37506258,0.026925221,New York,36,5,8700
8771,0.29380026,0.039180826,New York,36,5,8900
8772,0.33577842,0.022599755,New York,36,5,9000
8773,0.38197672,0.036989983,New York,36,5,9200
8774,0.32694754,0.022204747,New York,36,5,9300
8775,0.40113044,0.073160224,New York,36,5,9600
8776,0.36714467,0.026051542,New York,36,5,9800
8777,0.34133917,0.027183274,New York,36,5,11502
8778,0.32998085,0.037058081,New York,36,5,11700
8779,0.28444943,0.019627329,New York,36,5,11900
8780,0.31878898,0.031293619,New York,36,5,12101
8781,0.27104124,0.032129079,New York,36,5,12102
8782,0.29278156,0.026911244,New York,36,5,12300
8783,0.29343754,0.032504726,New York,36,5,12500
8784,0.28349921,0.034464132,New York,36,5,12701
8785,0.32625771,0.03505728,New York,36,5,12901
8786,0.31069559,0.021119146,New York,36,5,13100
8787,0.44068965,0.12821078,New York,36,5,13200
8788,0.32939085,0.013751249,New York,36,5,13300
8789,0.31345522,0.018930376,New York,36,5,13500
8790,0.32056594,0.026748385,New York,36,5,14100
8791,0.26719806,0.035353165,New York,36,5,14300
8792,0.36755237,0.020308994,New York,36,5,14400
8793,0.2974681,0.013729927,New York,36,5,14500
8794,0.31329027,0.011691014,New York,36,5,14701
8795,0.26867935,0.011453222,New York,36,5,14702
8796,0.31888792,0.017270813,New York,36,5,14900
8797,0.33991686,0.016274266,New York,36,5,15100
8798,0.31734088,0.020405121,New York,36,5,15300
8799,0.30352694,0.029239023,New York,36,5,15500
8800,0.29192671,0.018968621,New York,36,5,15700
8801,0.33130148,0.041775685,New York,36,5,15900
8802,0.3574011,0.017460691,New York,36,5,16100
8803,0.34630749,0.037984513,New York,36,5,16500
8804,0.40294251,0.034689505,New York,36,5,16700
8805,0.33892816,0.031099288,New York,36,5,16900
8806,0.36120898,0.015593787,New York,36,5,17300
8807,0.31730571,0.01307713,New York,36,5,17500
8808,0.35757366,0.01964438,New York,36,5,17701
8809,0.36339486,0.019969819,New York,36,5,17702
8810,0.31951454,0.022182489,New York,36,5,17901
8811,0.3938069,0.028086446,New York,36,5,17902
8812,0.37294844,0.021195443,New York,36,5,18101
8813,0.38209486,0.016572326,New York,36,5,18102
8814,0.34768775,0.019354977,New York,36,5,18301
8815,0.34213325,0.016792802,New York,36,5,18302
8816,0.36797357,0.016889827,New York,36,5,18500
8817,0.35303319,0.017695421,New York,36,5,18900
8818,0.35138234,0.017619293,New York,36,5,19300
8819,0.38477129,0.019808389,New York,36,5,19500
8820,0.37420446,0.019036021,New York,36,5,19700
8821,0.34997702,0.014836641,New York,36,5,19900
8822,0.55684048,0.079528838,New York,36,5,20000
8823,0.32353386,0.023838328,New York,36,5,20100
8824,0.34669787,0.051709574,New York,36,5,20400
8825,0.3670586,0.015498643,New York,36,5,20501
8826,0.35315466,0.025819877,New York,36,5,20502
8827,0.36081913,0.059744656,New York,36,5,20601
8828,0.35484719,0.019579662,New York,36,5,20900
8829,0.38963297,0.014265799,New York,36,5,21001
8830,0.41936469,0.013738246,New York,36,5,21002
8831,0.32572696,0.017113522,New York,36,5,21100
8832,0.38296419,0.01889034,New York,36,5,21200
8833,0.31278032,0.038485393,New York,36,5,21301
8834,0.34865665,0.022145916,New York,36,5,21302
8835,0.37155741,0.020285759,New York,36,5,21501
8836,0.35706818,0.016765758,New York,36,5,21502
8837,0.40196764,0.031339396,New York,36,5,21601
8838,0.38310406,0.019839538,New York,36,5,21602
8839,0.34554386,0.017756725,New York,36,5,21700
8840,0.38273022,0.022200854,New York,36,5,21800
8841,0.3327758,0.044571169,New York,36,5,21900
8842,0.37569597,0.054495472,New York,36,5,22000
8843,0.40923268,0.03312302,New York,36,5,22101
8844,0.34546664,0.030393703,New York,36,5,22102
8845,0.35974652,0.055260971,New York,36,5,22200
8846,0.38191593,0.021932259,New York,36,5,22300
8847,0.31504437,0.060527395,New York,36,5,22401
8848,0.35440508,0.045723762,New York,36,5,22403
8849,0.37040424,0.038071893,New York,36,5,22404
8850,0.34121096,0.01484985,New York,36,5,22500
8851,0.33315149,0.019005202,New York,36,5,22701
8852,0.38839462,0.038354967,New York,36,5,22702
8853,0.34015954,0.035803471,New York,36,5,22703
8854,0.43195012,0.037219126,New York,36,5,22800
8855,0.34283257,0.018000305,New York,36,5,22901
8856,0.35651422,0.024874238,New York,36,5,22902
8857,0.42273381,0.071229003,New York,36,5,23000
8858,0.35040456,0.036245801,New York,36,5,23100
8859,0.29470956,0.063222997,New York,36,5,23200
8860,0.38246396,0.019734109,New York,36,5,23301
8861,0.40421942,0.029797643,New York,36,5,23302
8862,0.40116578,0.032335054,New York,36,5,23501
8863,0.33827683,0.025685683,New York,36,5,23502
8864,0.39681426,0.069486976,New York,36,5,23600
8865,0.27681628,0.046071105,New York,36,5,23702
8866,0.37608784,0.022078255,New York,36,5,23703
8867,0.38027039,0.023063008,New York,36,5,23704
8868,0.32643417,0.016924631,New York,36,5,23900
8869,0.43829015,0.040936954,New York,36,5,24000
8870,0.34310097,0.017312594,New York,36,5,24100
8871,0.36333871,0.020072166,New York,36,5,24300
8872,0.31788221,0.019799894,New York,36,5,24501
8873,0.34874243,0.022818081,New York,36,5,24502
8874,0.34869075,0.026007514,New York,36,5,24700
8875,0.404603,0.021492086,New York,36,5,25100
8876,0.3477107,0.020568704,New York,36,5,25300
8877,0.3428252,0.019494446,New York,36,5,25500
8878,0.40950724,0.039294913,New York,36,5,25700
8879,0.36905468,0.03986948,New York,36,5,26100
8880,0.33680421,0.023677547,New York,36,5,26300
8881,0.41123778,0.025921084,New York,36,5,26500
8882,0.33170471,0.032851357,New York,36,5,26701
8883,0.35056108,0.022127274,New York,36,5,26702
8884,0.32272208,0.023906553,New York,36,5,26900
8885,0.37822974,0.019478057,New York,36,5,27300
8886,0.34119657,0.033740286,New York,36,5,27700
8887,0.40604407,0.042684194,New York,36,5,27900
8888,0.32892489,0.039550718,New York,36,5,28100
8889,0.3970505,0.028434344,New York,36,5,28300
8890,0.44185051,0.060649801,New York,36,5,28900
8891,0.40897506,0.11896111,New York,36,5,29302
8892,0.39295906,0.096583493,New York,36,5,29500
8893,0.34143278,0.050295252,New York,36,5,29600
8894,0.40685776,0.016668634,New York,36,5,30200
8895,0.28960243,0.069740035,New York,36,5,31000
8896,0.45041651,0.081558853,New York,36,5,31600
8897,0.37528923,0.06489455,New York,36,5,31800
8898,0.37975049,0.11657802,New York,36,5,32300
8899,0.34754401,0.032743573,New York,36,5,32400
8900,0.31848243,0.027270658,New York,36,5,32800
8901,0.37776381,0.031650126,New York,36,5,33000
8902,0.31404904,0.035710987,New York,36,5,33201
8903,0.40129229,0.025793104,New York,36,5,33202
8904,0.36458543,0.015160598,New York,36,5,33600
8905,0.37308198,0.01863092,New York,36,5,33800
8906,0.41333523,0.021289881,New York,36,5,34000
8907,0.46039569,0.039708875,New York,36,5,34200
8908,0.46834028,0.045785666,New York,36,5,34400
8909,0.25750986,0.061628316,New York,36,5,34500
8910,0.39259413,0.017197702,New York,36,5,34800
8911,0.38923246,0.034532763,New York,36,5,35000
8912,0.39404607,0.074839443,New York,36,5,35100
8913,0.42343372,0.029661424,New York,36,5,35600
8914,0.40368584,0.014328579,New York,36,5,35800
8915,0.33513743,0.046339616,New York,36,5,35900
8916,0.39903894,0.037094839,New York,36,5,36000
8917,0.33771503,0.018368531,New York,36,5,36100
8918,0.29923767,0.018444899,New York,36,5,36300
8919,0.36983576,0.018906277,New York,36,5,36400
8920,0.32815567,0.017580478,New York,36,5,36501
8921,0.34011403,0.035480909,New York,36,5,36502
8922,0.30922672,0.027295196,New York,36,5,36700
8923,0.38975152,0.02832214,New York,36,5,36800
8924,0.33943823,0.036069926,New York,36,5,36901
8925,0.28339559,0.021079082,New York,36,5,36902
8926,0.40285563,0.031476717,New York,36,5,37000
8927,0.37271115,0.019297926,New York,36,5,37100
8928,0.40083942,0.030690411,New York,36,5,37200
8929,0.35356641,0.022029702,New York,36,5,37300
8930,0.33308813,0.017128753,New York,36,5,37400
8931,0.33900169,0.028962892,New York,36,5,37504
8932,0.36840048,0.022662703,New York,36,5,37600
8933,0.40271384,0.022290317,New York,36,5,37800
8934,0.36218518,0.014519706,New York,36,5,37900
8935,0.38551071,0.01681789,New York,36,5,38000
8936,0.35493538,0.022357916,New York,36,5,38100
8937,0.40899017,0.021583816,New York,36,5,38200
8938,0.36723408,0.021299031,New York,36,5,38301
8939,0.33853212,0.014454558,New York,36,5,38302
8940,0.37866002,0.024791563,New York,36,5,38500
8941,0.41369045,0.010663706,New York,36,5,38600
8942,0.37304068,0.030697893,New York,36,5,38700
8943,0.42580158,0.022999849,New York,36,5,38800
8944,0.359263,0.038781777,New York,36,5,38900
8945,0.38160318,0.01851006,New York,36,5,39000
8946,0.34693819,0.029485917,New York,36,5,39100
8947,0.3820338,0.023377569,New York,36,5,39200
8948,0.31207204,0.014247836,New York,36,5,39300
8949,0.42148575,0.01729358,New York,36,5,39400
8950,0.34846953,0.026232902,New York,36,5,39500
8951,0.37894168,0.017514942,New York,36,5,39600
8952,0.33752695,0.065547287,New York,36,5,39700
8953,0.37702206,0.019602742,New York,36,5,39800
8954,0.37437582,0.025146807,New York,36,5,39901
8955,0.3381145,0.02132217,New York,36,5,39902
8956,0.3707439,0.026036235,New York,36,5,40100
8957,0.44288996,0.045632645,New York,36,5,40302
8958,0.41204864,0.034342472,New York,36,5,40303
8959,0.338429,0.0285374,New York,36,5,40304
8960,0.41902637,0.021842178,New York,36,5,40400
8961,0.37723741,0.023849383,New York,36,5,40501
8962,0.32375678,0.016041985,New York,36,5,40502
8963,0.40598953,0.017135832,New York,36,5,40600
8964,0.43571061,0.049058147,New York,36,5,40701
8965,0.38492188,0.027646998,New York,36,5,40702
8966,0.41629258,0.017914183,New York,36,5,40800
8967,0.45671943,0.030953113,New York,36,5,40900
8968,0.37425306,0.055016365,New York,36,5,41100
8969,0.37611639,0.032592732,New York,36,5,41300
8970,0.42939579,0.020957589,New York,36,5,41400
8971,0.41151527,0.031559803,New York,36,5,41500
8972,0.40869159,0.020206345,New York,36,5,41800
8973,0.40007383,0.032007687,New York,36,5,41900
8974,0.41094622,0.019957341,New York,36,5,42000
8975,0.39832348,0.026444819,New York,36,5,42100
8976,0.43682966,0.02325228,New York,36,5,42200
8977,0.32262632,0.040100299,New York,36,5,42300
8978,0.42755628,0.023254113,New York,36,5,42400
8979,0.42189294,0.038026895,New York,36,5,42500
8980,0.42569831,0.016675213,New York,36,5,42600
8981,0.43564224,0.029107923,New York,36,5,42800
8982,0.36859286,0.03488664,New York,36,5,42901
8983,0.40468159,0.03207152,New York,36,5,42902
8984,0.37799859,0.023233032,New York,36,5,43000
8985,0.36979476,0.014951999,New York,36,5,43100
8986,0.41946185,0.022210833,New York,36,5,43400
8987,0.46901083,0.030207543,New York,36,5,43600
8988,0.43349609,0.022114094,New York,36,5,44200
8989,0.43060943,0.022556938,New York,36,5,44400
8990,0.4252319,0.029736679,New York,36,5,44800
8991,0.42656112,0.028874876,New York,36,5,45600
8992,0.33545879,0.014136531,New York,36,5,45800
8993,0.38569975,0.022408415,New York,36,5,46000
8994,0.38233992,0.0093580419,New York,36,5,46201
8995,0.44139749,0.01582966,New York,36,5,46202
8996,0.43075928,0.023873404,New York,36,5,48400
8997,0.44932356,0.071932204,New York,36,47,100
8998,0.33673811,0.036972065,New York,36,47,900
8999,0.4616687,0.081693724,New York,36,47,1300
9000,0.32230505,0.017369922,New York,36,47,1500
9001,0.29746783,0.058677502,New York,36,47,2200
9002,0.29537624,0.01371963,New York,36,47,2300
9003,0.31480098,0.01624479,New York,36,47,2901
9004,0.46535996,0.034644011,New York,36,47,3100
9005,0.36422321,0.041984532,New York,36,47,3300
9006,0.41165274,0.04609704,New York,36,47,3500
9007,0.32795429,0.050527569,New York,36,47,3900
9008,0.40897065,0.073562548,New York,36,47,5900
9009,0.34094688,0.017451057,New York,36,47,7100
9010,0.34345126,0.062741213,New York,36,47,7800
9011,0.30084518,0.011387247,New York,36,47,8500
9012,0.45710695,0.058801893,New York,36,47,9200
9013,0.41203505,0.068151087,New York,36,47,9600
9014,0.43817315,0.063987188,New York,36,47,9800
9015,0.45326161,0.074957885,New York,36,47,10000
9016,0.50830787,0.078363575,New York,36,47,10100
9017,0.42222553,0.06187262,New York,36,47,11200
9018,0.28960431,0.052152187,New York,36,47,11400
9019,0.52100086,0.080970392,New York,36,47,11700
9020,0.36168864,0.064072959,New York,36,47,12200
9021,0.30626678,0.021492973,New York,36,47,12700
9022,0.57738495,0.065372258,New York,36,47,12901
9023,0.427311,0.057700597,New York,36,47,12902
9024,0.36189872,0.029223813,New York,36,47,13100
9025,0.24856684,0.036175903,New York,36,47,13300
9026,0.32231122,0.053135764,New York,36,47,13500
9027,0.45563096,0.065946393,New York,36,47,13700
9028,0.37357402,0.049895264,New York,36,47,13900
9029,0.32268494,0.062979564,New York,36,47,14500
9030,0.40969792,0.059121061,New York,36,47,14900
9031,0.42523432,0.092192046,New York,36,47,15100
9032,0.25703683,0.076057553,New York,36,47,15300
9033,0.55193859,0.075537972,New York,36,47,15500
9034,0.59794658,0.05284309,New York,36,47,15900
9035,0.1606511,0.10983086,New York,36,47,16000
9036,0.35118285,0.038614884,New York,36,47,16100
9037,0.43292958,0.028074546,New York,36,47,16300
9038,0.52863675,0.0534725,New York,36,47,16400
9039,0.59796411,0.071573824,New York,36,47,16500
9040,0.28323343,0.058022935,New York,36,47,16700
9041,0.39316586,0.059462711,New York,36,47,16900
9042,0.33548114,0.019478343,New York,36,47,17900
9043,0.33258304,0.024827896,New York,36,47,18100
9044,0.32849962,0.029339259,New York,36,47,18300
9045,0.29390338,0.012636211,New York,36,47,18501
9046,0.31312978,0.037190355,New York,36,47,18700
9047,0.30771717,0.030581335,New York,36,47,19100
9048,0.37162817,0.031593576,New York,36,47,19300
9049,0.34088498,0.020398686,New York,36,47,19500
9050,0.4272384,0.029656027,New York,36,47,19700
9051,0.39125204,0.025355197,New York,36,47,19900
9052,0.40378308,0.026328791,New York,36,47,20100
9053,0.32155168,0.028463239,New York,36,47,20300
9054,0.37216043,0.023040857,New York,36,47,20500
9055,0.35730875,0.019222807,New York,36,47,20700
9056,0.40807688,0.043536112,New York,36,47,21100
9057,0.39944479,0.012453238,New York,36,47,21300
9058,0.39760378,0.014887606,New York,36,47,21500
9059,0.39660907,0.015948325,New York,36,47,21700
9060,0.38264751,0.015698299,New York,36,47,21900
9061,0.36157039,0.018067013,New York,36,47,22100
9062,0.33374557,0.015873723,New York,36,47,22700
9063,0.3766917,0.015874127,New York,36,47,22900
9064,0.36550382,0.0208399,New York,36,47,23100
9065,0.30170637,0.012583413,New York,36,47,23300
9066,0.34413815,0.031497158,New York,36,47,23500
9067,0.38898879,0.0286205,New York,36,47,24100
9068,0.3857581,0.017085927,New York,36,47,24300
9069,0.39525205,0.017505955,New York,36,47,24500
9070,0.34149557,0.01860287,New York,36,47,24700
9071,0.35025233,0.013771374,New York,36,47,24900
9072,0.3377296,0.014219292,New York,36,47,25100
9073,0.37843636,0.020003125,New York,36,47,25300
9074,0.30255514,0.01264022,New York,36,47,25500
9075,0.35845238,0.048929244,New York,36,47,25700
9076,0.31380406,0.030337745,New York,36,47,25901
9077,0.3164911,0.015435562,New York,36,47,25902
9078,0.33742654,0.016234782,New York,36,47,26100
9079,0.33711919,0.020938534,New York,36,47,26300
9080,0.31057683,0.013178779,New York,36,47,26500
9081,0.35654348,0.017446246,New York,36,47,26700
9082,0.35266182,0.017308723,New York,36,47,26900
9083,0.33969223,0.016147047,New York,36,47,27100
9084,0.32301304,0.015905481,New York,36,47,27300
9085,0.34040889,0.014299069,New York,36,47,27500
9086,0.30320725,0.01173882,New York,36,47,27700
9087,0.34036681,0.015190919,New York,36,47,27900
9088,0.29823774,0.015668962,New York,36,47,28100
9089,0.30984491,0.015016276,New York,36,47,28300
9090,0.31225169,0.017328482,New York,36,47,28502
9091,0.33227897,0.021855377,New York,36,47,28700
9092,0.35025343,0.019888783,New York,36,47,28900
9093,0.34244674,0.016436193,New York,36,47,29100
9094,0.33844468,0.016850611,New York,36,47,29300
9095,0.32497415,0.015033019,New York,36,47,29500
9096,0.35086599,0.015629387,New York,36,47,29700
9097,0.34357899,0.017995158,New York,36,47,29900
9098,0.36136687,0.01768139,New York,36,47,30100
9099,0.33189362,0.014245707,New York,36,47,30300
9100,0.33879459,0.014106247,New York,36,47,30500
9101,0.34485409,0.016177442,New York,36,47,30700
9102,0.30987632,0.019814458,New York,36,47,30900
9103,0.35497126,0.016162114,New York,36,47,31100
9104,0.37091359,0.013848746,New York,36,47,31300
9105,0.35518733,0.011730239,New York,36,47,31500
9106,0.37905249,0.014052168,New York,36,47,31701
9107,0.42844972,0.019433899,New York,36,47,31702
9108,0.41260085,0.015155455,New York,36,47,31900
9109,0.40308031,0.010995389,New York,36,47,32100
9110,0.34379575,0.01388065,New York,36,47,32300
9111,0.38220081,0.009868701,New York,36,47,32500
9112,0.35561132,0.012767683,New York,36,47,32600
9113,0.42696753,0.015343564,New York,36,47,32700
9114,0.36157143,0.026015,New York,36,47,32800
9115,0.4037635,0.012002924,New York,36,47,32900
9116,0.3616024,0.014091471,New York,36,47,33000
9117,0.38468894,0.0166217,New York,36,47,33100
9118,0.40779912,0.020466737,New York,36,47,33300
9119,0.42046177,0.027305622,New York,36,47,33500
9120,0.36833674,0.07501474,New York,36,47,33600
9121,0.38903347,0.01731115,New York,36,47,33700
9122,0.41109332,0.0152754,New York,36,47,33900
9123,0.30882397,0.022566058,New York,36,47,34000
9124,0.35789391,0.017519001,New York,36,47,34100
9125,0.34659839,0.012337375,New York,36,47,34200
9126,0.32186761,0.011151497,New York,36,47,34300
9127,0.42694378,0.019894898,New York,36,47,34500
9128,0.32824603,0.013571065,New York,36,47,34700
9129,0.39692107,0.011311013,New York,36,47,34900
9130,0.39502329,0.013234829,New York,36,47,35100
9131,0.37360394,0.011668953,New York,36,47,35300
9132,0.37006682,0.010900362,New York,36,47,35500
9133,0.38403368,0.074879512,New York,36,47,35601
9134,0.32571027,0.014840274,New York,36,47,35700
9135,0.37539932,0.012282759,New York,36,47,35900
9136,0.33557403,0.017464528,New York,36,47,36100
9137,0.24080738,0.051102396,New York,36,47,36200
9138,0.33449316,0.014517702,New York,36,47,36300
9139,0.3864283,0.020282796,New York,36,47,36501
9140,0.39584634,0.047830746,New York,36,47,36502
9141,0.37962446,0.036618546,New York,36,47,36700
9142,0.35909149,0.014153473,New York,36,47,36900
9143,0.34846357,0.016353,New York,36,47,37100
9144,0.35203677,0.014781695,New York,36,47,37300
9145,0.32937172,0.017903661,New York,36,47,37500
9146,0.33519831,0.01452818,New York,36,47,37700
9147,0.32967511,0.015223962,New York,36,47,37900
9148,0.31684646,0.011376258,New York,36,47,38100
9149,0.36337334,0.016030872,New York,36,47,38200
9150,0.36486936,0.016689865,New York,36,47,38300
9151,0.31503436,0.014063626,New York,36,47,38500
9152,0.30494305,0.013768175,New York,36,47,38700
9153,0.44378066,0.037008397,New York,36,47,39300
9154,0.33651027,0.02313645,New York,36,47,39500
9155,0.35903576,0.016930662,New York,36,47,39700
9156,0.34879896,0.017858833,New York,36,47,39900
9157,0.35934767,0.018362567,New York,36,47,40100
9158,0.33468702,0.016597128,New York,36,47,40300
9159,0.39160877,0.032016505,New York,36,47,40500
9160,0.34662655,0.025486495,New York,36,47,40900
9161,0.34466261,0.020068271,New York,36,47,41100
9162,0.37087688,0.020441948,New York,36,47,41300
9163,0.37405965,0.022513919,New York,36,47,41500
9164,0.33139852,0.021879796,New York,36,47,41700
9165,0.33678204,0.02576516,New York,36,47,41900
9166,0.33053058,0.034800746,New York,36,47,42100
9167,0.34362295,0.050279606,New York,36,47,42700
9168,0.30318284,0.051777322,New York,36,47,42900
9169,0.35563883,0.051678825,New York,36,47,43100
9170,0.36051661,0.034402926,New York,36,47,43300
9171,0.34447798,0.026069349,New York,36,47,43500
9172,0.33842495,0.018818665,New York,36,47,43700
9173,0.36222067,0.028689763,New York,36,47,43900
9174,0.39178073,0.064105138,New York,36,47,44100
9175,0.38529703,0.071378991,New York,36,47,44300
9176,0.34183946,0.052554615,New York,36,47,44500
9177,0.27387965,0.019419661,New York,36,47,44900
9178,0.34538603,0.065302528,New York,36,47,46000
9179,0.31022537,0.058617029,New York,36,47,48000
9180,0.38018706,0.036652677,New York,36,47,48200
9181,0.35170317,0.033888999,New York,36,47,48400
9182,0.28960565,0.058385178,New York,36,47,48600
9183,0.41040081,0.046434332,New York,36,47,48800
9184,0.32179293,0.018780561,New York,36,47,48900
9185,0.44675991,0.033268172,New York,36,47,49000
9186,0.39418849,0.033613589,New York,36,47,49100
9187,0.39220744,0.029839694,New York,36,47,49200
9188,0.38790736,0.028245207,New York,36,47,49300
9189,0.45137733,0.03392582,New York,36,47,49400
9190,0.45539385,0.054767627,New York,36,47,50000
9191,0.4046199,0.035748556,New York,36,47,50400
9192,0.40051657,0.03621034,New York,36,47,50500
9193,0.40125901,0.013156779,New York,36,47,50600
9194,0.39239913,0.012951031,New York,36,47,50801
9195,0.37627637,0.014461482,New York,36,47,50803
9196,0.38422516,0.012127948,New York,36,47,50804
9197,0.38329941,0.01281134,New York,36,47,51001
9198,0.36942741,0.011317883,New York,36,47,51002
9199,0.37740752,0.055628471,New York,36,47,51100
9200,0.38186824,0.0098448358,New York,36,47,51200
9201,0.28674793,0.055035029,New York,36,47,51300
9202,0.43062779,0.011847891,New York,36,47,51400
9203,0.39261797,0.010575428,New York,36,47,51601
9204,0.41048643,0.012736288,New York,36,47,51602
9205,0.43029785,0.020218398,New York,36,47,51800
9206,0.42791,0.024809053,New York,36,47,52000
9207,0.36226174,0.070647262,New York,36,47,52300
9208,0.33212158,0.054139674,New York,36,47,52500
9209,0.41589978,0.028027257,New York,36,47,52600
9210,0.46131328,0.055814173,New York,36,47,52700
9211,0.34427893,0.06314984,New York,36,47,53000
9212,0.48247635,0.076394029,New York,36,47,53200
9213,0.36526185,0.036823887,New York,36,47,53400
9214,0.31993082,0.054144796,New York,36,47,54500
9215,0.3863709,0.059984531,New York,36,47,54700
9216,0.37563819,0.016028015,New York,36,47,57200
9217,0.35724741,0.078194954,New York,36,47,59800
9218,0.41841623,0.057284866,New York,36,47,64800
9219,0.45561522,0.056910738,New York,36,47,65000
9220,0.42053831,0.058786966,New York,36,47,67000
9221,0.43052185,0.042303991,New York,36,47,67200
9222,0.39997369,0.03329172,New York,36,47,67400
9223,0.4175491,0.035789758,New York,36,47,67600
9224,0.43562374,0.033485651,New York,36,47,67800
9225,0.47160181,0.039226383,New York,36,47,68000
9226,0.47439092,0.047588527,New York,36,47,68200
9227,0.40376773,0.058667477,New York,36,47,68800
9228,0.39459509,0.041926138,New York,36,47,69000
9229,0.43565938,0.042827848,New York,36,47,69200
9230,0.44983491,0.07621184,New York,36,47,69601
9231,0.45492575,0.041000519,New York,36,47,72000
9232,0.41427433,0.022770274,New York,36,47,72200
9233,0.42306602,0.029737735,New York,36,47,72400
9234,0.44628787,0.022038154,New York,36,47,72600
9235,0.44671518,0.022833575,New York,36,47,72800
9236,0.3972249,0.025119685,New York,36,47,73000
9237,0.44072136,0.026654452,New York,36,47,73200
9238,0.40461519,0.023560174,New York,36,47,73400
9239,0.36632112,0.020868015,New York,36,47,73600
9240,0.42613292,0.026504641,New York,36,47,73800
9241,0.39792728,0.018627016,New York,36,47,74000
9242,0.4449307,0.022029787,New York,36,47,74200
9243,0.43347642,0.12790705,New York,36,47,74400
9244,0.53555626,0.057113357,New York,36,47,74600
9245,0.32444832,0.036289707,New York,36,47,74800
9246,0.35009265,0.041283056,New York,36,47,75000
9247,0.30301493,0.024478205,New York,36,47,76200
9248,0.40788403,0.015593661,New York,36,47,76400
9249,0.40441105,0.017754205,New York,36,47,76600
9250,0.40656069,0.015991006,New York,36,47,77000
9251,0.38245177,0.01852881,New York,36,47,77200
9252,0.39646065,0.020418817,New York,36,47,77400
9253,0.43053508,0.020658594,New York,36,47,77600
9254,0.42751375,0.022005143,New York,36,47,78000
9255,0.37649179,0.012014762,New York,36,47,78200
9256,0.43596825,0.021413634,New York,36,47,78400
9257,0.41003978,0.014231025,New York,36,47,78600
9258,0.40992281,0.012353042,New York,36,47,78800
9259,0.40568689,0.010351593,New York,36,47,79000
9260,0.38248411,0.01273445,New York,36,47,79200
9261,0.39018437,0.02242142,New York,36,47,79400
9262,0.41008517,0.012265221,New York,36,47,79601
9263,0.3938455,0.011061197,New York,36,47,79602
9264,0.40012476,0.016015213,New York,36,47,79801
9265,0.38355649,0.0099639092,New York,36,47,79802
9266,0.39087093,0.016164094,New York,36,47,80000
9267,0.38971269,0.013203746,New York,36,47,80200
9268,0.4185299,0.014255011,New York,36,47,80400
9269,0.40083244,0.015887002,New York,36,47,80600
9270,0.4311696,0.021765517,New York,36,47,81000
9271,0.4094446,0.016842466,New York,36,47,81400
9272,0.40348449,0.016196471,New York,36,47,81600
9273,0.37791598,0.01151831,New York,36,47,81800
9274,0.40308839,0.010585659,New York,36,47,82000
9275,0.40312275,0.0091089364,New York,36,47,82200
9276,0.3912718,0.011630828,New York,36,47,82400
9277,0.41668364,0.01046375,New York,36,47,82600
9278,0.42134014,0.013093283,New York,36,47,82800
9279,0.38279486,0.011888446,New York,36,47,83000
9280,0.44813111,0.019798659,New York,36,47,83200
9281,0.41646045,0.024032878,New York,36,47,83400
9282,0.3824369,0.020852599,New York,36,47,83600
9283,0.39133492,0.020705912,New York,36,47,83800
9284,0.38700789,0.018998357,New York,36,47,84000
9285,0.38895261,0.022017021,New York,36,47,84600
9286,0.43900526,0.024918919,New York,36,47,84800
9287,0.3938331,0.027686825,New York,36,47,85000
9288,0.4109422,0.021931127,New York,36,47,85400
9289,0.4355911,0.015096592,New York,36,47,85600
9290,0.37104455,0.016475413,New York,36,47,85800
9291,0.39791334,0.013864154,New York,36,47,86000
9292,0.40136033,0.014598646,New York,36,47,86200
9293,0.39132553,0.021667557,New York,36,47,86400
9294,0.42663521,0.01672666,New York,36,47,86600
9295,0.42361632,0.015182897,New York,36,47,86800
9296,0.41244346,0.015559785,New York,36,47,87000
9297,0.41702285,0.016640266,New York,36,47,87200
9298,0.41948232,0.015427992,New York,36,47,87401
9299,0.37052539,0.026028449,New York,36,47,87600
9300,0.4200314,0.015828902,New York,36,47,87800
9301,0.37915352,0.018579993,New York,36,47,88000
9302,0.38736677,0.010328188,New York,36,47,88200
9303,0.39938486,0.011239126,New York,36,47,88400
9304,0.40693784,0.011780997,New York,36,47,88600
9305,0.40456071,0.014313919,New York,36,47,88800
9306,0.38156468,0.0098153027,New York,36,47,89000
9307,0.36218461,0.012161645,New York,36,47,89200
9308,0.39640701,0.017278275,New York,36,47,89400
9309,0.38148469,0.014902911,New York,36,47,89600
9310,0.37087774,0.025178213,New York,36,47,89800
9311,0.34625515,0.010770646,New York,36,47,90000
9312,0.36962253,0.016463082,New York,36,47,90200
9313,0.29948357,0.013328689,New York,36,47,90600
9314,0.29817265,0.013460703,New York,36,47,90800
9315,0.32656863,0.011333753,New York,36,47,91000
9316,0.32007638,0.0095154839,New York,36,47,91200
9317,0.35841164,0.012269612,New York,36,47,91600
9318,0.36117345,0.017846791,New York,36,47,91800
9319,0.36770624,0.017457899,New York,36,47,92000
9320,0.39862952,0.020718496,New York,36,47,92200
9321,0.33429018,0.016967548,New York,36,47,92400
9322,0.4143298,0.020576855,New York,36,47,92800
9323,0.43121821,0.020690467,New York,36,47,93000
9324,0.49994811,0.03386122,New York,36,47,93200
9325,0.39245299,0.024675703,New York,36,47,93400
9326,0.41845995,0.023785722,New York,36,47,93600
9327,0.40698299,0.017576432,New York,36,47,93800
9328,0.40393233,0.019847063,New York,36,47,94401
9329,0.31758058,0.015992235,New York,36,47,94402
9330,0.36723563,0.022260558,New York,36,47,94600
9331,0.37771583,0.021329157,New York,36,47,95000
9332,0.44471008,0.020404991,New York,36,47,95400
9333,0.42779425,0.025762642,New York,36,47,95600
9334,0.40513003,0.024090258,New York,36,47,95800
9335,0.43599942,0.042983346,New York,36,47,96200
9336,0.46662596,0.033719055,New York,36,47,96400
9337,0.36365008,0.028812839,New York,36,47,96600
9338,0.37375346,0.029688874,New York,36,47,96800
9339,0.39968911,0.03008231,New York,36,47,97000
9340,0.38453037,0.029161932,New York,36,47,97400
9341,0.31624359,0.011648516,New York,36,47,98200
9342,0.47196227,0.030228579,New York,36,47,98400
9343,0.41338876,0.021930126,New York,36,47,98600
9344,0.4334335,0.025480852,New York,36,47,98800
9345,0.49733093,0.039677504,New York,36,47,99000
9346,0.40215361,0.031711277,New York,36,47,99200
9347,0.43661556,0.039266113,New York,36,47,99400
9348,0.44433895,0.026981112,New York,36,47,99600
9349,0.39552987,0.024797423,New York,36,47,99800
9350,0.42629814,0.033516414,New York,36,47,100400
9351,0.43113887,0.033041514,New York,36,47,100600
9352,0.33312395,0.032908741,New York,36,47,100800
9353,0.49384105,0.038080223,New York,36,47,101000
9354,0.38361177,0.034343906,New York,36,47,101200
9355,0.39647684,0.034712762,New York,36,47,101400
9356,0.35231495,0.045648657,New York,36,47,101600
9357,0.39116138,0.033931099,New York,36,47,101800
9358,0.44087017,0.036946204,New York,36,47,102000
9359,0.43341815,0.043673575,New York,36,47,102200
9360,0.40833676,0.037011754,New York,36,47,102400
9361,0.41251719,0.031177817,New York,36,47,102600
9362,0.35291076,0.041000187,New York,36,47,102800
9363,0.35501179,0.015843293,New York,36,47,103400
9364,0.38341185,0.015318672,New York,36,47,105801
9365,0.35647291,0.014568857,New York,36,47,105804
9366,0.34382737,0.015708419,New York,36,47,107800
9367,0.38116494,0.028955689,New York,36,47,109800
9368,0.34634811,0.014511103,New York,36,47,110400
9369,0.34147045,0.011558532,New York,36,47,110600
9370,0.34995762,0.014010291,New York,36,47,111000
9371,0.3453669,0.023451233,New York,36,47,111600
9372,0.37066177,0.02152602,New York,36,47,111800
9373,0.39823553,0.021142621,New York,36,47,112000
9374,0.40783158,0.018157102,New York,36,47,112200
9375,0.36044908,0.017938932,New York,36,47,112400
9376,0.3524479,0.015214956,New York,36,47,112600
9377,0.34835729,0.013312316,New York,36,47,112800
9378,0.37663716,0.01563964,New York,36,47,113000
9379,0.3562904,0.026329756,New York,36,47,113200
9380,0.2771911,0.017225919,New York,36,47,113400
9381,0.3607977,0.05504645,New York,36,47,114201
9382,0.41511083,0.031072054,New York,36,47,114202
9383,0.32549471,0.020312186,New York,36,47,114400
9384,0.38079491,0.033257362,New York,36,47,114600
9385,0.29947025,0.022972945,New York,36,47,115000
9386,0.36470079,0.023339862,New York,36,47,115200
9387,0.32061413,0.013679771,New York,36,47,115600
9388,0.39982846,0.021119602,New York,36,47,115800
9389,0.34421751,0.019531561,New York,36,47,116000
9390,0.35931337,0.020656919,New York,36,47,116200
9391,0.38634276,0.022989165,New York,36,47,116400
9392,0.36625078,0.024725378,New York,36,47,116600
9393,0.33688545,0.037707616,New York,36,47,116800
9394,0.35303155,0.035163764,New York,36,47,117000
9395,0.37334573,0.032350782,New York,36,47,117201
9396,0.38940376,0.031654797,New York,36,47,117202
9397,0.39203551,0.027740119,New York,36,47,117400
9398,0.40078154,0.040251292,New York,36,47,117601
9399,0.40772367,0.033371884,New York,36,47,117602
9400,0.40419695,0.05869462,New York,36,47,117800
9401,0.43847507,0.039732847,New York,36,47,118201
9402,0.36046112,0.033239555,New York,36,47,118202
9403,0.45747656,0.032301128,New York,36,47,118400
9404,0.38950628,0.042146198,New York,36,47,118600
9405,0.45805037,0.040713288,New York,36,47,118800
9406,0.46096253,0.041705355,New York,36,47,119000
9407,0.40962791,0.034619603,New York,36,47,119200
9408,0.3668572,0.019761683,New York,36,47,119400
9409,0.41497129,0.018077608,New York,36,47,119600
9410,0.3764278,0.027394028,New York,36,47,119800
9411,0.40271813,0.028963748,New York,36,47,120000
9412,0.35636824,0.052376542,New York,36,47,120200
9413,0.38136724,0.010965181,New York,36,47,120800
9414,0.31823245,0.013469037,New York,36,47,121000
9415,0.33050051,0.013056017,New York,36,47,121400
9416,0.34823084,0.016377836,New York,36,47,122000
9417,0.39107791,0.06378711,New York,36,47,123700
9418,0.40966585,0.033136129,New York,36,47,152200
9419,0.41879895,0.067351297,New York,36,59,300300
9420,0.22417372,0.066435702,New York,36,59,301300
9421,0.35055634,0.02544497,New York,36,59,301800
9422,0.29313165,0.035152402,New York,36,59,302200
9423,0.36507338,0.061974805,New York,36,59,303201
9424,0.48417553,0.083617523,New York,36,59,303700
9425,0.39458486,0.038654301,New York,36,59,303900
9426,0.39865461,0.030479597,New York,36,59,304100
9427,0.49130613,0.044173155,New York,36,59,304202
9428,0.38874048,0.01409885,New York,36,59,304203
9429,0.41166374,0.017403638,New York,36,59,304204
9430,0.38458487,0.022087287,New York,36,59,404800
9431,0.44239834,0.018191036,New York,36,59,404901
9432,0.37344256,0.026858235,New York,36,59,404902
9433,0.49191019,0.038466681,New York,36,59,405000
9434,0.41687506,0.021338478,New York,36,59,405100
9435,0.50415695,0.039390702,New York,36,59,405200
9436,0.36310276,0.096118882,New York,36,59,405400
9437,0.33414271,0.084636524,New York,36,59,405900
9438,0.44716027,0.096141048,New York,36,59,406001
9439,0.34758085,0.050523352,New York,36,59,406201
9440,0.38620475,0.014889103,New York,36,59,406202
9441,0.39626423,0.029548455,New York,36,59,406701
9442,0.30851606,0.014506879,New York,36,59,406702
9443,0.33733761,0.018530224,New York,36,59,406801
9444,0.35124242,0.018499976,New York,36,59,406802
9445,0.33399534,0.011556991,New York,36,59,406900
9446,0.34299529,0.011953274,New York,36,59,407000
9447,0.37510082,0.015915887,New York,36,59,407101
9448,0.40381846,0.016693398,New York,36,59,407102
9449,0.34559777,0.019341826,New York,36,59,407201
9450,0.3987349,0.022080429,New York,36,59,407203
9451,0.39820009,0.028317865,New York,36,59,407204
9452,0.36623877,0.034743428,New York,36,59,407301
9453,0.44555241,0.021687977,New York,36,59,407302
9454,0.40889058,0.018291624,New York,36,59,407401
9455,0.43632135,0.026910817,New York,36,59,407402
9456,0.39001942,0.017533911,New York,36,59,407501
9457,0.36430001,0.016179638,New York,36,59,407502
9458,0.36388654,0.032359272,New York,36,59,407900
9459,0.46549648,0.020859055,New York,36,59,409800
9460,0.42180863,0.025620544,New York,36,59,409900
9461,0.71030658,0.079443097,New York,36,59,410000
9462,0.58145511,0.10052373,New York,36,59,410200
9463,0.48865321,0.037974127,New York,36,59,410300
9464,0.41996294,0.036272172,New York,36,59,410400
9465,0.45205304,0.057198506,New York,36,59,410500
9466,0.43607736,0.089508124,New York,36,59,410600
9467,0.55585426,0.084982827,New York,36,59,410800
9468,0.42010224,0.050063603,New York,36,59,410900
9469,0.36829257,0.037043083,New York,36,59,411000
9470,0.40615416,0.025119279,New York,36,59,411100
9471,0.32155272,0.03054107,New York,36,59,412400
9472,0.32281849,0.056521099,New York,36,59,412800
9473,0.41676104,0.021955069,New York,36,59,412900
9474,0.43042138,0.038722515,New York,36,59,413500
9475,0.36612678,0.050762556,New York,36,59,413600
9476,0.36780289,0.080266126,New York,36,59,413700
9477,0.54905671,0.069180615,New York,36,59,413803
9478,0.43006921,0.064734757,New York,36,59,413804
9479,0.35135368,0.011402956,New York,36,59,413900
9480,0.34968227,0.015542052,New York,36,59,414001
9481,0.3507677,0.014479408,New York,36,59,414002
9482,0.38016954,0.013998321,New York,36,59,414100
9483,0.42005634,0.03260503,New York,36,59,414201
9484,0.35074604,0.01698322,New York,36,59,414202
9485,0.41694391,0.039653119,New York,36,59,414301
9486,0.40087157,0.038683128,New York,36,59,414303
9487,0.33691758,0.033963419,New York,36,59,414304
9488,0.32070184,0.015251977,New York,36,59,414400
9489,0.45655105,0.032785803,New York,36,59,414501
9490,0.44463599,0.044989996,New York,36,59,414502
9491,0.45654964,0.095722117,New York,36,59,414900
9492,0.32279107,0.018588113,New York,36,59,416500
9493,0.30193564,0.056311488,New York,36,59,416702
9494,0.39579117,0.043534376,New York,36,59,517101
9495,0.31859347,0.02668453,New York,36,59,517200
9496,0.51404655,0.12902325,New York,36,59,517701
9497,0.22998957,0.049258582,New York,36,59,518000
9498,0.32566544,0.080752127,New York,36,59,518501
9499,0.39802203,0.045335039,New York,36,59,518900
9500,0.27058008,0.098194353,New York,36,59,520600
9501,0.35879529,0.023894196,New York,36,59,522000
9502,0.22018731,0.043082859,New York,36,61,201
9503,0.30394369,0.028617518,New York,36,61,202
9504,0.36457971,0.028985988,New York,36,61,600
9505,0.27170095,0.054182362,New York,36,61,700
9506,0.33804557,0.026101297,New York,36,61,1002
9507,0.27361298,0.053814713,New York,36,61,1600
9508,0.34951907,0.027744398,New York,36,61,2000
9509,0.34945187,0.032344516,New York,36,61,2201
9510,0.32839718,0.029441454,New York,36,61,2400
9511,0.29079103,0.02672717,New York,36,61,2500
9512,0.29423538,0.041474584,New York,36,61,2601
9513,0.32598427,0.02950309,New York,36,61,2800
9514,0.42659906,0.073760211,New York,36,61,3601
9515,0.28085762,0.043852549,New York,36,61,3900
9516,0.49922562,0.053894248,New York,36,61,4400
9517,0.43854409,0.075757474,New York,36,61,5600
9518,0.45994541,0.070971265,New York,36,61,6200
9519,0.33792821,0.026713893,New York,36,61,6600
9520,0.32213759,0.041710518,New York,36,61,7600
9521,0.6247009,0.084992021,New York,36,61,8200
9522,0.22545198,0.044217721,New York,36,61,8300
9523,0.36575666,0.053022273,New York,36,61,8900
9524,0.28142321,0.034956895,New York,36,61,9200
9525,0.31639874,0.039419569,New York,36,61,9300
9526,0.27049524,0.033721983,New York,36,61,9700
9527,0.34806785,0.069974117,New York,36,61,11100
9528,0.52677608,0.065797433,New York,36,61,11300
9529,0.41067034,0.043681342,New York,36,61,12100
9530,0.36621675,0.069320418,New York,36,61,12700
9531,0.37868339,0.066704288,New York,36,61,12900
9532,0.30920374,0.035657495,New York,36,61,13500
9533,0.28848797,0.059753712,New York,36,61,13700
9534,0.35649988,0.059120733,New York,36,61,13900
9535,0.29874775,0.073639981,New York,36,61,14602
9536,0.33334622,0.022794804,New York,36,61,15100
9537,0.254906,0.023833763,New York,36,61,15200
9538,0.3963457,0.050710913,New York,36,61,15400
9539,0.39953014,0.052804559,New York,36,61,15601
9540,0.38018534,0.044303548,New York,36,61,15602
9541,0.34472746,0.012873168,New York,36,61,16200
9542,0.33516601,0.020918047,New York,36,61,16400
9543,0.3333452,0.026480976,New York,36,61,16600
9544,0.33972234,0.026036194,New York,36,61,16800
9545,0.4310616,0.061946422,New York,36,61,16900
9546,0.35600054,0.025899554,New York,36,61,17000
9547,0.33453837,0.024037495,New York,36,61,17200
9548,0.5123871,0.046749111,New York,36,61,17300
9549,0.32153225,0.018641438,New York,36,61,17401
9550,0.32801613,0.021590803,New York,36,61,17402
9551,0.43209013,0.062150799,New York,36,61,17500
9552,0.34553948,0.029385187,New York,36,61,17700
9553,0.28972712,0.026757769,New York,36,61,17800
9554,0.24895632,0.031151054,New York,36,61,17900
9555,0.28930312,0.017403508,New York,36,61,18000
9556,0.40021494,0.032933928,New York,36,61,18100
9557,0.35351619,0.019148583,New York,36,61,18200
9558,0.2633957,0.037228525,New York,36,61,18300
9559,0.32494393,0.016729828,New York,36,61,18400
9560,0.31822097,0.046401512,New York,36,61,18500
9561,0.32071733,0.013037627,New York,36,61,18600
9562,0.38424537,0.040932626,New York,36,61,18700
9563,0.30391362,0.031997528,New York,36,61,18800
9564,0.36928213,0.014468675,New York,36,61,18900
9565,0.33602056,0.022003915,New York,36,61,19000
9566,0.36133727,0.033252202,New York,36,61,19100
9567,0.32263401,0.02036226,New York,36,61,19200
9568,0.33395156,0.019082423,New York,36,61,19300
9569,0.28791732,0.014629867,New York,36,61,19400
9570,0.41133386,0.083336942,New York,36,61,19500
9571,0.31955802,0.018679002,New York,36,61,19600
9572,0.43031561,0.038122352,New York,36,61,19702
9573,0.33868524,0.035562489,New York,36,61,19800
9574,0.4665834,0.080347471,New York,36,61,19900
9575,0.36532074,0.026741175,New York,36,61,20000
9576,0.3173776,0.015309067,New York,36,61,20102
9577,0.38282374,0.073790938,New York,36,61,20300
9578,0.32253805,0.017874343,New York,36,61,20600
9579,0.31666505,0.01425544,New York,36,61,20800
9580,0.32909662,0.018627867,New York,36,61,20901
9581,0.32478771,0.012323411,New York,36,61,21000
9582,0.33171189,0.016179094,New York,36,61,21100
9583,0.31217617,0.017263262,New York,36,61,21200
9584,0.3591589,0.016130878,New York,36,61,21303
9585,0.31361201,0.016222067,New York,36,61,21400
9586,0.31431773,0.018883774,New York,36,61,21500
9587,0.32721013,0.011762526,New York,36,61,21600
9588,0.32351753,0.013288504,New York,36,61,21800
9589,0.3466135,0.016527656,New York,36,61,21900
9590,0.32684559,0.015079362,New York,36,61,22000
9591,0.31975627,0.02542994,New York,36,61,22102
9592,0.3451049,0.022960041,New York,36,61,22200
9593,0.38497186,0.041072536,New York,36,61,22301
9594,0.30938232,0.021544376,New York,36,61,22302
9595,0.32805067,0.011999973,New York,36,61,22400
9596,0.35165009,0.020100053,New York,36,61,22500
9597,0.30582941,0.015531396,New York,36,61,22600
9598,0.35539699,0.018450795,New York,36,61,22700
9599,0.34129196,0.016093099,New York,36,61,22800
9600,0.35239065,0.016608475,New York,36,61,22900
9601,0.32724053,0.011292042,New York,36,61,23000
9602,0.35140273,0.015823917,New York,36,61,23100
9603,0.33340138,0.011385851,New York,36,61,23200
9604,0.38524455,0.01836556,New York,36,61,23300
9605,0.34366977,0.016543729,New York,36,61,23400
9606,0.3312282,0.014891569,New York,36,61,23501
9607,0.32173136,0.02274392,New York,36,61,23502
9608,0.35049185,0.014504514,New York,36,61,23600
9609,0.32891288,0.017043432,New York,36,61,23700
9610,0.41323078,0.027400604,New York,36,61,23801
9611,0.32556799,0.023710152,New York,36,61,23900
9612,0.36031508,0.018652303,New York,36,61,24100
9613,0.31428352,0.015022505,New York,36,61,24200
9614,0.31318766,0.020597514,New York,36,61,24301
9615,0.30168271,0.012776179,New York,36,61,24302
9616,0.37353256,0.01855189,New York,36,61,24500
9617,0.4111976,0.037054893,New York,36,61,24700
9618,0.35702372,0.047899175,New York,36,61,24900
9619,0.34352192,0.043290444,New York,36,61,25100
9620,0.43988347,0.041154224,New York,36,61,25300
9621,0.40839112,0.047514774,New York,36,61,25500
9622,0.33296692,0.019958401,New York,36,61,25700
9623,0.33891469,0.023693187,New York,36,61,25900
9624,0.39234293,0.032577444,New York,36,61,26100
9625,0.44388926,0.045791525,New York,36,61,26300
9626,0.47773087,0.071772419,New York,36,61,26500
9627,0.31795591,0.043287355,New York,36,61,26900
9628,0.27271733,0.084804848,New York,36,61,27300
9629,0.46837631,0.067705706,New York,36,61,27700
9630,0.37976629,0.038592551,New York,36,61,27900
9631,0.43439567,0.046800029,New York,36,61,28300
9632,0.31757313,0.039649058,New York,36,61,28500
9633,0.40457487,0.038193893,New York,36,61,29100
9634,0.43462887,0.060173474,New York,36,61,29300
9635,0.42276937,0.056831002,New York,36,61,29500
9636,0.37978971,0.028183294,New York,36,61,29900
9637,0.3320469,0.068113863,New York,36,61,30300
9638,0.41121063,0.075632527,New York,36,61,30700
9639,0.3430478,0.019664014,New York,36,61,30900
9640,0.45073935,0.048708204,New York,36,81,400
9641,0.45249969,0.056562025,New York,36,81,600
9642,0.48710129,0.079801694,New York,36,81,2200
9643,0.33862114,0.011122684,New York,36,81,2500
9644,0.60591078,0.068586789,New York,36,81,2600
9645,0.37876371,0.06174019,New York,36,81,2800
9646,0.39992499,0.052530538,New York,36,81,3400
9647,0.55855381,0.070543163,New York,36,81,3600
9648,0.43848941,0.055149265,New York,36,81,4200
9649,0.35879916,0.025364812,New York,36,81,4300
9650,0.44527951,0.073056497,New York,36,81,4401
9651,0.33147252,0.023319492,New York,36,81,4700
9652,0.43494967,0.060552504,New York,36,81,5400
9653,0.59588969,0.080867365,New York,36,81,5800
9654,0.33036193,0.050424762,New York,36,81,8300
9655,0.328989,0.01366273,New York,36,81,8700
9656,0.42172819,0.052082088,New York,36,81,9400
9657,0.45932791,0.043222181,New York,36,81,9600
9658,0.45849222,0.04522888,New York,36,81,9800
9659,0.41210261,0.046402719,New York,36,81,10000
9660,0.45696604,0.051345192,New York,36,81,10200
9661,0.45267764,0.046191379,New York,36,81,10400
9662,0.4179267,0.045789607,New York,36,81,10500
9663,0.46975422,0.034555543,New York,36,81,10600
9664,0.38661462,0.047514163,New York,36,81,10800
9665,0.52610427,0.058133896,New York,36,81,11000
9666,0.58191824,0.073102705,New York,36,81,11200
9667,0.55139214,0.071194053,New York,36,81,11600
9668,0.43879825,0.063191138,New York,36,81,11800
9669,0.43622303,0.07427258,New York,36,81,12000
9670,0.48135245,0.061121456,New York,36,81,12200
9671,0.40716365,0.063435495,New York,36,81,12400
9672,0.37484434,0.050520565,New York,36,81,12601
9673,0.41050395,0.063856065,New York,36,81,12602
9674,0.44064608,0.079498619,New York,36,81,13400
9675,0.5004741,0.086109824,New York,36,81,13800
9676,0.39004469,0.027133465,New York,36,81,14201
9677,0.38033774,0.048345465,New York,36,81,14202
9678,0.51355147,0.051463928,New York,36,81,14400
9679,0.34515265,0.044842348,New York,36,81,14800
9680,0.42087939,0.050131686,New York,36,81,15000
9681,0.34189242,0.028085064,New York,36,81,15200
9682,0.44567621,0.044163413,New York,36,81,15400
9683,0.43045387,0.040227599,New York,36,81,15600
9684,0.40007108,0.022352505,New York,36,81,15801
9685,0.42804804,0.027696239,New York,36,81,15802
9686,0.32906672,0.021614658,New York,36,81,16300
9687,0.38316116,0.025640622,New York,36,81,16400
9688,0.55335951,0.035535399,New York,36,81,16600
9689,0.46929985,0.037809588,New York,36,81,16800
9690,0.3712554,0.023535172,New York,36,81,17000
9691,0.46743315,0.031350788,New York,36,81,17200
9692,0.40308616,0.025681423,New York,36,81,17400
9693,0.39678645,0.025987111,New York,36,81,17600
9694,0.38171151,0.02672453,New York,36,81,17800
9695,0.38796112,0.032942895,New York,36,81,18000
9696,0.40966666,0.021878181,New York,36,81,18200
9697,0.33523566,0.017521637,New York,36,81,18401
9698,0.38142246,0.022502752,New York,36,81,18402
9699,0.3762458,0.023562476,New York,36,81,18600
9700,0.37341928,0.030208172,New York,36,81,18800
9701,0.3679646,0.020608999,New York,36,81,19000
9702,0.40192038,0.022792341,New York,36,81,19200
9703,0.36130679,0.018598722,New York,36,81,19400
9704,0.37211302,0.017647339,New York,36,81,19600
9705,0.36977789,0.018877046,New York,36,81,19800
9706,0.3490389,0.02894026,New York,36,81,20200
9707,0.35623103,0.024019526,New York,36,81,20400
9708,0.41058394,0.033330023,New York,36,81,20600
9709,0.35378709,0.027652839,New York,36,81,20800
9710,0.42992273,0.05902157,New York,36,81,21200
9711,0.44533369,0.034249585,New York,36,81,21400
9712,0.51256323,0.061098281,New York,36,81,21600
9713,0.3963936,0.045228541,New York,36,81,22001
9714,0.41889471,0.052652247,New York,36,81,22002
9715,0.40982005,0.040027745,New York,36,81,23200
9716,0.40746298,0.039021783,New York,36,81,23600
9717,0.34850049,0.020618657,New York,36,81,23800
9718,0.43427256,0.028131112,New York,36,81,24000
9719,0.32040322,0.06042954,New York,36,81,24500
9720,0.33126843,0.010690631,New York,36,81,25400
9721,0.34985974,0.01947627,New York,36,81,25800
9722,0.31994081,0.019506272,New York,36,81,26000
9723,0.29136753,0.022747472,New York,36,81,26200
9724,0.36904177,0.020278398,New York,36,81,26400
9725,0.37189141,0.024309635,New York,36,81,26600
9726,0.36869392,0.02273635,New York,36,81,27000
9727,0.55606514,0.075238831,New York,36,81,27100
9728,0.35505313,0.020141779,New York,36,81,27200
9729,0.47261751,0.062423501,New York,36,81,27300
9730,0.34011781,0.019739265,New York,36,81,27400
9731,0.3519128,0.03151435,New York,36,81,27600
9732,0.36211669,0.088862851,New York,36,81,27700
9733,0.3264468,0.018848548,New York,36,81,27800
9734,0.32472134,0.021965545,New York,36,81,28000
9735,0.38842684,0.028790073,New York,36,81,28200
9736,0.37698522,0.020737054,New York,36,81,28400
9737,0.36274865,0.015682323,New York,36,81,28800
9738,0.40282324,0.016107941,New York,36,81,29400
9739,0.4133898,0.019399935,New York,36,81,30600
9740,0.40178105,0.017395156,New York,36,81,32000
9741,0.38625759,0.022398422,New York,36,81,32800
9742,0.3747533,0.013386197,New York,36,81,33000
9743,0.39943221,0.020120526,New York,36,81,33401
9744,0.38128969,0.0094115175,New York,36,81,33402
9745,0.42655879,0.049412522,New York,36,81,34700
9746,0.29014444,0.059125271,New York,36,81,35100
9747,0.37658989,0.020229375,New York,36,81,35200
9748,0.35426655,0.032048427,New York,36,81,35300
9749,0.36609909,0.027931739,New York,36,81,35700
9750,0.3992593,0.016839786,New York,36,81,35800
9751,0.41544068,0.029553136,New York,36,81,36100
9752,0.36691096,0.027018026,New York,36,81,36300
9753,0.34524021,0.023101427,New York,36,81,36500
9754,0.36677507,0.023645995,New York,36,81,36600
9755,0.33277568,0.024662236,New York,36,81,36700
9756,0.38477767,0.021532498,New York,36,81,36800
9757,0.41512334,0.04092323,New York,36,81,37100
9758,0.33151796,0.034819499,New York,36,81,37300
9759,0.35026973,0.057372089,New York,36,81,37500
9760,0.37250406,0.012921054,New York,36,81,37600
9761,0.44437429,0.032876469,New York,36,81,37700
9762,0.38079557,0.028716398,New York,36,81,37900
9763,0.36981264,0.027668493,New York,36,81,38100
9764,0.42743877,0.021632468,New York,36,81,38400
9765,0.37668136,0.018337838,New York,36,81,39400
9766,0.38226581,0.023704093,New York,36,81,39800
9767,0.39685872,0.031470239,New York,36,81,40000
9768,0.40385517,0.068262413,New York,36,81,40100
9769,0.42242214,0.033270169,New York,36,81,40200
9770,0.30986297,0.057680499,New York,36,81,40300
9771,0.38628173,0.017465698,New York,36,81,40400
9772,0.53470093,0.059645087,New York,36,81,40700
9773,0.29600608,0.061342381,New York,36,81,40900
9774,0.37269166,0.015218747,New York,36,81,41400
9775,0.37559378,0.026428964,New York,36,81,42400
9776,0.39451906,0.03567455,New York,36,81,43200
9777,0.36907315,0.025028786,New York,36,81,43400
9778,0.35059729,0.069889106,New York,36,81,43701
9779,0.4306125,0.040482137,New York,36,81,43702
9780,0.35248104,0.014734191,New York,36,81,44000
9781,0.42194763,0.058805697,New York,36,81,44301
9782,0.34859973,0.027766,New York,36,81,44302
9783,0.39119437,0.028458731,New York,36,81,44400
9784,0.37143841,0.028123159,New York,36,81,44601
9785,0.42597553,0.021984834,New York,36,81,44602
9786,0.4508405,0.062360585,New York,36,81,44800
9787,0.38483384,0.072656788,New York,36,81,45200
9788,0.41848797,0.031245163,New York,36,81,45400
9789,0.40898046,0.010787683,New York,36,81,45500
9790,0.47181219,0.067853779,New York,36,81,45800
9791,0.39811662,0.018326689,New York,36,81,46000
9792,0.44081485,0.023477754,New York,36,81,46200
9793,0.33235082,0.076958567,New York,36,81,46400
9794,0.40876999,0.048208661,New York,36,81,46600
9795,0.37575725,0.066877365,New York,36,81,46700
9796,0.47873059,0.034024559,New York,36,81,46800
9797,0.52397001,0.079431638,New York,36,81,46900
9798,0.40447015,0.033403598,New York,36,81,47000
9799,0.43838406,0.042708173,New York,36,81,47200
9800,0.57163143,0.092687428,New York,36,81,47600
9801,0.3860977,0.028487036,New York,36,81,47800
9802,0.48733184,0.036545534,New York,36,81,48000
9803,0.50167036,0.047976587,New York,36,81,48200
9804,0.44742641,0.022487653,New York,36,81,48400
9805,0.43507466,0.019476019,New York,36,81,49200
9806,0.45113161,0.026302036,New York,36,81,49600
9807,0.39360318,0.015122095,New York,36,81,50000
9808,0.40312722,0.030117454,New York,36,81,50201
9809,0.43687183,0.02950602,New York,36,81,50202
9810,0.39353359,0.025516912,New York,36,81,50400
9811,0.38135818,0.024890566,New York,36,81,50600
9812,0.38737807,0.021038458,New York,36,81,50800
9813,0.41265154,0.026801301,New York,36,81,51000
9814,0.42454743,0.021811817,New York,36,81,51200
9815,0.3633078,0.022247804,New York,36,81,51600
9816,0.38837764,0.021784313,New York,36,81,51800
9817,0.38988778,0.026284851,New York,36,81,52000
9818,0.36115277,0.024563229,New York,36,81,52200
9819,0.35790041,0.022826979,New York,36,81,52400
9820,0.37336701,0.021143375,New York,36,81,52600
9821,0.40868136,0.026153047,New York,36,81,52800
9822,0.35954553,0.01729011,New York,36,81,53000
9823,0.37403783,0.022887399,New York,36,81,53200
9824,0.39949226,0.020534109,New York,36,81,53401
9825,0.40549123,0.025382482,New York,36,81,53601
9826,0.45557445,0.024569048,New York,36,81,53800
9827,0.41710195,0.015783492,New York,36,81,54000
9828,0.46637994,0.02488461,New York,36,81,54200
9829,0.45113736,0.038173068,New York,36,81,54800
9830,0.43613237,0.037863195,New York,36,81,55200
9831,0.35153052,0.07390625,New York,36,81,55300
9832,0.42254701,0.068095885,New York,36,81,55400
9833,0.44617119,0.058878738,New York,36,81,55600
9834,0.47661132,0.052985363,New York,36,81,55800
9835,0.37254372,0.058488362,New York,36,81,55900
9836,0.33221203,0.061569892,New York,36,81,56000
9837,0.44656432,0.067545928,New York,36,81,56200
9838,0.29322052,0.042401072,New York,36,81,56400
9839,0.4599973,0.049726281,New York,36,81,56600
9840,0.41565266,0.01754549,New York,36,81,56800
9841,0.39994895,0.017802196,New York,36,81,58000
9842,0.39177531,0.016140912,New York,36,81,58200
9843,0.38742992,0.029085502,New York,36,81,59000
9844,0.36138946,0.031827811,New York,36,81,59200
9845,0.38324437,0.026585851,New York,36,81,59400
9846,0.37720597,0.031844415,New York,36,81,59600
9847,0.39859974,0.027427189,New York,36,81,59800
9848,0.45277512,0.040565107,New York,36,81,60000
9849,0.45338657,0.030674161,New York,36,81,60600
9850,0.4289456,0.02618479,New York,36,81,60800
9851,0.38856009,0.029710073,New York,36,81,61000
9852,0.42393142,0.02886962,New York,36,81,61200
9853,0.45480937,0.03083924,New York,36,81,61400
9854,0.42369935,0.023829006,New York,36,81,61601
9855,0.40581885,0.030555526,New York,36,81,61602
9856,0.40890536,0.029261725,New York,36,81,61800
9857,0.3670851,0.02718802,New York,36,81,62000
9858,0.40889651,0.024540203,New York,36,81,62200
9859,0.36102453,0.019317143,New York,36,81,62600
9860,0.45145324,0.027845526,New York,36,81,63000
9861,0.43165958,0.022025248,New York,36,81,63200
9862,0.42866951,0.020509701,New York,36,81,63800
9863,0.43349147,0.021910947,New York,36,81,64600
9864,0.38586304,0.021275068,New York,36,81,65000
9865,0.45438021,0.024770854,New York,36,81,65400
9866,0.42171428,0.022715287,New York,36,81,65600
9867,0.4384523,0.021612206,New York,36,81,66000
9868,0.43260738,0.014353964,New York,36,81,66400
9869,0.43528867,0.016561924,New York,36,81,68000
9870,0.35667834,0.034523085,New York,36,81,68200
9871,0.28088126,0.062347349,New York,36,81,68300
9872,0.39134181,0.020166568,New York,36,81,69000
9873,0.41430026,0.021808192,New York,36,81,69400
9874,0.47658661,0.09434662,New York,36,81,71702
9875,0.38075575,0.051388729,New York,36,81,74500
9876,0.4438957,0.094340123,New York,36,81,74700
9877,0.43335024,0.076102771,New York,36,81,77903
9878,0.47640803,0.053709351,New York,36,81,77904
9879,0.36162925,0.082504518,New York,36,81,77905
9880,0.32410973,0.056660809,New York,36,81,77906
9881,0.49881625,0.061188333,New York,36,81,77907
9882,0.37063324,0.035765361,New York,36,81,77908
9883,0.37879732,0.024833875,New York,36,81,78800
9884,0.39739326,0.021894686,New York,36,81,79000
9885,0.37385029,0.024261421,New York,36,81,79200
9886,0.41280082,0.045635104,New York,36,81,79701
9887,0.55539995,0.058948062,New York,36,81,80900
9888,0.40322161,0.018341199,New York,36,81,81400
9889,0.37375617,0.019801453,New York,36,81,81800
9890,0.43776283,0.041356612,New York,36,81,83800
9891,0.4243952,0.028741218,New York,36,81,84000
9892,0.35638708,0.026457002,New York,36,81,84500
9893,0.42236242,0.070152365,New York,36,81,84601
9894,0.38503119,0.034843076,New York,36,81,84900
9895,0.44193169,0.059167538,New York,36,81,85500
9896,0.39263359,0.070290171,New York,36,81,85700
9897,0.37836528,0.034146909,New York,36,81,86300
9898,0.5145843,0.061981365,New York,36,81,86400
9899,0.30449033,0.032970369,New York,36,81,87100
9900,0.3838582,0.041528255,New York,36,81,88901
9901,0.51942104,0.069895774,New York,36,81,93800
9902,0.34954938,0.029688016,New York,36,81,94201
9903,0.32386908,0.019918408,New York,36,81,94202
9904,0.4134599,0.029479129,New York,36,81,94203
9905,0.38011861,0.018210098,New York,36,81,95400
9906,0.37411249,0.020425875,New York,36,81,96400
9907,0.34992725,0.014233127,New York,36,81,97202
9908,0.31717321,0.010676557,New York,36,81,97203
9909,0.34680918,0.018551495,New York,36,81,97204
9910,0.37574959,0.023077819,New York,36,81,99200
9911,0.38368496,0.014006627,New York,36,81,99801
9912,0.38057286,0.02001483,New York,36,81,99802
9913,0.35481203,0.032842193,New York,36,81,100801
9914,0.40651032,0.016783856,New York,36,81,100802
9915,0.3487162,0.01333726,New York,36,81,101001
9916,0.25289264,0.035754956,New York,36,81,101002
9917,0.3451266,0.013280161,New York,36,81,103201
9918,0.35600093,0.020308759,New York,36,81,103202
9919,0.50217855,0.089899026,New York,36,81,115900
9920,0.49610212,0.065722242,New York,36,81,116100
9921,0.46022838,0.052221194,New York,36,81,116300
9922,0.370538,0.048021056,New York,36,81,122701
9923,0.31500098,0.016727354,New York,36,81,122702
9924,0.29589912,0.068810545,New York,36,81,124100
9925,0.46621469,0.037178788,New York,36,81,125700
9926,0.44962308,0.073235579,New York,36,81,130100
9927,0.4951213,0.026889272,New York,36,81,134700
9928,0.42148373,0.045561925,New York,36,81,144700
9929,0.5013144,0.087639995,New York,36,81,145102
9930,0.1903038,0.053097531,New York,36,81,162100
9931,0.38103896,0.070025079,New York,36,85,300
9932,0.3353354,0.01612654,New York,36,85,700
9933,0.31841782,0.075726353,New York,36,85,800
9934,0.36806899,0.039523926,New York,36,85,900
9935,0.36648425,0.025119189,New York,36,85,1100
9936,0.28315109,0.050949447,New York,36,85,1700
9937,0.46823815,0.080692299,New York,36,85,1800
9938,0.35655266,0.079676643,New York,36,85,2002
9939,0.34225401,0.02297196,New York,36,85,2100
9940,0.39072117,0.052168284,New York,36,85,2700
9941,0.35186622,0.014519034,New York,36,85,2900
9942,0.47885999,0.045471549,New York,36,85,3300
9943,0.32227623,0.037535701,New York,36,85,3900
9944,0.36805874,0.0097615058,New York,36,85,4000
9945,0.3810946,0.090043589,New York,36,85,4700
9946,0.3581984,0.041702375,New York,36,85,6400
9947,0.41228878,0.047165241,New York,36,85,7500
9948,0.3792536,0.035893466,New York,36,85,7700
9949,0.32659072,0.023735229,New York,36,85,8100
9950,0.33618394,0.023897648,New York,36,85,9700
9951,0.33327666,0.032145076,New York,36,85,10500
9952,0.38301894,0.046388384,New York,36,85,11401
9953,0.49638185,0.058590449,New York,36,85,12500
9954,0.30849627,0.020133391,New York,36,85,13301
9955,0.36474308,0.025659867,New York,36,85,13302
9956,0.35419053,0.052382264,New York,36,85,14100
9957,0.21448012,0.083394468,New York,36,85,17010
9958,0.26556611,0.029773097,New York,36,85,17300
9959,0.20423059,0.054209262,New York,36,85,18702
9960,0.18876232,0.080532432,New York,36,85,18902
9961,0.309751,0.077002846,New York,36,85,20100
9962,0.35910332,0.019161867,New York,36,85,20700
9963,0.37241355,0.037805259,New York,36,85,21300
9964,0.37616515,0.035045952,New York,36,85,22300
9965,0.368379,0.037696648,New York,36,85,23100
9966,0.31095433,0.033584729,New York,36,85,23900
9967,0.36126596,0.040593799,New York,36,85,24700
9968,0.42733592,0.10042403,New York,36,85,27702
9969,0.37578651,0.045413822,New York,36,85,30301
9970,0.41003042,0.036380231,New York,36,85,30302
9971,0.38433281,0.018933672,New York,36,85,31901
9972,0.36339882,0.018296216,New York,36,85,31902
9973,0.30912423,0.054968871,New York,36,85,32300
9974,0.40280664,0.084068418,Newark,36,87,10501
9975,0.43556133,0.063054182,Newark,36,87,10502
9976,0.5184595,0.11312503,Newark,36,87,10503
9977,0.54273421,0.067680262,Newark,36,87,10601
9978,0.3602916,0.029327238,Newark,36,87,10602
9979,0.46558124,0.048798826,Newark,36,87,10701
9980,0.36054793,0.047131576,Newark,36,87,10702
9981,0.28590751,0.04366209,Newark,36,87,10703
9982,0.42120123,0.1038013,Newark,36,87,10801
9983,0.2248223,0.12983795,Newark,36,87,10803
9984,0.54207397,0.084670849,Newark,36,87,11101
9985,0.37757573,0.027850322,Newark,36,87,11102
9986,0.33847749,0.091457106,Newark,36,87,11200
9987,0.39552721,0.018628666,Newark,36,87,11301
9988,0.33818358,0.063485883,Newark,36,87,11302
9989,0.57022995,0.093923062,Newark,36,87,11303
9990,0.31741995,0.07705871,Newark,36,87,11401
9991,0.47990924,0.061161939,Newark,36,87,11404
9992,0.43983051,0.042859659,Newark,36,87,11405
9993,0.58302486,0.10896422,Newark,36,87,11501
9994,0.42200693,0.035316288,Newark,36,87,11502
9995,0.46156487,0.018750008,Newark,36,87,11504
9996,0.46000791,0.072211169,Newark,36,87,11901
9997,0.36248794,0.066465706,Newark,36,87,11902
9998,0.46147832,0.055817477,Newark,36,87,12102
9999,0.42699376,0.041895803,Newark,36,87,12106
10000,0.39477894,0.015929628,Newark,36,87,12202
10001,0.50226128,0.080436468,Newark,36,87,12203
10002,0.45881829,0.034582496,Newark,36,87,12204
10003,0.35433149,0.014971467,Newark,36,87,12300
10004,0.47249371,0.028390309,Newark,36,87,12401
10005,0.4344359,0.020690558,Newark,36,87,12402
10006,0.45364496,0.086548954,Newark,36,87,12501
10007,0.376564,0.059019126,Newark,36,87,12502
10008,0.40309209,0.026586067,Newark,36,87,13100
10009,0.4226878,0.042410236,Newark,36,87,13200
10010,0.3531594,0.09510383,New York,36,103,110901
10011,0.3309361,0.026712717,New York,36,103,110902
10012,0.380279,0.02910867,New York,36,103,111002
10013,0.35437045,0.020827888,New York,36,103,111100
10014,0.37333944,0.036355089,New York,36,103,111201
10015,0.46468884,0.046349324,New York,36,103,111503
10016,0.38719618,0.024539178,New York,36,103,111505
10017,0.32998767,0.035632722,New York,36,103,111506
10018,0.37915677,0.081605002,New York,36,103,112206
10019,0.32514578,0.11942392,New York,36,103,112210
10020,0.43823352,0.11882436,New York,36,103,112213
10021,0.23401755,0.12125811,New York,36,103,112214
10022,0.33529332,0.023822872,New York,36,103,122403
10023,0.36829036,0.022874743,New York,36,103,122405
10024,0.35049698,0.01325062,New York,36,103,122406
10025,0.32379302,0.012596528,New York,36,103,122501
10026,0.36307088,0.014933893,New York,36,103,122502
10027,0.46319264,0.066457123,New York,36,103,122601
10028,0.64042747,0.079751909,New York,36,103,122603
10029,0.25596437,0.034310661,New York,36,103,122704
10030,0.37734574,0.020420669,New York,36,103,122801
10031,0.33457065,0.070727967,New York,36,103,122802
10032,0.44449732,0.10455977,New York,36,103,123001
10033,0.39806184,0.035215437,New York,36,103,123201
10034,0.36797807,0.012468409,New York,36,103,123202
10035,0.3329393,0.012482279,New York,36,103,123301
10036,0.35616928,0.021964436,New York,36,103,123302
10037,0.34735501,0.068324864,New York,36,103,123401
10038,0.35012361,0.063460603,New York,36,103,123402
10039,0.36081815,0.032933433,New York,36,103,123500
10040,0.35558271,0.030112373,New York,36,103,123701
10041,0.43562633,0.09255778,New York,36,103,123900
10042,0.45911643,0.058825579,New York,36,103,124300
10043,0.48543221,0.059795409,New York,36,103,124500
10044,0.50660723,0.082835585,New York,36,103,124602
10045,0.42327058,0.035003208,New York,36,103,145602
10046,0.31082615,0.019855199,New York,36,103,145603
10047,0.33210391,0.031140963,New York,36,103,145604
10048,0.39500323,0.038793694,New York,36,103,145605
10049,0.49340287,0.085708596,New York,36,103,145701
10050,0.32615554,0.032238733,New York,36,103,145702
10051,0.34049782,0.024782659,New York,36,103,145703
10052,0.36370885,0.021564122,New York,36,103,145704
10053,0.41833743,0.057330236,New York,36,103,145804
10054,0.38332751,0.04426204,New York,36,103,145901
10055,0.38256732,0.025579665,New York,36,103,145902
10056,0.32871497,0.04720512,New York,36,103,145903
10057,0.32514337,0.028005419,New York,36,103,146001
10058,0.39834267,0.034500655,New York,36,103,146002
10059,0.35138869,0.022402251,New York,36,103,146003
10060,0.40136477,0.04901208,New York,36,103,146102
10061,0.37087902,0.026729293,New York,36,103,146105
10062,0.34384012,0.031616766,New York,36,103,146106
10063,0.36242467,0.030619513,New York,36,103,146201
10064,0.35666722,0.020347537,New York,36,103,146202
10065,0.30966586,0.022111958,New York,36,103,146203
10066,0.36407083,0.027131064,New York,36,103,146204
10067,0.35821286,0.082683422,New York,36,103,146206
10068,0.36579359,0.077668495,New York,36,103,146300
10069,0.35307536,0.020934206,New York,36,103,146403
10070,0.28867853,0.026880376,New York,36,103,146404
10071,0.54658508,0.094142303,New York,36,103,146614
10072,0.40063417,0.067189038,New York,36,103,146703
10073,0.33423564,0.029014913,New York,36,103,147200
10074,0.3281796,0.018580254,New York,36,103,147300
10075,0.28985131,0.03839992,New York,36,103,147401
10076,0.35271209,0.081969343,New York,36,103,147501
10077,0.52654904,0.08452338,New York,36,103,147901
10078,0.41267332,0.097292744,New York,36,103,158102
10079,0.49544916,0.068583854,New York,36,103,158103
10080,0.38806528,0.098911002,New York,36,103,158104
10081,0.42529786,0.065893039,New York,36,103,158308
10082,0.45327058,0.088204488,New York,36,103,158309
10083,0.43618694,0.054000024,New York,36,103,158315
10084,0.2004118,0.073807582,New York,36,103,158319
10085,0.37997335,0.067384019,New York,36,103,158320
10086,0.36424488,0.044582896,New York,36,103,158321
10087,0.45506862,0.075918585,New York,36,103,158403
10088,0.51904881,0.077578425,New York,36,103,158510
10089,0.31851724,0.021592464,New York,36,103,158704
10090,0.34650737,0.021205582,New York,36,103,158705
10091,0.29984936,0.032398097,New York,36,103,158708
10092,0.27305219,0.04286924,New York,36,103,158710
10093,0.31083614,0.037064463,New York,36,103,158711
10094,0.43364665,0.050380021,New York,36,103,158712
10095,0.38652304,0.039294079,New York,36,103,158900
10096,0.27579343,0.054804966,New York,36,103,159000
10097,0.34432524,0.06860923,New York,36,103,159102
10098,0.27786601,0.013078715,New York,36,103,159103
10099,0.2754868,0.071196176,New York,36,103,159105
10100,0.33665994,0.045506794,New York,36,103,159106
10101,0.33995223,0.075142428,New York,36,103,159108
10102,0.33404073,0.042621709,New York,36,103,159204
10103,0.32426539,0.032268498,New York,36,103,159404
10104,0.31367156,0.045806002,New York,36,103,159406
10105,0.35878381,0.057299387,New York,36,103,159407
10106,0.30376968,0.065037817,New York,36,103,159408
10107,0.31100196,0.034757879,New York,36,103,159410
10108,0.52355552,0.092156023,New York,36,103,159411
10109,0.29384401,0.053679541,New York,36,103,159505
10110,0.31282014,0.030489746,New York,36,103,159506
10111,0.28244835,0.035929278,New York,36,103,159508
10112,0.35782,0.058116112,New York,36,103,159509
10113,0.39235127,0.040518221,New York,36,103,159511
10114,0.2726607,0.030278245,New York,36,103,169704
10115,0.30389538,0.019457368,New York,36,103,169800
10116,0.30347532,0.02386342,New York,36,103,169901
10117,0.37057185,0.062671982,New York,36,103,170101
10118,0.28244874,0.018904421,New York,36,103,190401
10119,0.35473317,0.066019334,New York,36,103,190502
10120,0.38348255,0.047286391,New York,36,103,190800
10121,0.49817804,0.074067481,New York,36,103,200902
10122,0.36381349,0.068866625,New York,36,103,201003
10123,0.36907744,0.034463361,New York,36,103,201100
10124,0.33380675,0.018549234,New York,36,119,101
10125,0.35709324,0.015166638,New York,36,119,103
10126,0.35733154,0.021568321,New York,36,119,201
10127,0.36466002,0.029857988,New York,36,119,202
10128,0.49180102,0.06509839,New York,36,119,203
10129,0.34114307,0.019707218,New York,36,119,300
10130,0.36706954,0.017157046,New York,36,119,401
10131,0.33509001,0.012849794,New York,36,119,402
10132,0.32111463,0.017304227,New York,36,119,500
10133,0.34386125,0.021637423,New York,36,119,600
10134,0.33253378,0.039358724,New York,36,119,701
10135,0.34002873,0.018500719,New York,36,119,702
10136,0.42321688,0.08651296,New York,36,119,801
10137,0.46173227,0.088289477,New York,36,119,802
10138,0.43319207,0.058668576,New York,36,119,803
10139,0.53225726,0.084694013,New York,36,119,900
10140,0.3349956,0.026551578,New York,36,119,1000
10141,0.32425711,0.030729478,New York,36,119,1101
10142,0.38585326,0.028701112,New York,36,119,1102
10143,0.35286477,0.031162336,New York,36,119,1200
10144,0.34723094,0.054556958,New York,36,119,1301
10145,0.28697112,0.02785819,New York,36,119,1302
10146,0.342783,0.021085512,New York,36,119,1303
10147,0.31526262,0.068661198,New York,36,119,1401
10148,0.40379092,0.036757801,New York,36,119,1800
10149,0.34424657,0.051729895,New York,36,119,2104
10150,0.32915741,0.029310811,New York,36,119,2106
10151,0.50933641,0.079588361,New York,36,119,2107
10152,0.36775693,0.096471414,New York,36,119,2204
10153,0.38660178,0.063642614,New York,36,119,2402
10154,0.56355327,0.058852632,New York,36,119,2403
10155,0.42941695,0.019015379,New York,36,119,2600
10156,0.34447789,0.014147647,New York,36,119,2700
10157,0.3702195,0.019048756,New York,36,119,2800
10158,0.32405922,0.011581267,New York,36,119,2900
10159,0.36605489,0.016307591,New York,36,119,3000
10160,0.36993492,0.016765615,New York,36,119,3100
10161,0.35918567,0.016682807,New York,36,119,3200
10162,0.35347256,0.015965881,New York,36,119,3300
10163,0.38377994,0.016966091,New York,36,119,3400
10164,0.36466843,0.02449977,New York,36,119,3500
10165,0.45831031,0.029561194,New York,36,119,3600
10166,0.3806842,0.031140296,New York,36,119,3700
10167,0.60110486,0.061092366,New York,36,119,3800
10168,0.41263872,0.071282402,New York,36,119,3900
10169,0.3716763,0.017006859,New York,36,119,4000
10170,0.4181487,0.020918002,New York,36,119,4100
10171,0.40113577,0.025673484,New York,36,119,4200
10172,0.49965125,0.047327131,New York,36,119,4300
10173,0.38364279,0.048070833,New York,36,119,4400
10174,0.45321772,0.039823256,New York,36,119,4800
10175,0.56532085,0.058285471,New York,36,119,5300
10176,0.37699509,0.048408162,New York,36,119,5701
10177,0.47542897,0.064418569,New York,36,119,5702
10178,0.4627279,0.066863604,New York,36,119,5800
10179,0.37385771,0.035045203,New York,36,119,5901
10180,0.41794375,0.036429331,New York,36,119,5902
10181,0.37963891,0.026123356,New York,36,119,6000
10182,0.35322595,0.035397258,New York,36,119,6100
10183,0.34618101,0.041095179,New York,36,119,6200
10184,0.36725584,0.020700121,New York,36,119,6300
10185,0.37424877,0.015565529,New York,36,119,6400
10186,0.35898858,0.02211855,New York,36,119,6500
10187,0.39173949,0.0624961,New York,36,119,6600
10188,0.6002292,0.098435178,New York,36,119,6700
10189,0.39995578,0.11314853,New York,36,119,6801
10190,0.52363807,0.081415959,New York,36,119,6802
10191,0.3465485,0.069806851,New York,36,119,7200
10192,0.32343405,0.057828791,New York,36,119,7300
10193,0.30726343,0.030861082,New York,36,119,7800
10194,0.4436374,0.049360614,New York,36,119,7900
10195,0.3347151,0.032930497,New York,36,119,8000
10196,0.27465904,0.079342499,New York,36,119,8200
10197,0.46245056,0.042558853,New York,36,119,8800
10198,0.44935068,0.048965957,New York,36,119,8901
10199,0.40317273,0.038400736,New York,36,119,8902
10200,0.35786021,0.033812765,New York,36,119,9000
10201,0.49843958,0.035812315,New York,36,119,9100
10202,0.41084051,0.026964819,New York,36,119,9200
10203,0.32308269,0.021153806,New York,36,119,9300
10204,0.3588303,0.034065235,New York,36,119,9400
10205,0.36991829,0.031611979,New York,36,119,9500
10206,0.55014294,0.10081248,New York,36,119,9702
10207,0.26567167,0.13041559,New York,36,119,10000
10208,0.35460609,0.072382435,New York,36,119,10500
10209,0.53213233,0.11568651,New York,36,119,10801
10210,0.3849597,0.050278913,New York,36,119,10803
10211,0.39818397,0.061867975,New York,36,119,10901
10212,0.42299199,0.029024506,New York,36,119,10902
10213,0.39249146,0.020026116,New York,36,119,10903
10214,0.42147452,0.032902502,New York,36,119,11000
10215,0.42370331,0.057405107,New York,36,119,11101
10216,0.43038803,0.043012727,New York,36,119,11200
10217,0.43085277,0.065086119,New York,36,119,11400
10218,0.34763527,0.048334777,New York,36,119,11500
10219,0.31689551,0.035381619,New York,36,119,11600
10220,0.39202189,0.08321166,New York,36,119,12802
10221,0.51671487,0.057447955,New York,36,119,12900
10222,0.50557655,0.070258752,New York,36,119,13000
10223,0.40756792,0.032051824,New York,36,119,13301
10224,0.34101871,0.024009075,New York,36,119,13304
10225,0.40376002,0.046127588,New York,36,119,13400
10226,0.372888,0.033798594,New York,36,119,13600
10227,0.37995768,0.025551852,New York,36,119,14100
10228,0.34267479,0.029368011,New York,36,119,14200
10229,0.3127552,0.020475253,New York,36,119,14300
10230,0.3808322,0.028351966,New York,36,119,14400
10231,0.38100216,0.044270217,New York,36,119,14500
10232,0.36001447,0.055716135,New York,36,119,14605
10233,0.35542193,0.12895542,New York,36,119,14701
10234,0.46815136,0.075839892,New York,36,119,14703
10235,0.31466478,0.086158268,New York,36,119,14804
10236,0.55632585,0.11438399,New York,36,119,14809
10237,0.33307579,0.044899918,Cleveland,39,7,601
10238,0.34331912,0.064767696,Cleveland,39,7,602
10239,0.21603464,0.047309943,Cleveland,39,7,603
10240,0.31762528,0.021387605,Cleveland,39,7,701
10241,0.30714372,0.029794671,Cleveland,39,7,703
10242,0.38818106,0.049121767,Cleveland,39,7,704
10243,0.26412383,0.051289774,Cleveland,39,7,1102
10244,0.28428456,0.059860431,Cleveland,39,7,1400
10245,0.32970223,0.028631642,Cleveland,39,35,101101
10246,0.28752488,0.037366103,Cleveland,39,35,101102
10247,0.25599614,0.024589777,Cleveland,39,35,101200
10248,0.28387213,0.025039211,Cleveland,39,35,101300
10249,0.24481587,0.039873641,Cleveland,39,35,101400
10250,0.25937414,0.028635055,Cleveland,39,35,101501
10251,0.26693204,0.028562795,Cleveland,39,35,101603
10252,0.22499131,0.021126974,Cleveland,39,35,101700
10253,0.24166764,0.02704847,Cleveland,39,35,101800
10254,0.3186838,0.043482013,Cleveland,39,35,101901
10255,0.28413749,0.041025843,Cleveland,39,35,102101
10256,0.28075194,0.028641582,Cleveland,39,35,102102
10257,0.24088055,0.03429522,Cleveland,39,35,102200
10258,0.25753424,0.036841247,Cleveland,39,35,102300
10259,0.23839374,0.037392493,Cleveland,39,35,102401
10260,0.26874891,0.031376004,Cleveland,39,35,102402
10261,0.20464876,0.026838148,Cleveland,39,35,102700
10262,0.30753976,0.04954347,Cleveland,39,35,102800
10263,0.22972587,0.035632502,Cleveland,39,35,103100
10264,0.26100242,0.020354185,Cleveland,39,35,103300
10265,0.31025979,0.025162091,Cleveland,39,35,103400
10266,0.27392301,0.030728495,Cleveland,39,35,103500
10267,0.28261176,0.018471034,Cleveland,39,35,103602
10268,0.22924732,0.035960097,Cleveland,39,35,103800
10269,0.28689921,0.030685887,Cleveland,39,35,103900
10270,0.26753005,0.052583575,Cleveland,39,35,104100
10271,0.23142801,0.026840549,Cleveland,39,35,104200
10272,0.39795586,0.069340788,Cleveland,39,35,104300
10273,0.24133345,0.035001077,Cleveland,39,35,104400
10274,0.37395731,0.063512027,Cleveland,39,35,104600
10275,0.22514445,0.036537949,Cleveland,39,35,104800
10276,0.28453851,0.037049185,Cleveland,39,35,104900
10277,0.3706761,0.046835434,Cleveland,39,35,105100
10278,0.28009591,0.041288372,Cleveland,39,35,105300
10279,0.31607747,0.029961145,Cleveland,39,35,105400
10280,0.22943465,0.030814108,Cleveland,39,35,105500
10281,0.3198452,0.031568583,Cleveland,39,35,105602
10282,0.26969483,0.035950698,Cleveland,39,35,105700
10283,0.2428681,0.063277043,Cleveland,39,35,106100
10284,0.29325894,0.048466489,Cleveland,39,35,106300
10285,0.23861247,0.042198289,Cleveland,39,35,107101
10286,0.28355888,0.034468215,Cleveland,39,35,107701
10287,0.25373727,0.027303346,Cleveland,39,35,107802
10288,0.2995533,0.051455393,Cleveland,39,35,108201
10289,0.32490742,0.042803865,Cleveland,39,35,108301
10290,0.30046263,0.050668977,Cleveland,39,35,108400
10291,0.2459733,0.011616119,Cleveland,39,35,108701
10292,0.2670956,0.016322788,Cleveland,39,35,109301
10293,0.29162872,0.026441349,Cleveland,39,35,109701
10294,0.24494833,0.015262892,Cleveland,39,35,109801
10295,0.22773445,0.027946563,Cleveland,39,35,110501
10296,0.29420134,0.025044011,Cleveland,39,35,110801
10297,0.22095165,0.026347091,Cleveland,39,35,110901
10298,0.28017733,0.016118782,Cleveland,39,35,111202
10299,0.26862261,0.01296158,Cleveland,39,35,111401
10300,0.31603205,0.02229468,Cleveland,39,35,111500
10301,0.2696504,0.015447831,Cleveland,39,35,111600
10302,0.23623663,0.011960213,Cleveland,39,35,111700
10303,0.23934534,0.013841709,Cleveland,39,35,111800
10304,0.26268005,0.015284127,Cleveland,39,35,111902
10305,0.27382603,0.014441868,Cleveland,39,35,112100
10306,0.24482387,0.011741022,Cleveland,39,35,112200
10307,0.28060022,0.015963214,Cleveland,39,35,112301
10308,0.28779894,0.01500214,Cleveland,39,35,112400
10309,0.26342323,0.014546008,Cleveland,39,35,112500
10310,0.29461485,0.016269712,Cleveland,39,35,112600
10311,0.26870981,0.01890819,Cleveland,39,35,112800
10312,0.27834409,0.021508804,Cleveland,39,35,113101
10313,0.28192088,0.014399334,Cleveland,39,35,113500
10314,0.27772471,0.017404379,Cleveland,39,35,113600
10315,0.23047078,0.013485448,Cleveland,39,35,113801
10316,0.25471559,0.014853298,Cleveland,39,35,114100
10317,0.24165575,0.013791518,Cleveland,39,35,114300
10318,0.28250808,0.012602341,Cleveland,39,35,114501
10319,0.24984053,0.023093686,Cleveland,39,35,114600
10320,0.25193462,0.020074183,Cleveland,39,35,114700
10321,0.28521624,0.018984443,Cleveland,39,35,114900
10322,0.17547289,0.03480193,Cleveland,39,35,115100
10323,0.2788946,0.040699679,Cleveland,39,35,115200
10324,0.24441032,0.02107076,Cleveland,39,35,115300
10325,0.25311717,0.031792879,Cleveland,39,35,115400
10326,0.29229826,0.048130702,Cleveland,39,35,115700
10327,0.25695902,0.01790666,Cleveland,39,35,115800
10328,0.30811298,0.023487644,Cleveland,39,35,115900
10329,0.28157991,0.016248798,Cleveland,39,35,116100
10330,0.28912973,0.014115734,Cleveland,39,35,116200
10331,0.29648301,0.01307103,Cleveland,39,35,116300
10332,0.28314024,0.0097219096,Cleveland,39,35,116400
10333,0.28629404,0.0098310979,Cleveland,39,35,116500
10334,0.2886785,0.0094619282,Cleveland,39,35,116600
10335,0.26206538,0.011310386,Cleveland,39,35,116700
10336,0.27980268,0.0097688464,Cleveland,39,35,116800
10337,0.30431792,0.011277271,Cleveland,39,35,116900
10338,0.25979149,0.010344217,Cleveland,39,35,117101
10339,0.27933973,0.014048111,Cleveland,39,35,117102
10340,0.28593788,0.014819054,Cleveland,39,35,117201
10341,0.31330377,0.018441163,Cleveland,39,35,117202
10342,0.27943289,0.010103252,Cleveland,39,35,117300
10343,0.30008087,0.020994846,Cleveland,39,35,117400
10344,0.28758413,0.014920925,Cleveland,39,35,117500
10345,0.31318986,0.018310012,Cleveland,39,35,117600
10346,0.30602747,0.02025987,Cleveland,39,35,117700
10347,0.32666287,0.016669232,Cleveland,39,35,117800
10348,0.30815071,0.011394526,Cleveland,39,35,117900
10349,0.29823166,0.01159661,Cleveland,39,35,118101
10350,0.28819409,0.010376634,Cleveland,39,35,118200
10351,0.28343722,0.0098540252,Cleveland,39,35,118301
10352,0.28595889,0.011818073,Cleveland,39,35,118400
10353,0.28565225,0.014011266,Cleveland,39,35,118500
10354,0.26017261,0.011375896,Cleveland,39,35,118602
10355,0.33991462,0.030943442,Cleveland,39,35,118700
10356,0.21266852,0.029960662,Cleveland,39,35,118800
10357,0.28391126,0.012772183,Cleveland,39,35,118900
10358,0.35802752,0.059235714,Cleveland,39,35,119100
10359,0.245401,0.02662608,Cleveland,39,35,119202
10360,0.26905903,0.0095161647,Cleveland,39,35,119300
10361,0.31103066,0.016808314,Cleveland,39,35,119401
10362,0.28012344,0.017036013,Cleveland,39,35,119402
10363,0.30825254,0.016002458,Cleveland,39,35,119501
10364,0.26100144,0.018742217,Cleveland,39,35,119502
10365,0.32647082,0.014035869,Cleveland,39,35,119600
10366,0.32677636,0.015151676,Cleveland,39,35,119701
10367,0.30110386,0.015106382,Cleveland,39,35,119702
10368,0.28303,0.0091670621,Cleveland,39,35,119800
10369,0.30325449,0.012256285,Cleveland,39,35,119900
10370,0.27257541,0.011773637,Cleveland,39,35,120200
10371,0.27604216,0.0096163042,Cleveland,39,35,120400
10372,0.29041609,0.010392673,Cleveland,39,35,120500
10373,0.2758202,0.010237265,Cleveland,39,35,120600
10374,0.29751846,0.014356893,Cleveland,39,35,120701
10375,0.31190568,0.013582328,Cleveland,39,35,120702
10376,0.28443253,0.015219741,Cleveland,39,35,120801
10377,0.30448624,0.012012398,Cleveland,39,35,120802
10378,0.27356675,0.010401661,Cleveland,39,35,121100
10379,0.28943509,0.012917071,Cleveland,39,35,121200
10380,0.28030637,0.0097957281,Cleveland,39,35,121300
10381,0.27762067,0.013042111,Cleveland,39,35,121401
10382,0.2812978,0.0094582019,Cleveland,39,35,121403
10383,0.33182448,0.012404108,Cleveland,39,35,121500
10384,0.31839597,0.011837731,Cleveland,39,35,121700
10385,0.32681602,0.016421389,Cleveland,39,35,121800
10386,0.29027438,0.016132701,Cleveland,39,35,121900
10387,0.30579481,0.011472513,Cleveland,39,35,122100
10388,0.31296676,0.013761083,Cleveland,39,35,122200
10389,0.29516244,0.013340746,Cleveland,39,35,122300
10390,0.37810203,0.050320823,Cleveland,39,35,123501
10391,0.34407061,0.033978704,Cleveland,39,35,123502
10392,0.25987658,0.054019216,Cleveland,39,35,123602
10393,0.33185619,0.058969151,Cleveland,39,35,123700
10394,0.27203625,0.019150287,Cleveland,39,35,123800
10395,0.26886144,0.04735354,Cleveland,39,35,123900
10396,0.24853811,0.024291383,Cleveland,39,35,124100
10397,0.21177524,0.040895142,Cleveland,39,35,124201
10398,0.32308707,0.049121499,Cleveland,39,35,124202
10399,0.29969874,0.024631253,Cleveland,39,35,124300
10400,0.24329358,0.037915889,Cleveland,39,35,124500
10401,0.27620411,0.025364747,Cleveland,39,35,124600
10402,0.31892675,0.011765421,Cleveland,39,35,126100
10403,0.27327317,0.0085126553,Cleveland,39,35,127501
10404,0.49432141,0.067508914,Cleveland,39,35,131102
10405,0.62503314,0.12859544,Cleveland,39,35,131103
10406,0.3300525,0.088652425,Cleveland,39,35,131104
10407,0.30104107,0.023964835,Cleveland,39,35,132100
10408,0.37448668,0.047106612,Cleveland,39,35,132200
10409,0.3516764,0.029012995,Cleveland,39,35,132301
10410,0.27906421,0.027454803,Cleveland,39,35,132302
10411,0.3592509,0.016935585,Cleveland,39,35,133103
10412,0.33371067,0.017520091,Cleveland,39,35,133104
10413,0.31152213,0.04891099,Cleveland,39,35,134100
10414,0.33032259,0.049491815,Cleveland,39,35,134204
10415,0.3780528,0.072022066,Cleveland,39,35,134205
10416,0.35676143,0.075094037,Cleveland,39,35,134300
10417,0.38931465,0.062461078,Cleveland,39,35,136102
10418,0.35040596,0.064487405,Cleveland,39,35,137102
10419,0.31969178,0.043130901,Cleveland,39,35,138105
10420,0.27127716,0.117805,Cleveland,39,35,138106
10421,0.29561639,0.021317724,Cleveland,39,35,140100
10422,0.32583895,0.01477833,Cleveland,39,35,140301
10423,0.37546811,0.02115052,Cleveland,39,35,140302
10424,0.3727307,0.021499518,Cleveland,39,35,140400
10425,0.36399609,0.022311503,Cleveland,39,35,140500
10426,0.31943929,0.02475532,Cleveland,39,35,140600
10427,0.33715633,0.018081516,Cleveland,39,35,140701
10428,0.31519547,0.020780293,Cleveland,39,35,140702
10429,0.30156368,0.027195809,Cleveland,39,35,140800
10430,0.4093796,0.025870237,Cleveland,39,35,140900
10431,0.2734659,0.017405065,Cleveland,39,35,141000
10432,0.31908908,0.030309357,Cleveland,39,35,141100
10433,0.39338315,0.04023524,Cleveland,39,35,141200
10434,0.34173241,0.074410692,Cleveland,39,35,141300
10435,0.32874754,0.044323821,Cleveland,39,35,141400
10436,0.37243545,0.039951816,Cleveland,39,35,141500
10437,0.26896256,0.042708274,Cleveland,39,35,141601
10438,0.33147886,0.02495922,Cleveland,39,35,141602
10439,0.39263415,0.050072733,Cleveland,39,35,141700
10440,0.30437171,0.0098414347,Cleveland,39,35,150100
10441,0.28349832,0.011524735,Cleveland,39,35,150300
10442,0.30053025,0.010711689,Cleveland,39,35,150400
10443,0.28885585,0.013807451,Cleveland,39,35,151100
10444,0.30537286,0.013911448,Cleveland,39,35,151200
10445,0.31821239,0.02096469,Cleveland,39,35,151300
10446,0.28314456,0.010666579,Cleveland,39,35,151400
10447,0.28666639,0.012036685,Cleveland,39,35,151500
10448,0.30311286,0.013473726,Cleveland,39,35,151600
10449,0.29666525,0.01204264,Cleveland,39,35,151700
10450,0.30691698,0.012705944,Cleveland,39,35,151800
10451,0.33545491,0.02760664,Cleveland,39,35,152102
10452,0.32643032,0.018634427,Cleveland,39,35,152201
10453,0.33385545,0.020165369,Cleveland,39,35,152202
10454,0.28928503,0.017092941,Cleveland,39,35,152301
10455,0.34237638,0.034123056,Cleveland,39,35,152302
10456,0.33920112,0.027832447,Cleveland,39,35,152303
10457,0.31868502,0.033847656,Cleveland,39,35,152400
10458,0.30625778,0.023417337,Cleveland,39,35,152501
10459,0.31762829,0.022993397,Cleveland,39,35,152502
10460,0.31594488,0.022666628,Cleveland,39,35,152603
10461,0.29934758,0.014109208,Cleveland,39,35,152604
10462,0.30764756,0.020665942,Cleveland,39,35,152701
10463,0.32301497,0.018304227,Cleveland,39,35,152702
10464,0.30504966,0.023791213,Cleveland,39,35,152703
10465,0.25638497,0.055079825,Cleveland,39,35,154100
10466,0.3311038,0.051950388,Cleveland,39,35,154200
10467,0.30428916,0.019328667,Cleveland,39,35,154300
10468,0.33846512,0.054805417,Cleveland,39,35,154400
10469,0.29299662,0.06326022,Cleveland,39,35,154501
10470,0.2948131,0.02916687,Cleveland,39,35,154502
10471,0.32807758,0.04278234,Cleveland,39,35,154601
10472,0.29434389,0.054246344,Cleveland,39,35,154603
10473,0.26387852,0.043347389,Cleveland,39,35,154604
10474,0.31258839,0.011923847,Cleveland,39,35,154700
10475,0.34815082,0.045792829,Cleveland,39,35,160601
10476,0.24163304,0.037456267,Cleveland,39,35,160602
10477,0.33028147,0.058795538,Cleveland,39,35,161700
10478,0.35036442,0.014430136,Cleveland,39,35,171102
10479,0.32371563,0.015362736,Cleveland,39,35,171103
10480,0.31021315,0.012339235,Cleveland,39,35,171104
10481,0.35083514,0.033370648,Cleveland,39,35,171203
10482,0.32277751,0.020747216,Cleveland,39,35,171204
10483,0.32032058,0.026645385,Cleveland,39,35,171205
10484,0.35303524,0.039822467,Cleveland,39,35,171206
10485,0.33508635,0.041523419,Cleveland,39,35,172103
10486,0.28853947,0.06131253,Cleveland,39,35,172202
10487,0.45437992,0.071997143,Cleveland,39,35,173106
10488,0.43272421,0.083664924,Cleveland,39,35,174205
10489,0.26815042,0.027221488,Cleveland,39,35,177101
10490,0.28336024,0.050412636,Cleveland,39,35,177103
10491,0.30346498,0.043834567,Cleveland,39,35,177304
10492,0.37683767,0.063493051,Cleveland,39,35,177608
10493,0.2204822,0.051078387,Cleveland,39,35,178102
10494,0.2339661,0.053195409,Cleveland,39,35,178204
10495,0.36877489,0.10406025,Cleveland,39,35,179101
10496,0.39372608,0.041778635,Cleveland,39,35,180102
10497,0.33673918,0.060137041,Cleveland,39,35,180103
10498,0.36625892,0.018746061,Cleveland,39,35,180104
10499,0.38521451,0.03306428,Cleveland,39,35,183100
10500,0.42418927,0.088313974,Cleveland,39,35,183200
10501,0.41391808,0.081002288,Cleveland,39,35,183300
10502,0.3398025,0.042915475,Cleveland,39,35,183401
10503,0.29817849,0.024643172,Cleveland,39,35,183402
10504,0.3714554,0.03181589,Cleveland,39,35,183501
10505,0.32436869,0.027482394,Cleveland,39,35,183502
10506,0.35033047,0.021469079,Cleveland,39,35,183603
10507,0.38056937,0.02829719,Cleveland,39,35,183604
10508,0.36689174,0.028551698,Cleveland,39,35,183605
10509,0.4037194,0.041597061,Cleveland,39,35,183606
10510,0.37723958,0.083133943,Cleveland,39,35,184103
10511,0.53023231,0.063340925,Cleveland,39,35,184105
10512,0.43376741,0.064372659,Cleveland,39,35,184108
10513,0.30336058,0.019967174,Cleveland,39,35,185101
10514,0.38149324,0.041973092,Cleveland,39,35,185102
10515,0.37326869,0.052492626,Cleveland,39,35,185103
10516,0.38278553,0.053370949,Cleveland,39,35,185104
10517,0.45229435,0.03062986,Cleveland,39,35,185201
10518,0.31798157,0.021337871,Cleveland,39,35,185202
10519,0.32571217,0.05097067,Cleveland,39,35,185203
10520,0.23997746,0.056517258,Cleveland,39,35,186106
10521,0.33284077,0.025312176,Cleveland,39,35,187103
10522,0.3697457,0.041326631,Cleveland,39,35,187104
10523,0.38493884,0.066805258,Cleveland,39,35,187105
10524,0.44328681,0.05612519,Cleveland,39,35,187106
10525,0.31424937,0.012919416,Cleveland,39,35,188103
10526,0.34245086,0.016481856,Cleveland,39,35,188104
10527,0.34195203,0.014146001,Cleveland,39,35,188105
10528,0.31874818,0.012233109,Cleveland,39,35,188106
10529,0.32444164,0.0128204,Cleveland,39,35,188107
10530,0.33167309,0.059457868,Cleveland,39,35,192800
10531,0.30628139,0.031524509,Cleveland,39,35,193800
10532,0.2935845,0.03940833,Cleveland,39,35,193900
10533,0.36981511,0.046993181,Cleveland,39,35,194800
10534,0.54931778,0.071976647,Cleveland,39,35,194900
10535,0.3519648,0.014395103,Cleveland,39,35,195600
10536,0.32812876,0.019613836,Cleveland,39,35,195700
10537,0.44132781,0.11831401,Cleveland,39,35,195800
10538,0.41110304,0.038558859,Cleveland,39,35,196000
10539,0.21648426,0.046955977,Cleveland,39,35,196100
10540,0.30003268,0.0082641244,Cleveland,39,35,196200
10541,0.28131628,0.012808548,Cleveland,39,35,196400
10542,0.26408964,0.012116705,Cleveland,39,35,196500
10543,0.3486096,0.044825424,Cleveland,39,55,311700
10544,0.26691762,0.051658437,Cleveland,39,85,200100
10545,0.30619499,0.05033423,Cleveland,39,85,200800
10546,0.35237384,0.026144095,Cleveland,39,85,201000
10547,0.44400194,0.089216053,Cleveland,39,85,201700
10548,0.33540148,0.026367282,Cleveland,39,85,204200
10549,0.28531894,0.022830207,Cleveland,39,85,204302
10550,0.26002711,0.037143912,Cleveland,39,85,204400
10551,0.23862687,0.026785783,Cleveland,39,85,204500
10552,0.35488853,0.055536125,Cleveland,39,85,204700
10553,0.36591518,0.040793411,Cleveland,39,103,408100
10554,0.45276999,0.084705286,Cleveland,39,103,408201
10555,0.37410888,0.086745396,Cleveland,39,103,408302
10556,0.3732127,0.073083133,Cleveland,39,133,600301
10557,0.29018962,0.041572358,Cleveland,39,133,600401
10558,0.39152303,0.081102237,Cleveland,39,133,600402
10559,0.34219357,0.071531922,Cleveland,39,133,600603
10560,0.31327274,0.060100134,Cleveland,39,133,600800
10561,0.24492453,0.028597619,Cleveland,39,133,600901
10562,0.32062641,0.083366722,Cleveland,39,133,600902
10563,0.27984634,0.037576757,Cleveland,39,133,601000
10564,0.3427172,0.044126928,Cleveland,39,133,601200
10565,0.30071017,0.024061222,Cleveland,39,133,601300
10566,0.27483076,0.027916985,Cleveland,39,133,601400
10567,0.35623768,0.035678968,Cleveland,39,133,601503
10568,0.32413816,0.041193839,Cleveland,39,133,601701
10569,0.33910504,0.022836851,Cleveland,39,153,501100
10570,0.25913876,0.041065048,Cleveland,39,153,501700
10571,0.27914771,0.017088789,Cleveland,39,153,501800
10572,0.30870575,0.015652834,Cleveland,39,153,501900
10573,0.29855934,0.021383414,Cleveland,39,153,502101
10574,0.32031232,0.024439268,Cleveland,39,153,502102
10575,0.31081894,0.018010823,Cleveland,39,153,502200
10576,0.29233801,0.014137109,Cleveland,39,153,502300
10577,0.29130632,0.025917161,Cleveland,39,153,502500
10578,0.29709551,0.035615262,Cleveland,39,153,502600
10579,0.26714328,0.021973344,Cleveland,39,153,502700
10580,0.22351757,0.045366187,Cleveland,39,153,502800
10581,0.28463173,0.022997081,Cleveland,39,153,503100
10582,0.26965508,0.01263235,Cleveland,39,153,503200
10583,0.27861133,0.013426611,Cleveland,39,153,503300
10584,0.29240903,0.013912606,Cleveland,39,153,503400
10585,0.28601488,0.01261954,Cleveland,39,153,503500
10586,0.33840609,0.062732063,Cleveland,39,153,503701
10587,0.2940084,0.015451138,Cleveland,39,153,503800
10588,0.20015164,0.035952359,Cleveland,39,153,504100
10589,0.34497666,0.025587913,Cleveland,39,153,504200
10590,0.25179988,0.01913726,Cleveland,39,153,504400
10591,0.2983484,0.030915994,Cleveland,39,153,504500
10592,0.2971608,0.019549254,Cleveland,39,153,504600
10593,0.33906806,0.038912199,Cleveland,39,153,504700
10594,0.37199804,0.071189269,Cleveland,39,153,504800
10595,0.28069606,0.014898812,Cleveland,39,153,505200
10596,0.27229995,0.014019109,Cleveland,39,153,505300
10597,0.3999629,0.053285334,Cleveland,39,153,505400
10598,0.23776624,0.040349677,Cleveland,39,153,505500
10599,0.30280212,0.020642413,Cleveland,39,153,505600
10600,0.24604547,0.04987577,Cleveland,39,153,505700
10601,0.29812869,0.036273967,Cleveland,39,153,505800
10602,0.33140981,0.019651322,Cleveland,39,153,506100
10603,0.29461151,0.01090307,Cleveland,39,153,506200
10604,0.26600328,0.01419363,Cleveland,39,153,506400
10605,0.28446907,0.0086212642,Cleveland,39,153,506500
10606,0.27847564,0.015852204,Cleveland,39,153,506600
10607,0.30682769,0.013401792,Cleveland,39,153,506700
10608,0.31550345,0.017552638,Cleveland,39,153,506800
10609,0.35051885,0.017699623,Cleveland,39,153,507101
10610,0.34159553,0.056026664,Cleveland,39,153,507102
10611,0.37888786,0.039068986,Cleveland,39,153,507201
10612,0.27396411,0.086932644,Cleveland,39,153,507202
10613,0.35134518,0.04075573,Cleveland,39,153,507203
10614,0.32230076,0.033150174,Cleveland,39,153,507300
10615,0.26888466,0.01888144,Cleveland,39,153,507400
10616,0.29401675,0.010810218,Cleveland,39,153,507500
10617,0.3160851,0.042151831,Cleveland,39,153,507600
10618,0.3693099,0.043765962,Cleveland,39,153,508000
10619,0.23099269,0.020219656,Cleveland,39,153,508301
10620,0.30591717,0.011311985,Cleveland,39,153,508399
10621,0.29844564,0.010405463,Cleveland,39,153,508600
10622,0.29161024,0.0074112974,Cleveland,39,153,508800
10623,0.24084209,0.024488395,Cleveland,39,153,508900
10624,0.24051373,0.022071997,Cleveland,39,153,509000
10625,0.21065435,0.034906249,Cleveland,39,153,510100
10626,0.25621924,0.016704576,Cleveland,39,153,510301
10627,0.38497835,0.081564367,Cleveland,39,153,510302
10628,0.43353367,0.078604467,Cleveland,39,153,530101
10629,0.4022046,0.070674784,Cleveland,39,153,530103
10630,0.4342984,0.043303389,Cleveland,39,153,530104
10631,0.3496953,0.025304431,Cleveland,39,153,530105
10632,0.3738817,0.070518322,Cleveland,39,153,530108
10633,0.31106168,0.078304149,Cleveland,39,153,530603
10634,0.38541657,0.13301124,Cleveland,39,153,530606
10635,0.27395386,0.04445421,Cleveland,39,153,530901
10636,0.56192982,0.12167864,Cleveland,39,153,532004
10637,0.47909296,0.046763532,Cleveland,39,153,532202
10638,0.32166299,0.090418465,Cleveland,39,153,532302
10639,0.35343078,0.045612343,Cleveland,39,153,532701
10640,0.37056863,0.073154882,Cleveland,39,153,532702
10641,0.40264139,0.092552818,Cleveland,39,153,532705
10642,0.26244932,0.055188585,Cleveland,39,153,532708
10643,0.27655959,0.023929803,Cleveland,39,153,532902
10644,0.40275547,0.029389963,Cleveland,39,153,533400
10645,0.2838105,0.066697605,Cleveland,39,153,533501
10646,0.29728183,0.029000942,Pittsburgh,42,3,10300
10647,0.27876633,0.035074204,Pittsburgh,42,3,20100
10648,0.26810357,0.046497054,Pittsburgh,42,3,20300
10649,0.31453735,0.016618749,Pittsburgh,42,3,30500
10650,0.30272761,0.017714998,Pittsburgh,42,3,40200
10651,0.32410526,0.026683889,Pittsburgh,42,3,40900
10652,0.30839574,0.013822796,Pittsburgh,42,3,50100
10653,0.29996529,0.015317316,Pittsburgh,42,3,50600
10654,0.29472885,0.016890042,Pittsburgh,42,3,50900
10655,0.24897243,0.016656872,Pittsburgh,42,3,51000
10656,0.26506549,0.019941391,Pittsburgh,42,3,51100
10657,0.28354397,0.021704003,Pittsburgh,42,3,60300
10658,0.50306439,0.052778911,Pittsburgh,42,3,60500
10659,0.35770616,0.044178944,Pittsburgh,42,3,70500
10660,0.28763521,0.057559092,Pittsburgh,42,3,70900
10661,0.35223094,0.052826177,Pittsburgh,42,3,80400
10662,0.30529502,0.053521894,Pittsburgh,42,3,80600
10663,0.37595752,0.038247008,Pittsburgh,42,3,80700
10664,0.27939785,0.033297524,Pittsburgh,42,3,80900
10665,0.32286477,0.048167575,Pittsburgh,42,3,90100
10666,0.3491751,0.023512568,Pittsburgh,42,3,100500
10667,0.24738979,0.024436863,Pittsburgh,42,3,101100
10668,0.28461739,0.037287932,Pittsburgh,42,3,101400
10669,0.31763664,0.016784066,Pittsburgh,42,3,101600
10670,0.27795035,0.013702672,Pittsburgh,42,3,101700
10671,0.44807884,0.053443063,Pittsburgh,42,3,101800
10672,0.33858332,0.018409563,Pittsburgh,42,3,110200
10673,0.32708743,0.034233056,Pittsburgh,42,3,110600
10674,0.28647223,0.012851981,Pittsburgh,42,3,111300
10675,0.30977333,0.018487819,Pittsburgh,42,3,111400
10676,0.27518737,0.011148244,Pittsburgh,42,3,111500
10677,0.31253469,0.015326752,Pittsburgh,42,3,120300
10678,0.26128426,0.016492361,Pittsburgh,42,3,120400
10679,0.27696922,0.017604837,Pittsburgh,42,3,120700
10680,0.29887432,0.020039877,Pittsburgh,42,3,120800
10681,0.30492309,0.0124566,Pittsburgh,42,3,130100
10682,0.30140188,0.014840792,Pittsburgh,42,3,130200
10683,0.3014403,0.01520368,Pittsburgh,42,3,130300
10684,0.29849094,0.015129097,Pittsburgh,42,3,130400
10685,0.31657672,0.011726839,Pittsburgh,42,3,130600
10686,0.31591347,0.017643303,Pittsburgh,42,3,140500
10687,0.36815646,0.045526206,Pittsburgh,42,3,140600
10688,0.27553174,0.06463223,Pittsburgh,42,3,140800
10689,0.52296621,0.12688234,Pittsburgh,42,3,141300
10690,0.29148194,0.069256306,Pittsburgh,42,3,141400
10691,0.48687771,0.083423346,Pittsburgh,42,3,151700
10692,0.21368697,0.026860844,Pittsburgh,42,3,160800
10693,0.27719736,0.02376309,Pittsburgh,42,3,180300
10694,0.26018855,0.031769697,Pittsburgh,42,3,180700
10695,0.24678475,0.064373933,Pittsburgh,42,3,191400
10696,0.31838921,0.04141764,Pittsburgh,42,3,191600
10697,0.39267468,0.072075881,Pittsburgh,42,3,192000
10698,0.33480114,0.030599868,Pittsburgh,42,3,202200
10699,0.31008917,0.051906079,Pittsburgh,42,3,202300
10700,0.31170627,0.014064021,Pittsburgh,42,3,210700
10701,0.29117775,0.021346329,Pittsburgh,42,3,220600
10702,0.28368336,0.017864661,Pittsburgh,42,3,250300
10703,0.31166154,0.021089097,Pittsburgh,42,3,250700
10704,0.28630909,0.023751149,Pittsburgh,42,3,250900
10705,0.31229308,0.028750196,Pittsburgh,42,3,260200
10706,0.30727074,0.026870908,Pittsburgh,42,3,260700
10707,0.24090993,0.0130212,Pittsburgh,42,3,260900
10708,0.41590342,0.064102016,Pittsburgh,42,3,261200
10709,0.30610254,0.012827899,Pittsburgh,42,3,261400
10710,0.27632982,0.016589012,Pittsburgh,42,3,261500
10711,0.31136352,0.023355136,Pittsburgh,42,3,262000
10712,0.32552165,0.029947257,Pittsburgh,42,3,270100
10713,0.29174113,0.033734247,Pittsburgh,42,3,270300
10714,0.30207279,0.033750225,Pittsburgh,42,3,270400
10715,0.36166939,0.053038053,Pittsburgh,42,3,270800
10716,0.30271941,0.021375982,Pittsburgh,42,3,271500
10717,0.23817524,0.018583419,Pittsburgh,42,3,281400
10718,0.18768272,0.051733647,Pittsburgh,42,3,281500
10719,0.35091335,0.066392638,Pittsburgh,42,3,290100
10720,0.25911477,0.047301177,Pittsburgh,42,3,290400
10721,0.3121902,0.017759319,Pittsburgh,42,3,300100
10722,0.2696144,0.056703694,Pittsburgh,42,3,401200
10723,0.44226554,0.085868515,Pittsburgh,42,3,402000
10724,0.34165066,0.055935554,Pittsburgh,42,3,403500
10725,0.36021024,0.051764753,Pittsburgh,42,3,431100
10726,0.47626239,0.059086502,Pittsburgh,42,3,431500
10727,0.40607297,0.053165421,Pittsburgh,42,3,445500
10728,0.29236072,0.053283364,Pittsburgh,42,3,450700
10729,0.37871867,0.047884971,Pittsburgh,42,3,450800
10730,0.30586091,0.038068417,Pittsburgh,42,3,451102
10731,0.38452789,0.14355147,Pittsburgh,42,3,451104
10732,0.38177782,0.057844486,Pittsburgh,42,3,451105
10733,0.41626254,0.081812471,Pittsburgh,42,3,451300
10734,0.39615527,0.078405887,Pittsburgh,42,3,453004
10735,0.38004228,0.082444757,Pittsburgh,42,3,456004
10736,0.3929086,0.081735045,Pittsburgh,42,3,457200
10737,0.37559575,0.07555715,Pittsburgh,42,3,459201
10738,0.16899924,0.036352981,Pittsburgh,42,3,462100
10739,0.286477,0.035629224,Pittsburgh,42,3,462600
10740,0.22420001,0.034684636,Pittsburgh,42,3,463900
10741,0.2062178,0.060086273,Pittsburgh,42,3,464300
10742,0.25691602,0.02026725,Pittsburgh,42,3,464400
10743,0.38978717,0.067885347,Pittsburgh,42,3,465600
10744,0.33664814,0.081123613,Pittsburgh,42,3,468800
10745,0.30471021,0.034288552,Pittsburgh,42,3,468900
10746,0.39750805,0.064271018,Pittsburgh,42,3,477300
10747,0.24589221,0.023153231,Pittsburgh,42,3,480101
10748,0.30130461,0.027543746,Pittsburgh,42,3,481000
10749,0.33274898,0.063570954,Pittsburgh,42,3,482500
10750,0.30617771,0.01567211,Pittsburgh,42,3,483800
10751,0.38490868,0.036136385,Pittsburgh,42,3,484300
10752,0.31197953,0.020470245,Pittsburgh,42,3,486700
10753,0.30011523,0.020883208,Pittsburgh,42,3,486800
10754,0.3243947,0.021250511,Pittsburgh,42,3,486900
10755,0.38014558,0.051792625,Pittsburgh,42,3,488100
10756,0.37828279,0.036074854,Pittsburgh,42,3,488200
10757,0.34506002,0.046393521,Pittsburgh,42,3,488400
10758,0.36412272,0.06232585,Pittsburgh,42,3,488600
10759,0.2455259,0.042956907,Pittsburgh,42,3,490002
10760,0.36072901,0.096271507,Pittsburgh,42,3,490004
10761,0.15245777,0.071285255,Pittsburgh,42,3,491101
10762,0.36334011,0.051387131,Pittsburgh,42,3,492700
10763,0.31354469,0.021451624,Pittsburgh,42,3,492800
10764,0.36658242,0.044479012,Pittsburgh,42,3,492900
10765,0.51516014,0.083224885,Pittsburgh,42,3,496200
10766,0.32738745,0.022762038,Pittsburgh,42,3,504100
10767,0.30255079,0.045545042,Pittsburgh,42,3,508000
10768,0.34906954,0.042742919,Pittsburgh,42,3,509400
10769,0.35276091,0.036763612,Pittsburgh,42,3,510000
10770,0.324806,0.039151318,Pittsburgh,42,3,512000
10771,0.34215203,0.023803115,Pittsburgh,42,3,512800
10772,0.33536839,0.022427294,Pittsburgh,42,3,512900
10773,0.32058889,0.016520446,Pittsburgh,42,3,513800
10774,0.31285116,0.018349526,Pittsburgh,42,3,514000
10775,0.29613969,0.019871475,Pittsburgh,42,3,515100
10776,0.279075,0.027939944,Pittsburgh,42,3,515200
10777,0.33916801,0.031190105,Pittsburgh,42,3,515300
10778,0.23969054,0.04048492,Pittsburgh,42,3,515401
10779,0.33559358,0.047951102,Pittsburgh,42,3,516200
10780,0.40386713,0.055874858,Pittsburgh,42,3,517000
10781,0.2246771,0.073304996,Pittsburgh,42,3,518001
10782,0.374455,0.087218843,Pittsburgh,42,3,519000
10783,0.32046208,0.10006155,Pittsburgh,42,3,520001
10784,0.41075459,0.072143964,Pittsburgh,42,3,520002
10785,0.37483963,0.035533812,Pittsburgh,42,3,521100
10786,0.4293026,0.051262688,Pittsburgh,42,3,521200
10787,0.36473224,0.047472142,Pittsburgh,42,3,521301
10788,0.41710588,0.042806279,Pittsburgh,42,3,521302
10789,0.50694269,0.13731869,Pittsburgh,42,3,521401
10790,0.37557697,0.096192025,Pittsburgh,42,3,521402
10791,0.47214761,0.083164148,Pittsburgh,42,3,521500
10792,0.33008781,0.012372277,Pittsburgh,42,3,523100
10793,0.33286044,0.017944047,Pittsburgh,42,3,523200
10794,0.34219453,0.030645298,Pittsburgh,42,3,523300
10795,0.33682862,0.02783368,Pittsburgh,42,3,523400
10796,0.3279551,0.022938481,Pittsburgh,42,3,523501
10797,0.32982725,0.069860682,Pittsburgh,42,3,523502
10798,0.34403676,0.030869639,Pittsburgh,42,3,523600
10799,0.39468169,0.069010131,Pittsburgh,42,3,523701
10800,0.26892087,0.02866973,Pittsburgh,42,3,523702
10801,0.32780239,0.058989633,Pittsburgh,42,3,523800
10802,0.34362534,0.065229237,Pittsburgh,42,3,526202
10803,0.31177831,0.062924601,Pittsburgh,42,3,526302
10804,0.31842333,0.022764036,Pittsburgh,42,3,550900
10805,0.32418215,0.023149505,Pittsburgh,42,3,551200
10806,0.35598865,0.041860219,Pittsburgh,42,3,551900
10807,0.3463611,0.030290637,Pittsburgh,42,3,552000
10808,0.28159201,0.025733149,Pittsburgh,42,3,552100
10809,0.30804035,0.017610358,Pittsburgh,42,3,552300
10810,0.35794559,0.056022946,Pittsburgh,42,3,552400
10811,0.33424553,0.019735822,Pittsburgh,42,3,560400
10812,0.30253497,0.026626829,Pittsburgh,42,3,560500
10813,0.30124238,0.017493157,Pittsburgh,42,3,560600
10814,0.33806139,0.017378233,Pittsburgh,42,3,561000
10815,0.30913934,0.019226568,Pittsburgh,42,3,561100
10816,0.30369672,0.014799774,Pittsburgh,42,3,561200
10817,0.3155674,0.012248213,Pittsburgh,42,3,561400
10818,0.3219139,0.014244445,Pittsburgh,42,3,561500
10819,0.25839078,0.021806164,Pittsburgh,42,3,561600
10820,0.29889134,0.017908551,Pittsburgh,42,3,561700
10821,0.32433656,0.015396773,Pittsburgh,42,3,561900
10822,0.29132238,0.058343075,Pittsburgh,42,3,562000
10823,0.26935038,0.013075162,Pittsburgh,42,3,562300
10824,0.30813545,0.014504684,Pittsburgh,42,3,562400
10825,0.2886492,0.01813692,Pittsburgh,42,3,562500
10826,0.29316071,0.024440328,Pittsburgh,42,3,562600
10827,0.2951313,0.025083749,Pittsburgh,42,3,562700
10828,0.27609655,0.026271865,Pittsburgh,42,3,562900
10829,0.29099032,0.013664362,Pittsburgh,42,3,563000
10830,0.45661461,0.076051876,Pittsburgh,42,3,563100
10831,0.26439598,0.020464992,Pittsburgh,42,3,563200
10832,0.39262876,0.061799098,Pittsburgh,42,3,563900
10833,0.40373015,0.054280642,Pittsburgh,42,3,564400
10834,0.3289361,0.047275051,Pittsburgh,42,7,601100
10835,0.27758616,0.026637545,Pittsburgh,42,7,601200
10836,0.29588684,0.029618667,Pittsburgh,42,7,601300
10837,0.30770123,0.047894448,Pittsburgh,42,7,601400
10838,0.3328945,0.036218338,Pittsburgh,42,7,602100
10839,0.32668796,0.03825349,Pittsburgh,42,7,602800
10840,0.3916429,0.09400747,Pittsburgh,42,7,603202
10841,0.29356736,0.037397504,Pittsburgh,42,7,604000
10842,0.30811685,0.036026403,Pittsburgh,42,7,604100
10843,0.32151791,0.01522923,Pittsburgh,42,7,604500
10844,0.29852244,0.033851381,Pittsburgh,42,7,604600
10845,0.26756701,0.047745068,Pittsburgh,42,7,604700
10846,0.46662763,0.071434602,Pittsburgh,42,7,604901
10847,0.28924108,0.053025763,Pittsburgh,42,7,605200
10848,0.2849234,0.033761814,Pittsburgh,42,7,605400
10849,0.49295568,0.078566641,Pittsburgh,42,7,605500
10850,0.48989934,0.085272707,Pittsburgh,42,7,605600
10851,0.31839758,0.021667188,Pittsburgh,42,7,605700
10852,0.29523903,0.036342718,Philadelphia,42,17,100103
10853,0.4556241,0.043736849,Philadelphia,42,17,100104
10854,0.39071795,0.043034855,Philadelphia,42,17,100201
10855,0.31392962,0.049599759,Philadelphia,42,17,100206
10856,0.35555485,0.039676633,Philadelphia,42,17,100207
10857,0.36976177,0.025250189,Philadelphia,42,17,100208
10858,0.33697358,0.027988415,Philadelphia,42,17,100209
10859,0.317451,0.045066945,Philadelphia,42,17,100210
10860,0.27499408,0.051376581,Philadelphia,42,17,100211
10861,0.337412,0.018520612,Philadelphia,42,17,100303
10862,0.37363979,0.032984573,Philadelphia,42,17,100304
10863,0.3490124,0.033245098,Philadelphia,42,17,100306
10864,0.31039822,0.057499234,Philadelphia,42,17,100307
10865,0.3089613,0.056079339,Philadelphia,42,17,100401
10866,0.3038387,0.06012214,Philadelphia,42,17,100402
10867,0.28452635,0.017870391,Philadelphia,42,17,100403
10868,0.28518605,0.038174473,Philadelphia,42,17,100404
10869,0.27752286,0.084330112,Philadelphia,42,17,100406
10870,0.2158889,0.061282314,Philadelphia,42,17,100408
10871,0.27520123,0.031261921,Philadelphia,42,17,100600
10872,0.2740674,0.026017461,Philadelphia,42,17,100700
10873,0.36671835,0.037262756,Philadelphia,42,17,100811
10874,0.3011272,0.04907272,Philadelphia,42,17,101100
10875,0.26443759,0.045843549,Philadelphia,42,17,101405
10876,0.36534524,0.03217895,Philadelphia,42,17,101605
10877,0.25076815,0.067155004,Philadelphia,42,17,101807
10878,0.31440678,0.095924787,Philadelphia,42,17,101808
10879,0.37958708,0.11671959,Philadelphia,42,17,105510
10880,0.36877671,0.16590573,Philadelphia,42,17,105511
10881,0.41561905,0.055007566,Philadelphia,42,17,105702
10882,0.34487832,0.017953539,Philadelphia,42,17,105704
10883,0.35781312,0.02630513,Philadelphia,42,17,105801
10884,0.2416355,0.033694517,Philadelphia,42,17,105805
10885,0.3455635,0.069224671,Philadelphia,42,17,105807
10886,0.33635357,0.053583067,Philadelphia,42,17,105811
10887,0.37048331,0.040870462,Philadelphia,42,17,106200
10888,0.48147115,0.0731543,Philadelphia,42,29,300103
10889,0.4238047,0.074362203,Philadelphia,42,29,300108
10890,0.35601157,0.080889829,Philadelphia,42,29,300109
10891,0.33985385,0.056581262,Philadelphia,42,29,300201
10892,0.3785499,0.088090695,Philadelphia,42,29,300400
10893,0.42123732,0.047064103,Philadelphia,42,29,300600
10894,0.37336427,0.03795249,Philadelphia,42,29,300700
10895,0.42372921,0.063800089,Philadelphia,42,29,300800
10896,0.29921815,0.080075651,Philadelphia,42,29,302101
10897,0.48895553,0.10708921,Philadelphia,42,29,302202
10898,0.36118487,0.10670613,Philadelphia,42,29,302203
10899,0.22765374,0.086312592,Philadelphia,42,29,302204
10900,0.39804292,0.071409546,Philadelphia,42,29,302300
10901,0.34236708,0.023421295,Philadelphia,42,29,302400
10902,0.2372874,0.057969622,Philadelphia,42,29,302500
10903,0.36205116,0.025496664,Philadelphia,42,29,302600
10904,0.3266753,0.046149176,Philadelphia,42,29,302702
10905,0.68788272,0.15609176,Philadelphia,42,29,302703
10906,0.1678416,0.090861432,Philadelphia,42,29,302705
10907,0.33731073,0.056523778,Philadelphia,42,29,302805
10908,0.40832123,0.09356197,Philadelphia,42,29,302901
10909,0.50671613,0.071433268,Philadelphia,42,29,303401
10910,0.27827606,0.050285537,Philadelphia,42,29,303402
10911,0.37474716,0.11770402,Philadelphia,42,29,303802
10912,0.32763427,0.066600114,Philadelphia,42,29,304000
10913,0.36627367,0.035153359,Philadelphia,42,29,304101
10914,0.41970468,0.047675058,Philadelphia,42,29,304102
10915,0.29619604,0.029206978,Philadelphia,42,29,304201
10916,0.39929774,0.10461461,Philadelphia,42,29,304404
10917,0.32784578,0.023873864,Philadelphia,42,29,305300
10918,0.28404468,0.021324357,Philadelphia,42,29,305400
10919,0.28190261,0.013102674,Philadelphia,42,29,305500
10920,0.30780661,0.015671656,Philadelphia,42,29,305600
10921,0.33410898,0.028941775,Philadelphia,42,29,305700
10922,0.31659034,0.044140477,Philadelphia,42,29,306000
10923,0.40521973,0.069048464,Philadelphia,42,29,306300
10924,0.3767316,0.064582221,Philadelphia,42,29,307400
10925,0.36728516,0.043853898,Philadelphia,42,29,308000
10926,0.47453851,0.082066268,Philadelphia,42,29,311000
10927,0.33460507,0.023386631,Philadelphia,42,29,311401
10928,0.3789643,0.094295949,Philadelphia,42,29,311403
10929,0.3117404,0.027724268,Philadelphia,42,29,311600
10930,0.30205172,0.053365633,Philadelphia,42,29,311700
10931,0.33422813,0.083501391,Philadelphia,42,29,311800
10932,0.3330245,0.016156537,Philadelphia,42,45,400301
10933,0.350126,0.021430815,Philadelphia,42,45,400302
10934,0.37980124,0.024131423,Philadelphia,42,45,400401
10935,0.34034824,0.020126795,Philadelphia,42,45,400402
10936,0.36093718,0.028168369,Philadelphia,42,45,400500
10937,0.31708208,0.047037728,Philadelphia,42,45,400600
10938,0.41927463,0.032039393,Philadelphia,42,45,400700
10939,0.36107415,0.026215656,Philadelphia,42,45,400801
10940,0.34692785,0.077054381,Philadelphia,42,45,400802
10941,0.44357979,0.044461332,Philadelphia,42,45,401502
10942,0.38477609,0.071034811,Philadelphia,42,45,401600
10943,0.33360153,0.034039386,Philadelphia,42,45,401700
10944,0.33956918,0.028244691,Philadelphia,42,45,401800
10945,0.42532668,0.03959443,Philadelphia,42,45,401900
10946,0.35526824,0.030645929,Philadelphia,42,45,402000
10947,0.3921127,0.013637511,Philadelphia,42,45,402100
10948,0.38792551,0.025962232,Philadelphia,42,45,402200
10949,0.37581638,0.01575057,Philadelphia,42,45,402300
10950,0.32674259,0.012781331,Philadelphia,42,45,402400
10951,0.35314763,0.013959956,Philadelphia,42,45,402500
10952,0.36531526,0.023607472,Philadelphia,42,45,402600
10953,0.31943867,0.019641172,Philadelphia,42,45,402700
10954,0.34141368,0.019134235,Philadelphia,42,45,402800
10955,0.35349685,0.014028134,Philadelphia,42,45,402900
10956,0.31248638,0.060508221,Philadelphia,42,45,403002
10957,0.3529821,0.041022554,Philadelphia,42,45,403101
10958,0.39943019,0.053356539,Philadelphia,42,45,403103
10959,0.4109582,0.057243012,Philadelphia,42,45,403104
10960,0.38148543,0.059910838,Philadelphia,42,45,403200
10961,0.46832278,0.053363934,Philadelphia,42,45,403300
10962,0.31995645,0.037148088,Philadelphia,42,45,403401
10963,0.45757097,0.089392535,Philadelphia,42,45,403402
10964,0.35359874,0.065693788,Philadelphia,42,45,403501
10965,0.3493762,0.056652725,Philadelphia,42,45,404003
10966,0.35982445,0.031938218,Philadelphia,42,45,404101
10967,0.35738564,0.029724341,Philadelphia,42,45,404102
10968,0.36262512,0.035579778,Philadelphia,42,45,404400
10969,0.32477328,0.012364519,Philadelphia,42,45,404500
10970,0.32162035,0.019842362,Philadelphia,42,45,404600
10971,0.30190673,0.019822899,Philadelphia,42,45,404700
10972,0.27571177,0.01303335,Philadelphia,42,45,404800
10973,0.28279123,0.014800441,Philadelphia,42,45,404900
10974,0.3119638,0.015383176,Philadelphia,42,45,405000
10975,0.31107894,0.014125413,Philadelphia,42,45,405100
10976,0.32073489,0.012317537,Philadelphia,42,45,405200
10977,0.30508071,0.010115861,Philadelphia,42,45,405300
10978,0.29529539,0.013374867,Philadelphia,42,45,405400
10979,0.4295992,0.090629704,Philadelphia,42,45,406202
10980,0.35269302,0.026928226,Philadelphia,42,45,406300
10981,0.31383714,0.016186625,Philadelphia,42,45,406401
10982,0.29690051,0.017727699,Philadelphia,42,45,406402
10983,0.17174433,0.062385924,Philadelphia,42,45,406500
10984,0.23948927,0.035482261,Philadelphia,42,45,406801
10985,0.37403768,0.040764529,Philadelphia,42,45,406802
10986,0.29127175,0.0381625,Philadelphia,42,45,406803
10987,0.37247801,0.034822665,Philadelphia,42,45,407401
10988,0.39410391,0.063755207,Philadelphia,42,45,407501
10989,0.26825801,0.030412512,Philadelphia,42,45,407502
10990,0.39524037,0.098336861,Philadelphia,42,45,407600
10991,0.36760214,0.036366951,Philadelphia,42,45,407700
10992,0.44386896,0.087899327,Philadelphia,42,45,407902
10993,0.43171173,0.060800001,Philadelphia,42,45,407903
10994,0.33735698,0.08023674,Philadelphia,42,45,408300
10995,0.40336174,0.078881375,Philadelphia,42,45,408800
10996,0.42223203,0.081325151,Philadelphia,42,45,409602
10997,0.41919568,0.083477214,Philadelphia,42,45,409803
10998,0.42607626,0.032562155,Philadelphia,42,45,410500
10999,0.29001591,0.0089486232,Philadelphia,42,45,410700
11000,0.47346172,0.072974652,Philadelphia,42,45,410800
11001,0.39726645,0.074134141,Pittsburgh,42,51,260700
11002,0.26161891,0.04761016,Pittsburgh,42,51,260800
11003,0.38676277,0.064166188,Pittsburgh,42,51,261200
11004,0.49257225,0.085085504,Pittsburgh,42,51,261300
11005,0.38879931,0.076248229,Pittsburgh,42,51,261402
11006,0.22922719,0.040825482,Pittsburgh,42,51,261700
11007,0.31931725,0.070357986,Pittsburgh,42,51,261800
11008,0.27859068,0.036891524,Pittsburgh,42,51,261900
11009,0.27195883,0.046668503,Pittsburgh,42,51,262100
11010,0.32160082,0.072374277,Pittsburgh,42,51,262200
11011,0.32356074,0.023868043,Pittsburgh,42,51,262300
11012,0.32429358,0.048517082,Pittsburgh,42,51,262900
11013,0.28538069,0.052358698,Pittsburgh,42,51,263000
11014,0.29022282,0.10583329,Pittsburgh,42,63,960700
11015,0.2954742,0.038377579,Philadelphia,42,91,200301
11016,0.37796441,0.04415679,Philadelphia,42,91,200307
11017,0.34287658,0.061109014,Philadelphia,42,91,200308
11018,0.45925406,0.089612275,Philadelphia,42,91,200402
11019,0.43098184,0.045119781,Philadelphia,42,91,200502
11020,0.37818336,0.11722952,Philadelphia,42,91,200505
11021,0.44099396,0.098561272,Philadelphia,42,91,200506
11022,0.42635512,0.096189603,Philadelphia,42,91,200507
11023,0.63005626,0.11896408,Philadelphia,42,91,200602
11024,0.49283475,0.13857785,Philadelphia,42,91,200605
11025,0.48803821,0.12314403,Philadelphia,42,91,200607
11026,0.31134257,0.08242052,Philadelphia,42,91,200703
11027,0.34172684,0.10178106,Philadelphia,42,91,200704
11028,0.44049308,0.065792695,Philadelphia,42,91,200707
11029,0.44636378,0.084547579,Philadelphia,42,91,200901
11030,0.4659723,0.078948542,Philadelphia,42,91,200903
11031,0.31607738,0.072945051,Philadelphia,42,91,200908
11032,0.45337176,0.066376746,Philadelphia,42,91,201003
11033,0.0786779,0.087275557,Philadelphia,42,91,201004
11034,0.46929553,0.13174607,Philadelphia,42,91,201005
11035,0.46192995,0.077728808,Philadelphia,42,91,201100
11036,0.43768221,0.11836541,Philadelphia,42,91,201201
11037,0.38159004,0.04791189,Philadelphia,42,91,201204
11038,0.40773368,0.067286789,Philadelphia,42,91,201301
11039,0.3717103,0.037696999,Philadelphia,42,91,201302
11040,0.51557547,0.076114245,Philadelphia,42,91,201406
11041,0.39449421,0.040025949,Philadelphia,42,91,201407
11042,0.33821443,0.022345098,Philadelphia,42,91,201603
11043,0.39216003,0.040039327,Philadelphia,42,91,201604
11044,0.41108739,0.069795877,Philadelphia,42,91,201605
11045,0.4285675,0.040134143,Philadelphia,42,91,201606
11046,0.48044351,0.056728322,Philadelphia,42,91,201607
11047,0.52897131,0.074762277,Philadelphia,42,91,201608
11048,0.33018231,0.04755611,Philadelphia,42,91,201704
11049,0.39776936,0.055825315,Philadelphia,42,91,201706
11050,0.28109205,0.055634361,Philadelphia,42,91,201902
11051,0.4095158,0.091794647,Philadelphia,42,91,202100
11052,0.35851079,0.058379967,Philadelphia,42,91,202201
11053,0.51277381,0.048449669,Philadelphia,42,91,202202
11054,0.56004328,0.083650619,Philadelphia,42,91,202301
11055,0.40880358,0.080756746,Philadelphia,42,91,202302
11056,0.33668953,0.015049536,Philadelphia,42,91,202401
11057,0.37612969,0.028249534,Philadelphia,42,91,202402
11058,0.40224943,0.032817487,Philadelphia,42,91,202500
11059,0.36761403,0.098492689,Philadelphia,42,91,202602
11060,0.39370227,0.060066391,Philadelphia,42,91,202603
11061,0.40436423,0.083519019,Philadelphia,42,91,202604
11062,0.3432883,0.059632607,Philadelphia,42,91,203203
11063,0.35513714,0.090860203,Philadelphia,42,91,203204
11064,0.37023297,0.044211533,Philadelphia,42,91,203205
11065,0.3330394,0.066661671,Philadelphia,42,91,203302
11066,0.34055674,0.067296825,Philadelphia,42,91,203303
11067,0.40795648,0.057882376,Philadelphia,42,91,203304
11068,0.38026169,0.041594911,Philadelphia,42,91,203401
11069,0.42133155,0.10095559,Philadelphia,42,91,203402
11070,0.25798523,0.072249077,Philadelphia,42,91,203403
11071,0.33561814,0.017312812,Philadelphia,42,91,203500
11072,0.2964662,0.014802496,Philadelphia,42,91,203601
11073,0.32852277,0.024065498,Philadelphia,42,91,203602
11074,0.39022255,0.062618531,Philadelphia,42,91,203700
11075,0.22577751,0.021870418,Philadelphia,42,91,203801
11076,0.30442265,0.016305633,Philadelphia,42,91,203803
11077,0.31233528,0.021064648,Philadelphia,42,91,203804
11078,0.32266361,0.014975922,Philadelphia,42,91,203901
11079,0.31329405,0.019342773,Philadelphia,42,91,203902
11080,0.37661061,0.079939112,Philadelphia,42,91,204007
11081,0.23821306,0.064650446,Philadelphia,42,91,204008
11082,0.35335997,0.036040947,Philadelphia,42,91,204102
11083,0.39238524,0.067252629,Philadelphia,42,91,205000
11084,0.3044588,0.029225519,Philadelphia,42,91,205300
11085,0.35340726,0.026937062,Philadelphia,42,91,205501
11086,0.28592849,0.082618333,Philadelphia,42,91,205503
11087,0.25479144,0.050631411,Philadelphia,42,91,205700
11088,0.44702366,0.090259649,Philadelphia,42,91,205801
11089,0.3502261,0.075382471,Philadelphia,42,91,205807
11090,0.39612439,0.12947509,Philadelphia,42,91,205808
11091,0.59649897,0.081525967,Philadelphia,42,91,205905
11092,0.3750934,0.087236963,Philadelphia,42,91,205906
11093,0.20351209,0.07774207,Philadelphia,42,91,206004
11094,0.40489566,0.08382421,Philadelphia,42,91,206007
11095,0.40742826,0.10566401,Philadelphia,42,91,206901
11096,0.49194637,0.070261993,Philadelphia,42,91,206904
11097,0.57431746,0.12203563,Philadelphia,42,91,206905
11098,0.24864233,0.077666484,Philadelphia,42,91,207001
11099,0.16855507,0.096014172,Philadelphia,42,91,207004
11100,0.40087551,0.09056621,Philadelphia,42,91,208500
11101,0.33893281,0.11992154,Philadelphia,42,91,208703
11102,0.34639519,0.040488865,Philadelphia,42,91,208704
11103,0.33465451,0.046502437,Philadelphia,42,91,208802
11104,0.30288482,0.03733575,Philadelphia,42,91,208901
11105,0.31956547,0.022387668,Philadelphia,42,91,208903
11106,0.30714291,0.01997718,Philadelphia,42,91,208904
11107,0.38657123,0.033916902,Philadelphia,42,91,208906
11108,0.27671719,0.035243634,Philadelphia,42,91,209000
11109,0.26146865,0.060466457,Philadelphia,42,91,209100
11110,0.42094415,0.090176329,Philadelphia,42,91,209201
11111,0.36778563,0.06521821,Philadelphia,42,91,209202
11112,0.5574227,0.12732577,Philadelphia,42,91,210200
11113,0.30383086,0.046414699,Philadelphia,42,91,210400
11114,0.50194788,0.0719698,Philadelphia,42,91,210500
11115,0.3316516,0.072051495,Philadelphia,42,91,210600
11116,0.35680509,0.069029622,Philadelphia,42,101,300
11117,0.23319162,0.046159308,Philadelphia,42,101,1101
11118,0.30268067,0.014029209,Philadelphia,42,101,1300
11119,0.29595026,0.017950429,Philadelphia,42,101,1400
11120,0.26901922,0.02613687,Philadelphia,42,101,1500
11121,0.36358556,0.037290353,Philadelphia,42,101,1700
11122,0.31001893,0.026473284,Philadelphia,42,101,1800
11123,0.29330105,0.015446969,Philadelphia,42,101,1900
11124,0.2743898,0.013558041,Philadelphia,42,101,2000
11125,0.33772442,0.015341379,Philadelphia,42,101,2100
11126,0.32333294,0.017744767,Philadelphia,42,101,2200
11127,0.21255772,0.042658184,Philadelphia,42,101,2300
11128,0.33805981,0.032322802,Philadelphia,42,101,2400
11129,0.27106798,0.015064637,Philadelphia,42,101,2500
11130,0.28079554,0.017027903,Philadelphia,42,101,2701
11131,0.30608219,0.055112749,Philadelphia,42,101,2702
11132,0.29012525,0.02545551,Philadelphia,42,101,2801
11133,0.33513603,0.019795017,Philadelphia,42,101,3001
11134,0.29601645,0.012759881,Philadelphia,42,101,3002
11135,0.31054547,0.0097826486,Philadelphia,42,101,3100
11136,0.28610954,0.009141258,Philadelphia,42,101,3200
11137,0.28294089,0.010413422,Philadelphia,42,101,3300
11138,0.2971966,0.011199956,Philadelphia,42,101,3600
11139,0.3036615,0.0088039851,Philadelphia,42,101,3701
11140,0.30413753,0.018983033,Philadelphia,42,101,3702
11141,0.23452112,0.029878413,Philadelphia,42,101,3901
11142,0.27658275,0.014389449,Philadelphia,42,101,4101
11143,0.25849408,0.022910284,Philadelphia,42,101,4102
11144,0.19639203,0.029300982,Philadelphia,42,101,4201
11145,0.34917879,0.038327564,Philadelphia,42,101,4202
11146,0.32589969,0.072752029,Philadelphia,42,101,5000
11147,0.31313178,0.023974707,Philadelphia,42,101,5400
11148,0.36164212,0.016373154,Philadelphia,42,101,5500
11149,0.33903253,0.023091488,Philadelphia,42,101,5600
11150,0.34152108,0.015046106,Philadelphia,42,101,6000
11151,0.31840423,0.021210102,Philadelphia,42,101,6100
11152,0.308341,0.015710752,Philadelphia,42,101,6200
11153,0.30788353,0.012806434,Philadelphia,42,101,6300
11154,0.36435172,0.014895815,Philadelphia,42,101,6400
11155,0.32179329,0.0092619741,Philadelphia,42,101,6500
11156,0.3072035,0.012721465,Philadelphia,42,101,6600
11157,0.33582416,0.01277996,Philadelphia,42,101,6700
11158,0.34115535,0.015470513,Philadelphia,42,101,6900
11159,0.31973973,0.0094721019,Philadelphia,42,101,7000
11160,0.33201209,0.013404845,Philadelphia,42,101,7101
11161,0.31011751,0.0092548393,Philadelphia,42,101,7102
11162,0.34687847,0.010583751,Philadelphia,42,101,7200
11163,0.33023903,0.012269013,Philadelphia,42,101,7300
11164,0.31975105,0.010660669,Philadelphia,42,101,7400
11165,0.33424717,0.031543497,Philadelphia,42,101,7700
11166,0.35082182,0.016561385,Philadelphia,42,101,7800
11167,0.36747822,0.016655894,Philadelphia,42,101,7900
11168,0.35243487,0.01193444,Philadelphia,42,101,8000
11169,0.34755662,0.013847815,Philadelphia,42,101,8101
11170,0.34363145,0.010189206,Philadelphia,42,101,8102
11171,0.33261648,0.0093847411,Philadelphia,42,101,8200
11172,0.30495608,0.011319025,Philadelphia,42,101,8301
11173,0.33393022,0.01132662,Philadelphia,42,101,8302
11174,0.31181347,0.010657758,Philadelphia,42,101,8400
11175,0.31734684,0.0085234931,Philadelphia,42,101,8500
11176,0.33056939,0.020093815,Philadelphia,42,101,8601
11177,0.30329379,0.013629599,Philadelphia,42,101,8602
11178,0.33089441,0.024724219,Philadelphia,42,101,8701
11179,0.31505829,0.039474212,Philadelphia,42,101,8702
11180,0.28359869,0.029733468,Philadelphia,42,101,8802
11181,0.28272289,0.044837371,Philadelphia,42,101,9000
11182,0.3281548,0.024630843,Philadelphia,42,101,9100
11183,0.31009659,0.013527188,Philadelphia,42,101,9200
11184,0.34342822,0.011039237,Philadelphia,42,101,9300
11185,0.30990326,0.010642754,Philadelphia,42,101,9400
11186,0.33323351,0.012679769,Philadelphia,42,101,9500
11187,0.30417639,0.010212952,Philadelphia,42,101,9600
11188,0.34052289,0.022713728,Philadelphia,42,101,9801
11189,0.34585699,0.015663156,Philadelphia,42,101,9802
11190,0.35183695,0.015138751,Philadelphia,42,101,10000
11191,0.31491733,0.0098734191,Philadelphia,42,101,10100
11192,0.33096081,0.013320597,Philadelphia,42,101,10200
11193,0.28927431,0.011939165,Philadelphia,42,101,10300
11194,0.30827257,0.011611586,Philadelphia,42,101,10400
11195,0.31586811,0.012932961,Philadelphia,42,101,10500
11196,0.32262844,0.019505067,Philadelphia,42,101,10600
11197,0.30373237,0.012362632,Philadelphia,42,101,10700
11198,0.30490294,0.011135474,Philadelphia,42,101,10800
11199,0.33401194,0.016153792,Philadelphia,42,101,10900
11200,0.2919091,0.011807155,Philadelphia,42,101,11000
11201,0.30565634,0.010377805,Philadelphia,42,101,11100
11202,0.35401216,0.010668578,Philadelphia,42,101,11200
11203,0.34250343,0.015369998,Philadelphia,42,101,11300
11204,0.34659302,0.011131269,Philadelphia,42,101,11400
11205,0.32881579,0.014094718,Philadelphia,42,101,11500
11206,0.41485256,0.044460636,Philadelphia,42,101,11700
11207,0.34472156,0.012303513,Philadelphia,42,101,11800
11208,0.33027974,0.010875593,Philadelphia,42,101,11900
11209,0.34134707,0.028164776,Philadelphia,42,101,12000
11210,0.38849869,0.028746068,Philadelphia,42,101,12100
11211,0.30101937,0.03889142,Philadelphia,42,101,12201
11212,0.37198573,0.034330186,Philadelphia,42,101,12204
11213,0.31641307,0.067343555,Philadelphia,42,101,12500
11214,0.30133069,0.01769428,Philadelphia,42,101,13100
11215,0.32082984,0.014290133,Philadelphia,42,101,13200
11216,0.27562043,0.020220362,Philadelphia,42,101,13300
11217,0.31666794,0.049326189,Philadelphia,42,101,13402
11218,0.30732584,0.018127883,Philadelphia,42,101,13500
11219,0.28553987,0.034630574,Philadelphia,42,101,13602
11220,0.29466638,0.0099604866,Philadelphia,42,101,13700
11221,0.30292779,0.014904282,Philadelphia,42,101,13800
11222,0.31520337,0.01330036,Philadelphia,42,101,13900
11223,0.27541387,0.014058302,Philadelphia,42,101,14000
11224,0.27555668,0.015133936,Philadelphia,42,101,14100
11225,0.24194108,0.027868908,Philadelphia,42,101,14200
11226,0.27159828,0.02363616,Philadelphia,42,101,14400
11227,0.2848196,0.021081271,Philadelphia,42,101,14500
11228,0.34709036,0.020126404,Philadelphia,42,101,14600
11229,0.30774978,0.01609825,Philadelphia,42,101,14700
11230,0.25113714,0.025340633,Philadelphia,42,101,14800
11231,0.29866284,0.010767614,Philadelphia,42,101,14900
11232,0.32647991,0.015527177,Philadelphia,42,101,15101
11233,0.28623304,0.009584818,Philadelphia,42,101,15102
11234,0.29835019,0.0088820653,Philadelphia,42,101,15200
11235,0.30223891,0.013647598,Philadelphia,42,101,15300
11236,0.29008493,0.027974352,Philadelphia,42,101,15600
11237,0.20580821,0.03634527,Philadelphia,42,101,15700
11238,0.29400727,0.056752577,Philadelphia,42,101,15800
11239,0.3708843,0.050098725,Philadelphia,42,101,16100
11240,0.26908135,0.024391608,Philadelphia,42,101,16200
11241,0.25121588,0.022041945,Philadelphia,42,101,16300
11242,0.27832419,0.012303432,Philadelphia,42,101,16400
11243,0.27619234,0.012009962,Philadelphia,42,101,16500
11244,0.27001426,0.016372904,Philadelphia,42,101,16600
11245,0.27989161,0.010374662,Philadelphia,42,101,16701
11246,0.26488334,0.010330172,Philadelphia,42,101,16702
11247,0.30918759,0.010061372,Philadelphia,42,101,16800
11248,0.31701654,0.010254454,Philadelphia,42,101,16901
11249,0.28182721,0.0082697337,Philadelphia,42,101,16902
11250,0.32499787,0.014540447,Philadelphia,42,101,17000
11251,0.31735486,0.010419874,Philadelphia,42,101,17100
11252,0.32017064,0.011660468,Philadelphia,42,101,17201
11253,0.28592014,0.009049111,Philadelphia,42,101,17202
11254,0.31951022,0.011785435,Philadelphia,42,101,17300
11255,0.27636787,0.012854014,Philadelphia,42,101,17400
11256,0.26908451,0.011657782,Philadelphia,42,101,17500
11257,0.28605244,0.032816544,Philadelphia,42,101,17601
11258,0.30759782,0.031185471,Philadelphia,42,101,17602
11259,0.32602987,0.027061485,Philadelphia,42,101,17701
11260,0.29281074,0.022183195,Philadelphia,42,101,17702
11261,0.27741131,0.018447103,Philadelphia,42,101,17800
11262,0.2830596,0.019310327,Philadelphia,42,101,17900
11263,0.27247164,0.019375524,Philadelphia,42,101,18800
11264,0.32438517,0.023728816,Philadelphia,42,101,19000
11265,0.33812988,0.031914126,Philadelphia,42,101,19100
11266,0.26457998,0.019184222,Philadelphia,42,101,19200
11267,0.23187716,0.024280639,Philadelphia,42,101,19501
11268,0.2461721,0.030455435,Philadelphia,42,101,19502
11269,0.30245188,0.010860689,Philadelphia,42,101,19700
11270,0.31475282,0.011841841,Philadelphia,42,101,19800
11271,0.28140458,0.013337304,Philadelphia,42,101,19900
11272,0.29600921,0.020252645,Philadelphia,42,101,20000
11273,0.29626349,0.011402626,Philadelphia,42,101,20101
11274,0.32022288,0.012954626,Philadelphia,42,101,20102
11275,0.30651605,0.010085549,Philadelphia,42,101,20200
11276,0.30078989,0.012240175,Philadelphia,42,101,20300
11277,0.28887945,0.010720341,Philadelphia,42,101,20400
11278,0.31793511,0.01296027,Philadelphia,42,101,20500
11279,0.3978098,0.058446851,Philadelphia,42,101,20600
11280,0.30400729,0.01928824,Philadelphia,42,101,20700
11281,0.36683017,0.05758651,Philadelphia,42,101,20800
11282,0.35161042,0.04722444,Philadelphia,42,101,21000
11283,0.35913447,0.061011609,Philadelphia,42,101,21100
11284,0.31015995,0.05363486,Philadelphia,42,101,21300
11285,0.29253384,0.037958205,Philadelphia,42,101,21400
11286,0.34476349,0.065239809,Philadelphia,42,101,21500
11287,0.32538289,0.063231394,Philadelphia,42,101,21600
11288,0.25673398,0.036260474,Philadelphia,42,101,21700
11289,0.33940774,0.051615413,Philadelphia,42,101,21800
11290,0.3880271,0.066872098,Philadelphia,42,101,23500
11291,0.29122433,0.035778936,Philadelphia,42,101,23600
11292,0.34454226,0.017148487,Philadelphia,42,101,23700
11293,0.33815318,0.013656474,Philadelphia,42,101,23800
11294,0.38863981,0.02885052,Philadelphia,42,101,23900
11295,0.33317462,0.014870111,Philadelphia,42,101,24000
11296,0.31879973,0.025486767,Philadelphia,42,101,24100
11297,0.31727645,0.011324291,Philadelphia,42,101,24200
11298,0.31667608,0.01200902,Philadelphia,42,101,24300
11299,0.3309314,0.012691091,Philadelphia,42,101,24400
11300,0.3253831,0.010511596,Philadelphia,42,101,24500
11301,0.32034126,0.012448885,Philadelphia,42,101,24600
11302,0.2959826,0.01028327,Philadelphia,42,101,24700
11303,0.3229298,0.016998956,Philadelphia,42,101,24800
11304,0.32729235,0.011228847,Philadelphia,42,101,24900
11305,0.31885296,0.008778654,Philadelphia,42,101,25200
11306,0.35605517,0.011955788,Philadelphia,42,101,25300
11307,0.37317747,0.016735043,Philadelphia,42,101,25400
11308,0.35871732,0.023310646,Philadelphia,42,101,25500
11309,0.30624038,0.028736372,Philadelphia,42,101,25600
11310,0.40342426,0.033798456,Philadelphia,42,101,25700
11311,0.46241131,0.028633198,Philadelphia,42,101,25800
11312,0.36162493,0.013366555,Philadelphia,42,101,25900
11313,0.32143018,0.015385113,Philadelphia,42,101,26000
11314,0.3647497,0.018504042,Philadelphia,42,101,26100
11315,0.3704235,0.014761513,Philadelphia,42,101,26200
11316,0.35333028,0.013450889,Philadelphia,42,101,26301
11317,0.34051913,0.01051661,Philadelphia,42,101,26302
11318,0.3607305,0.012718747,Philadelphia,42,101,26400
11319,0.31475931,0.010375567,Philadelphia,42,101,26500
11320,0.34479937,0.0099107344,Philadelphia,42,101,26600
11321,0.34207088,0.0099002402,Philadelphia,42,101,26700
11322,0.35508928,0.014161519,Philadelphia,42,101,26800
11323,0.42673281,0.030764991,Philadelphia,42,101,26900
11324,0.3735491,0.024235234,Philadelphia,42,101,27000
11325,0.40869212,0.031033887,Philadelphia,42,101,27100
11326,0.3647013,0.017911013,Philadelphia,42,101,27200
11327,0.35878637,0.015753692,Philadelphia,42,101,27300
11328,0.36705467,0.019785859,Philadelphia,42,101,27401
11329,0.34847397,0.014334322,Philadelphia,42,101,27402
11330,0.32606426,0.013746333,Philadelphia,42,101,27500
11331,0.33831581,0.013903642,Philadelphia,42,101,27600
11332,0.33100668,0.011313537,Philadelphia,42,101,27700
11333,0.3432211,0.012330249,Philadelphia,42,101,27800
11334,0.34139606,0.011949,Philadelphia,42,101,27901
11335,0.35498446,0.017326372,Philadelphia,42,101,27902
11336,0.30901492,0.0098366067,Philadelphia,42,101,28000
11337,0.32124257,0.01165104,Philadelphia,42,101,28100
11338,0.3417193,0.010974179,Philadelphia,42,101,28200
11339,0.326996,0.0085734399,Philadelphia,42,101,28300
11340,0.31312454,0.011213065,Philadelphia,42,101,28400
11341,0.35007006,0.021300601,Philadelphia,42,101,28500
11342,0.31286046,0.011330591,Philadelphia,42,101,28600
11343,0.35651097,0.026375178,Philadelphia,42,101,28700
11344,0.3298578,0.022465587,Philadelphia,42,101,28800
11345,0.24586743,0.02008442,Philadelphia,42,101,28901
11346,0.3244746,0.016774239,Philadelphia,42,101,28902
11347,0.33225903,0.01543815,Philadelphia,42,101,29000
11348,0.35142636,0.018834736,Philadelphia,42,101,29100
11349,0.31142932,0.01900902,Philadelphia,42,101,29200
11350,0.26845375,0.026725333,Philadelphia,42,101,29300
11351,0.31513503,0.018862544,Philadelphia,42,101,29400
11352,0.29601789,0.027357526,Philadelphia,42,101,29800
11353,0.30058601,0.016381543,Philadelphia,42,101,29900
11354,0.30456799,0.010756643,Philadelphia,42,101,30000
11355,0.31249243,0.01593378,Philadelphia,42,101,30100
11356,0.31172535,0.018365175,Philadelphia,42,101,30200
11357,0.35486177,0.023334734,Philadelphia,42,101,30501
11358,0.33669746,0.022180976,Philadelphia,42,101,30502
11359,0.35599372,0.032588471,Philadelphia,42,101,30600
11360,0.44046265,0.070369199,Philadelphia,42,101,30800
11361,0.4022564,0.040638123,Philadelphia,42,101,30900
11362,0.39323387,0.04005928,Philadelphia,42,101,31000
11363,0.40603101,0.0309869,Philadelphia,42,101,31101
11364,0.29371071,0.024701986,Philadelphia,42,101,31102
11365,0.31823567,0.024984403,Philadelphia,42,101,31200
11366,0.34857464,0.029761497,Philadelphia,42,101,31300
11367,0.31506702,0.03879739,Philadelphia,42,101,31401
11368,0.31232306,0.050732002,Philadelphia,42,101,31402
11369,0.41951954,0.07268095,Philadelphia,42,101,31502
11370,0.22682996,0.050829273,Philadelphia,42,101,31600
11371,0.30835527,0.034809146,Philadelphia,42,101,31700
11372,0.3340838,0.032838359,Philadelphia,42,101,31800
11373,0.29291743,0.046036523,Philadelphia,42,101,31900
11374,0.35085207,0.065908931,Philadelphia,42,101,32000
11375,0.35767511,0.048918221,Philadelphia,42,101,32100
11376,0.31811371,0.047994722,Philadelphia,42,101,32300
11377,0.42198515,0.052027009,Philadelphia,42,101,32500
11378,0.39381361,0.066026926,Philadelphia,42,101,32600
11379,0.36186492,0.035158742,Philadelphia,42,101,32900
11380,0.28218755,0.040804233,Philadelphia,42,101,33000
11381,0.29759628,0.047224525,Philadelphia,42,101,33102
11382,0.23133321,0.046604488,Philadelphia,42,101,33300
11383,0.27194065,0.030978709,Philadelphia,42,101,33400
11384,0.34285644,0.052438751,Philadelphia,42,101,33600
11385,0.27681634,0.048760075,Philadelphia,42,101,33800
11386,0.30871901,0.069811299,Philadelphia,42,101,34100
11387,0.32302341,0.057105478,Philadelphia,42,101,34200
11388,0.32700372,0.031514987,Philadelphia,42,101,34502
11389,0.37895834,0.043109715,Philadelphia,42,101,34600
11390,0.4053531,0.048723642,Philadelphia,42,101,34701
11391,0.47197989,0.0779057,Philadelphia,42,101,34702
11392,0.32169041,0.057353266,Philadelphia,42,101,34801
11393,0.34860915,0.025671691,Philadelphia,42,101,34802
11394,0.28601056,0.01882538,Philadelphia,42,101,34900
11395,0.27798092,0.046022546,Philadelphia,42,101,35301
11396,0.43541461,0.055006016,Philadelphia,42,101,35302
11397,0.19580655,0.045089722,Philadelphia,42,101,35500
11398,0.44843075,0.055289522,Philadelphia,42,101,35701
11399,0.34318283,0.06516356,Philadelphia,42,101,35800
11400,0.41139537,0.081577741,Philadelphia,42,101,36000
11401,0.31095576,0.032623015,Philadelphia,42,101,36100
11402,0.52093846,0.10146596,Philadelphia,42,101,36201
11403,0.38374504,0.04518602,Philadelphia,42,101,36202
11404,0.32092291,0.031448089,Philadelphia,42,101,36302
11405,0.28687117,0.044155277,Philadelphia,42,101,36501
11406,0.28716162,0.036196772,Philadelphia,42,101,36700
11407,0.27986908,0.040015385,Philadelphia,42,101,37200
11408,0.32127658,0.016577875,Philadelphia,42,101,37300
11409,0.35588053,0.03329581,Philadelphia,42,101,37500
11410,0.30099508,0.03719826,Philadelphia,42,101,37600
11411,0.28417155,0.012226251,Philadelphia,42,101,37700
11412,0.32995009,0.054578766,Philadelphia,42,101,38100
11413,0.27621353,0.047615074,Philadelphia,42,101,38200
11414,0.3249329,0.024842039,Philadelphia,42,101,38300
11415,0.38932911,0.031411808,Philadelphia,42,101,38800
11416,0.35332173,0.018199869,Philadelphia,42,101,38900
11417,0.31459233,0.015025788,Philadelphia,42,101,39000
11418,0.2826547,0.033858292,Philadelphia,42,101,980900
11419,0.32940489,0.042389523,Pittsburgh,42,125,704100
11420,0.35720366,0.082942516,Pittsburgh,42,125,742100
11421,0.35703975,0.039500527,Pittsburgh,42,125,744100
11422,0.37542045,0.068295844,Pittsburgh,42,125,744200
11423,0.38597986,0.066077754,Pittsburgh,42,125,751200
11424,0.30736506,0.052271292,Pittsburgh,42,125,754200
11425,0.32633403,0.02398598,Pittsburgh,42,125,754300
11426,0.35493529,0.046991874,Pittsburgh,42,125,754400
11427,0.3337566,0.05204758,Pittsburgh,42,125,754500
11428,0.25844002,0.046976551,Pittsburgh,42,125,754600
11429,0.42185861,0.050923128,Pittsburgh,42,125,775200
11430,0.29353863,0.039422367,Pittsburgh,42,125,775300
11431,0.29020858,0.03614784,Pittsburgh,42,129,800100
11432,0.29342651,0.047007605,Pittsburgh,42,129,800200
11433,0.63966018,0.10319419,Pittsburgh,42,129,800300
11434,0.38700876,0.049945399,Pittsburgh,42,129,800600
11435,0.26613027,0.029133771,Pittsburgh,42,129,800700
11436,0.24847749,0.056367919,Pittsburgh,42,129,800900
11437,0.43441561,0.068827175,Pittsburgh,42,129,801600
11438,0.30107421,0.074658334,Pittsburgh,42,129,802600
11439,0.29242086,0.037677668,Pittsburgh,42,129,802800
11440,0.3284263,0.043505955,Pittsburgh,42,129,805200
11441,0.31746885,0.027530596,Pittsburgh,42,129,805400
11442,0.21423478,0.056170419,Pittsburgh,42,129,805500
11443,0.32944012,0.073935881,Pittsburgh,42,129,805902
11444,0.36403209,0.044455882,Cleveland,47,11,10100
11445,0.4479422,0.063377731,Cleveland,47,11,10200
11446,0.24214993,0.048419092,Cleveland,47,11,10300
11447,0.27722764,0.033112835,Cleveland,47,11,10400
11448,0.32321224,0.031171614,Cleveland,47,11,10700
11449,0.27056196,0.028549552,Cleveland,47,11,10800
11450,0.33255407,0.054459099,Cleveland,47,11,11000
11451,0.32022303,0.073865041,Cleveland,47,11,11100
11452,0.37288728,0.051508807,Cleveland,47,11,11201
11453,0.2737608,0.055510256,Cleveland,47,11,11202
11454,0.30726722,0.028837899,Cleveland,47,107,970200
11455,0.29817855,0.033793017,Cleveland,47,107,970300
11456,0.31871089,0.12400924,Cleveland,47,107,970402
11457,0.33089399,0.047051508,Cleveland,47,107,970700
11458,0.3225019,0.051598117,Cleveland,47,107,970800
11459,0.34331617,0.040380415,Cleveland,47,123,925200
11460,0.42685264,0.09520261,Houston,48,15,760100
11461,0.3651821,0.029944349,Houston,48,15,760200
11462,0.29568282,0.035156745,Houston,48,15,760300
11463,0.43995869,0.067447059,Houston,48,15,760501
11464,0.34840783,0.025468029,Houston,48,15,760502
11465,0.59468448,0.068648152,Houston,48,71,710100
11466,0.32400876,0.049576081,Houston,48,71,710200
11467,0.37079394,0.038542736,Houston,48,71,710300
11468,0.24870673,0.045213122,Houston,48,71,710401
11469,0.44175184,0.084072575,Houston,48,71,710500
11470,0.3606379,0.07103987,Dallas,48,85,30305
11471,0.37245882,0.070165843,Dallas,48,85,30405
11472,0.26919863,0.053251326,Dallas,48,85,30408
11473,0.43511787,0.07662224,Dallas,48,85,30511
11474,0.45110261,0.068725847,Dallas,48,85,30514
11475,0.38071141,0.070537634,Dallas,48,85,30515
11476,0.29999724,0.11504213,Dallas,48,85,30601
11477,0.31176004,0.04085974,Dallas,48,85,30603
11478,0.36194929,0.061556429,Dallas,48,85,30605
11479,0.34123385,0.057028614,Dallas,48,85,30701
11480,0.37690142,0.038032304,Dallas,48,85,30702
11481,0.29334339,0.054726537,Dallas,48,85,30801
11482,0.36862329,0.033269089,Dallas,48,85,30802
11483,0.27919385,0.015187595,Dallas,48,85,30900
11484,0.38355908,0.045705397,Dallas,48,85,31100
11485,0.35381317,0.085178666,Dallas,48,85,31308
11486,0.33322093,0.046063066,Dallas,48,85,31309
11487,0.38508585,0.10048273,Dallas,48,85,31311
11488,0.43654257,0.092912637,Dallas,48,85,31312
11489,0.51597571,0.090017661,Dallas,48,85,31313
11490,0.36798581,0.039376348,Dallas,48,85,31315
11491,0.58245474,0.081957504,Dallas,48,85,31316
11492,0.70659846,0.066694543,Dallas,48,85,31317
11493,0.3755666,0.048343714,Dallas,48,85,31406
11494,0.415443,0.058037825,Dallas,48,85,31409
11495,0.30079117,0.054665197,Dallas,48,85,31410
11496,0.31286022,0.09098725,Dallas,48,85,31411
11497,0.39552069,0.054602746,Dallas,48,85,31504
11498,0.24422355,0.077880882,Dallas,48,85,31505
11499,0.37062073,0.033294015,Dallas,48,85,31506
11500,0.30959213,0.061629791,Dallas,48,85,31508
11501,0.45460099,0.044341426,Dallas,48,85,31611
11502,0.39651993,0.054649692,Dallas,48,85,31612
11503,0.30702472,0.069558971,Dallas,48,85,31613
11504,0.44696289,0.040996771,Dallas,48,85,31621
11505,0.28178409,0.047114022,Dallas,48,85,31622
11506,0.36940801,0.056775767,Dallas,48,85,31623
11507,0.45149031,0.057085186,Dallas,48,85,31624
11508,0.28939164,0.12221092,Dallas,48,85,31625
11509,0.41612619,0.06133109,Dallas,48,85,31627
11510,0.40690041,0.057131983,Dallas,48,85,31628
11511,0.41370901,0.058750741,Dallas,48,85,31629
11512,0.50724316,0.095447809,Dallas,48,85,31630
11513,0.35260552,0.031609558,Dallas,48,85,31631
11514,0.42816243,0.080432959,Dallas,48,85,31632
11515,0.44327497,0.085347578,Dallas,48,85,31633
11516,0.36810839,0.049365137,Dallas,48,85,31634
11517,0.38420683,0.032276955,Dallas,48,85,31635
11518,0.22892205,0.063625462,Dallas,48,85,31636
11519,0.40941104,0.11946106,Dallas,48,85,31638
11520,0.37571478,0.070705816,Dallas,48,85,31640
11521,0.5295952,0.15910646,Dallas,48,85,31641
11522,0.4360587,0.078562625,Dallas,48,85,31643
11523,0.45883045,0.063373052,Dallas,48,85,31648
11524,0.31162253,0.051109865,Dallas,48,85,31652
11525,0.35501656,0.045678448,Dallas,48,85,31653
11526,0.45931324,0.061956111,Dallas,48,85,31655
11527,0.14624116,0.11923841,Dallas,48,85,31663
11528,0.48311281,0.15653329,Dallas,48,85,31664
11529,0.39401111,0.057776846,Dallas,48,85,31704
11530,0.478026,0.058929153,Dallas,48,85,31708
11531,0.49063063,0.085396238,Dallas,48,85,31709
11532,0.55666721,0.097143076,Dallas,48,85,31711
11533,0.42641139,0.070703492,Dallas,48,85,31712
11534,0.27375665,0.037553187,Dallas,48,85,31713
11535,0.38740769,0.037716385,Dallas,48,85,31714
11536,0.41217285,0.070260018,Dallas,48,85,31716
11537,0.51718712,0.084672831,Dallas,48,85,31717
11538,0.35478756,0.059352178,Dallas,48,85,31718
11539,0.32809508,0.031552374,Dallas,48,85,31720
11540,0.40349761,0.044822656,Dallas,48,85,31802
11541,0.48362988,0.08142329,Dallas,48,85,31805
11542,0.3116799,0.054089967,Dallas,48,85,31807
11543,0.28691626,0.021668648,Dallas,48,85,31900
11544,0.34294119,0.029874906,Dallas,48,85,32003
11545,0.30724481,0.022156473,Dallas,48,85,32004
11546,0.36742327,0.056954905,Dallas,48,85,32008
11547,0.42694253,0.062775277,Dallas,48,85,32009
11548,0.39750591,0.041996278,Dallas,48,85,32010
11549,0.52903581,0.10374138,Dallas,48,85,32011
11550,0.29028282,0.030623909,Dallas,48,85,32012
11551,0.34112862,0.028024109,Dallas,48,85,32013
11552,0.31721303,0.032857418,Dallas,48,97,400
11553,0.35018638,0.047029205,Dallas,48,97,500
11554,0.31696865,0.055042081,Dallas,48,97,600
11555,0.41418272,0.046967883,Dallas,48,97,1100
11556,0.25070086,0.029809823,Dallas,48,113,401
11557,0.34271556,0.033742022,Dallas,48,113,404
11558,0.32338172,0.020747101,Dallas,48,113,405
11559,0.35995597,0.046478692,Dallas,48,113,406
11560,0.27270135,0.026793052,Dallas,48,113,500
11561,0.31421462,0.019280341,Dallas,48,113,601
11562,0.31074107,0.04566985,Dallas,48,113,603
11563,0.31485832,0.024221949,Dallas,48,113,800
11564,0.33695033,0.041840151,Dallas,48,113,900
11565,0.47927034,0.067303255,Dallas,48,113,1101
11566,0.29956576,0.019570766,Dallas,48,113,1202
11567,0.3186532,0.035908207,Dallas,48,113,1302
11568,0.29175228,0.018071879,Dallas,48,113,1400
11569,0.26127177,0.024728822,Dallas,48,113,1502
11570,0.33596253,0.035489399,Dallas,48,113,1503
11571,0.35383427,0.027965695,Dallas,48,113,1504
11572,0.33634794,0.020707499,Dallas,48,113,1600
11573,0.2837728,0.035714913,Dallas,48,113,1900
11574,0.3507607,0.021139301,Dallas,48,113,2000
11575,0.2960051,0.034451414,Dallas,48,113,2200
11576,0.24564299,0.031650353,Dallas,48,113,2400
11577,0.27964184,0.0099214148,Dallas,48,113,2500
11578,0.2728352,0.0086107804,Dallas,48,113,2701
11579,0.23937425,0.010605942,Dallas,48,113,2702
11580,0.25303012,0.05541056,Dallas,48,113,3101
11581,0.25621626,0.014056671,Dallas,48,113,3400
11582,0.27038312,0.0077311634,Dallas,48,113,3700
11583,0.29259786,0.010071445,Dallas,48,113,3800
11584,0.30529779,0.013114954,Dallas,48,113,3901
11585,0.29144719,0.011253244,Dallas,48,113,3902
11586,0.25985831,0.012810887,Dallas,48,113,4000
11587,0.27631611,0.016196061,Dallas,48,113,4100
11588,0.36705112,0.040968549,Dallas,48,113,4201
11589,0.29631972,0.024747573,Dallas,48,113,4202
11590,0.31595275,0.028318711,Dallas,48,113,4300
11591,0.30568424,0.044283483,Dallas,48,113,4500
11592,0.41598958,0.067184016,Dallas,48,113,4600
11593,0.29511711,0.062760346,Dallas,48,113,4700
11594,0.2633183,0.02659375,Dallas,48,113,4800
11595,0.29305416,0.0089027267,Dallas,48,113,4900
11596,0.28433767,0.034444615,Dallas,48,113,5000
11597,0.28692147,0.063056424,Dallas,48,113,5100
11598,0.41718635,0.061246213,Dallas,48,113,5200
11599,0.28652412,0.039471533,Dallas,48,113,5300
11600,0.2683081,0.0079680085,Dallas,48,113,5400
11601,0.29004011,0.0092435759,Dallas,48,113,5500
11602,0.29271808,0.0090788333,Dallas,48,113,5600
11603,0.28250447,0.0078727864,Dallas,48,113,5700
11604,0.30519822,0.0075193304,Dallas,48,113,5901
11605,0.30329424,0.0084393881,Dallas,48,113,5902
11606,0.30782121,0.012204281,Dallas,48,113,6001
11607,0.30857009,0.011657593,Dallas,48,113,6002
11608,0.33194435,0.01191855,Dallas,48,113,6100
11609,0.31747621,0.012088226,Dallas,48,113,6200
11610,0.33574897,0.019381192,Dallas,48,113,6301
11611,0.32384965,0.033798806,Dallas,48,113,6302
11612,0.38035172,0.074273713,Dallas,48,113,6401
11613,0.2734943,0.032247361,Dallas,48,113,6402
11614,0.33853176,0.061671209,Dallas,48,113,6501
11615,0.30806077,0.048666857,Dallas,48,113,6502
11616,0.30849755,0.039923705,Dallas,48,113,6700
11617,0.28705826,0.017060485,Dallas,48,113,6800
11618,0.2876541,0.018811235,Dallas,48,113,6900
11619,0.3311711,0.011713597,Dallas,48,113,7102
11620,0.32262403,0.017813928,Dallas,48,113,7201
11621,0.26930857,0.016306421,Dallas,48,113,7202
11622,0.36091003,0.056658674,Dallas,48,113,7302
11623,0.32612288,0.012465498,Dallas,48,113,7804
11624,0.36970609,0.032930687,Dallas,48,113,7805
11625,0.28358665,0.017994355,Dallas,48,113,7809
11626,0.30027625,0.013492818,Dallas,48,113,7810
11627,0.31700274,0.011167304,Dallas,48,113,7811
11628,0.29315248,0.014024431,Dallas,48,113,7815
11629,0.32314175,0.013774653,Dallas,48,113,7818
11630,0.29647702,0.016791839,Dallas,48,113,7819
11631,0.32071972,0.015398812,Dallas,48,113,7820
11632,0.28271908,0.013907471,Dallas,48,113,7821
11633,0.32037979,0.027872747,Dallas,48,113,7822
11634,0.30952382,0.01270436,Dallas,48,113,7823
11635,0.30619425,0.01280068,Dallas,48,113,7825
11636,0.30385527,0.014821168,Dallas,48,113,7826
11637,0.32962447,0.013318795,Dallas,48,113,7827
11638,0.31294063,0.032295335,Dallas,48,113,7902
11639,0.33413759,0.033345524,Dallas,48,113,7903
11640,0.51229692,0.072522603,Dallas,48,113,7909
11641,0.38263971,0.073362984,Dallas,48,113,7910
11642,0.36204121,0.043627676,Dallas,48,113,7911
11643,0.45409468,0.069671877,Dallas,48,113,7912
11644,0.36834183,0.037128173,Dallas,48,113,7913
11645,0.38918525,0.049611107,Dallas,48,113,7914
11646,0.28561187,0.043585382,Dallas,48,113,8100
11647,0.32514644,0.026496263,Dallas,48,113,8200
11648,0.27843401,0.01675084,Dallas,48,113,8400
11649,0.29082972,0.019791013,Dallas,48,113,8500
11650,0.33538732,0.025111265,Dallas,48,113,8603
11651,0.25720805,0.0098742405,Dallas,48,113,8604
11652,0.30376163,0.0081725214,Dallas,48,113,8701
11653,0.29172233,0.010025545,Dallas,48,113,8703
11654,0.30565643,0.0084663201,Dallas,48,113,8704
11655,0.28480369,0.012486047,Dallas,48,113,8705
11656,0.31772834,0.011702227,Dallas,48,113,8801
11657,0.29703075,0.0074101933,Dallas,48,113,8802
11658,0.2901507,0.0099569391,Dallas,48,113,8900
11659,0.31496695,0.010478776,Dallas,48,113,9000
11660,0.31600946,0.012482804,Dallas,48,113,9101
11661,0.31472051,0.014599345,Dallas,48,113,9103
11662,0.30377388,0.014886735,Dallas,48,113,9104
11663,0.25917315,0.015045574,Dallas,48,113,9105
11664,0.30942577,0.012731481,Dallas,48,113,9201
11665,0.30241024,0.016439369,Dallas,48,113,9202
11666,0.24072154,0.019705938,Dallas,48,113,9301
11667,0.27505186,0.015412673,Dallas,48,113,9303
11668,0.28694394,0.0079034334,Dallas,48,113,9304
11669,0.40521953,0.073942743,Dallas,48,113,9401
11670,0.39273751,0.07797014,Dallas,48,113,9603
11671,0.34246287,0.027680995,Dallas,48,113,9604
11672,0.42763302,0.0548576,Dallas,48,113,9605
11673,0.36281815,0.028857822,Dallas,48,113,9608
11674,0.36229724,0.030544611,Dallas,48,113,9610
11675,0.39341629,0.053789299,Dallas,48,113,9611
11676,0.3267056,0.034731049,Dallas,48,113,9701
11677,0.27879307,0.024087612,Dallas,48,113,9802
11678,0.31951284,0.019537846,Dallas,48,113,9803
11679,0.32700047,0.013885128,Dallas,48,113,9804
11680,0.38219535,0.043306116,Dallas,48,113,9900
11681,0.32788128,0.017472465,Dallas,48,113,10000
11682,0.28539988,0.0097228615,Dallas,48,113,10101
11683,0.36819512,0.048508577,Dallas,48,113,10102
11684,0.33049279,0.014603426,Dallas,48,113,10500
11685,0.33292115,0.033648744,Dallas,48,113,10601
11686,0.22786789,0.025736907,Dallas,48,113,10602
11687,0.34494752,0.020119946,Dallas,48,113,10703
11688,0.28987089,0.018033098,Dallas,48,113,10704
11689,0.31597695,0.010971138,Dallas,48,113,10801
11690,0.34367761,0.010014801,Dallas,48,113,10803
11691,0.30998886,0.01443125,Dallas,48,113,10804
11692,0.32608378,0.014320288,Dallas,48,113,10805
11693,0.32226101,0.0079465499,Dallas,48,113,10902
11694,0.30093405,0.013618333,Dallas,48,113,10903
11695,0.30628526,0.0094734877,Dallas,48,113,10904
11696,0.33126542,0.0093778716,Dallas,48,113,11001
11697,0.3569541,0.016967585,Dallas,48,113,11002
11698,0.32868117,0.011910863,Dallas,48,113,11101
11699,0.30785334,0.011382488,Dallas,48,113,11103
11700,0.29758269,0.0086906087,Dallas,48,113,11104
11701,0.30697015,0.0081868451,Dallas,48,113,11105
11702,0.32393667,0.011367068,Dallas,48,113,11200
11703,0.30411211,0.0085330512,Dallas,48,113,11300
11704,0.29747081,0.0088822916,Dallas,48,113,11401
11705,0.26053441,0.0091952682,Dallas,48,113,11500
11706,0.32022977,0.010587255,Dallas,48,113,11601
11707,0.29945678,0.02630611,Dallas,48,113,11602
11708,0.32067665,0.01205984,Dallas,48,113,11701
11709,0.35697529,0.025279086,Dallas,48,113,11702
11710,0.31723404,0.0087680668,Dallas,48,113,11800
11711,0.30887815,0.008349644,Dallas,48,113,11900
11712,0.30713564,0.0084763272,Dallas,48,113,12000
11713,0.31018433,0.011407667,Dallas,48,113,12100
11714,0.29970244,0.012664064,Dallas,48,113,12204
11715,0.34399375,0.017266722,Dallas,48,113,12206
11716,0.32471439,0.0089387679,Dallas,48,113,12207
11717,0.29438362,0.013696929,Dallas,48,113,12208
11718,0.28943664,0.015133983,Dallas,48,113,12209
11719,0.32034108,0.0095455479,Dallas,48,113,12210
11720,0.30446994,0.010177688,Dallas,48,113,12211
11721,0.2910457,0.016283948,Dallas,48,113,12301
11722,0.29897058,0.010161392,Dallas,48,113,12302
11723,0.33713222,0.030244851,Dallas,48,113,12400
11724,0.29773584,0.022709424,Dallas,48,113,12500
11725,0.29545423,0.01381946,Dallas,48,113,12601
11726,0.36223429,0.052008491,Dallas,48,113,12603
11727,0.31803942,0.010918417,Dallas,48,113,12604
11728,0.29717529,0.023675514,Dallas,48,113,12701
11729,0.3073006,0.032349363,Dallas,48,113,12702
11730,0.31475192,0.028607253,Dallas,48,113,12800
11731,0.35363606,0.047513347,Dallas,48,113,12900
11732,0.36054063,0.059431721,Dallas,48,113,13004
11733,0.38810253,0.023217509,Dallas,48,113,13005
11734,0.3829799,0.02864081,Dallas,48,113,13007
11735,0.31384224,0.022667408,Dallas,48,113,13008
11736,0.32641122,0.013165125,Dallas,48,113,13009
11737,0.31256688,0.016528886,Dallas,48,113,13010
11738,0.2960237,0.013566451,Dallas,48,113,13011
11739,0.37972972,0.053767797,Dallas,48,113,13104
11740,0.33412725,0.020221516,Dallas,48,113,13105
11741,0.31340444,0.076329291,Dallas,48,113,13200
11742,0.4202382,0.087741219,Dallas,48,113,13605
11743,0.42054403,0.041889153,Dallas,48,113,13606
11744,0.28099594,0.06301979,Dallas,48,113,13607
11745,0.35689408,0.043031465,Dallas,48,113,13609
11746,0.31965679,0.027707776,Dallas,48,113,13610
11747,0.38674927,0.027761145,Dallas,48,113,13615
11748,0.3207041,0.032652158,Dallas,48,113,13616
11749,0.42181277,0.058794163,Dallas,48,113,13620
11750,0.35564786,0.039040424,Dallas,48,113,13621
11751,0.40174219,0.081629291,Dallas,48,113,13622
11752,0.35777253,0.030021062,Dallas,48,113,13623
11753,0.41174594,0.053959541,Dallas,48,113,13624
11754,0.38789156,0.05071586,Dallas,48,113,13625
11755,0.33483565,0.047167093,Dallas,48,113,13626
11756,0.3686738,0.062964708,Dallas,48,113,13711
11757,0.26284289,0.050029986,Dallas,48,113,13714
11758,0.41477719,0.11687457,Dallas,48,113,13715
11759,0.32731727,0.055093307,Dallas,48,113,13716
11760,0.29089403,0.046723671,Dallas,48,113,13717
11761,0.49268782,0.050037645,Dallas,48,113,13718
11762,0.39460987,0.04828674,Dallas,48,113,13719
11763,0.28954625,0.028269373,Dallas,48,113,13720
11764,0.32295328,0.052388735,Dallas,48,113,13721
11765,0.42620152,0.035904512,Dallas,48,113,13722
11766,0.39522648,0.035948507,Dallas,48,113,13725
11767,0.4157477,0.065987661,Dallas,48,113,13726
11768,0.36647171,0.041064717,Dallas,48,113,13727
11769,0.27789333,0.064022236,Dallas,48,113,13803
11770,0.45745578,0.070426755,Dallas,48,113,13804
11771,0.34856054,0.02795589,Dallas,48,113,13805
11772,0.32773298,0.055264987,Dallas,48,113,13901
11773,0.35639673,0.087211646,Dallas,48,113,13902
11774,0.3452096,0.074435711,Dallas,48,113,14001
11775,0.36988917,0.024562353,Dallas,48,113,14103
11776,0.34890893,0.017371574,Dallas,48,113,14113
11777,0.31192061,0.021153813,Dallas,48,113,14114
11778,0.37377065,0.023502478,Dallas,48,113,14115
11779,0.31932873,0.017178107,Dallas,48,113,14116
11780,0.41227207,0.13193862,Dallas,48,113,14119
11781,0.37098354,0.048138507,Dallas,48,113,14121
11782,0.3233586,0.073956154,Dallas,48,113,14124
11783,0.33152494,0.089335755,Dallas,48,113,14126
11784,0.44066313,0.046865713,Dallas,48,113,14127
11785,0.37154144,0.051402468,Dallas,48,113,14128
11786,0.38704538,0.084290981,Dallas,48,113,14129
11787,0.36862046,0.058965698,Dallas,48,113,14130
11788,0.33169326,0.041676249,Dallas,48,113,14131
11789,0.34085429,0.035983372,Dallas,48,113,14132
11790,0.33037436,0.019138562,Dallas,48,113,14133
11791,0.31957698,0.1007937,Dallas,48,113,14135
11792,0.35986644,0.029852089,Dallas,48,113,14136
11793,0.40243202,0.037374407,Dallas,48,113,14203
11794,0.32318145,0.045915235,Dallas,48,113,14204
11795,0.37824064,0.031681422,Dallas,48,113,14302
11796,0.42295453,0.033656042,Dallas,48,113,14306
11797,0.4476271,0.072436668,Dallas,48,113,14307
11798,0.29153293,0.021036472,Dallas,48,113,14308
11799,0.33977237,0.01925941,Dallas,48,113,14309
11800,0.35261449,0.027355984,Dallas,48,113,14310
11801,0.30318344,0.030438306,Dallas,48,113,14311
11802,0.33964297,0.045926072,Dallas,48,113,14312
11803,0.34435469,0.018996771,Dallas,48,113,14403
11804,0.33544534,0.041120008,Dallas,48,113,14405
11805,0.36012959,0.04493336,Dallas,48,113,14406
11806,0.32013395,0.017567564,Dallas,48,113,14407
11807,0.32027176,0.025521064,Dallas,48,113,14408
11808,0.37375018,0.068500854,Dallas,48,113,14501
11809,0.29170281,0.03097369,Dallas,48,113,14502
11810,0.25172427,0.050615136,Dallas,48,113,14601
11811,0.3687492,0.026134778,Dallas,48,113,14602
11812,0.30563006,0.049389958,Dallas,48,113,14603
11813,0.35210067,0.028810022,Dallas,48,113,14701
11814,0.38136089,0.044766661,Dallas,48,113,14702
11815,0.20017792,0.063790254,Dallas,48,113,14703
11816,0.36384225,0.041738626,Dallas,48,113,14901
11817,0.35489854,0.053617332,Dallas,48,113,14902
11818,0.32892194,0.027589204,Dallas,48,113,15000
11819,0.3001993,0.028665248,Dallas,48,113,15100
11820,0.37965092,0.047580197,Dallas,48,113,15202
11821,0.32062569,0.043966603,Dallas,48,113,15204
11822,0.33554897,0.027933331,Dallas,48,113,15205
11823,0.35932598,0.039018761,Dallas,48,113,15206
11824,0.34632751,0.055500194,Dallas,48,113,15303
11825,0.29431564,0.05047898,Dallas,48,113,15304
11826,0.36614957,0.027196031,Dallas,48,113,15305
11827,0.37089735,0.04163783,Dallas,48,113,15306
11828,0.48232993,0.04358587,Dallas,48,113,15401
11829,0.33409819,0.025413878,Dallas,48,113,15403
11830,0.32196093,0.025845012,Dallas,48,113,15404
11831,0.29584789,0.025427386,Dallas,48,113,15500
11832,0.39412484,0.05692571,Dallas,48,113,15600
11833,0.36146286,0.075713865,Dallas,48,113,15900
11834,0.33999747,0.043444883,Dallas,48,113,16001
11835,0.38321263,0.048187822,Dallas,48,113,16002
11836,0.2813729,0.015164343,Dallas,48,113,16100
11837,0.31338188,0.052798267,Dallas,48,113,16201
11838,0.34317878,0.024099102,Dallas,48,113,16202
11839,0.39696893,0.041853964,Dallas,48,113,16301
11840,0.28779674,0.058069024,Dallas,48,113,16302
11841,0.37665948,0.027881753,Dallas,48,113,16401
11842,0.3500734,0.024798246,Dallas,48,113,16406
11843,0.35818967,0.02381276,Dallas,48,113,16407
11844,0.33190605,0.027459148,Dallas,48,113,16408
11845,0.33446103,0.059782755,Dallas,48,113,16409
11846,0.44161209,0.044649679,Dallas,48,113,16410
11847,0.37658584,0.029427571,Dallas,48,113,16411
11848,0.42691419,0.057959192,Dallas,48,113,16412
11849,0.39462754,0.027964074,Dallas,48,113,16413
11850,0.32928923,0.015854293,Dallas,48,113,16502
11851,0.33734566,0.023954181,Dallas,48,113,16509
11852,0.34278625,0.012093984,Dallas,48,113,16510
11853,0.34678632,0.014111106,Dallas,48,113,16511
11854,0.39792979,0.033255447,Dallas,48,113,16513
11855,0.36174288,0.018243186,Dallas,48,113,16514
11856,0.34396538,0.019840667,Dallas,48,113,16516
11857,0.37213916,0.018257488,Dallas,48,113,16517
11858,0.33170137,0.017912433,Dallas,48,113,16518
11859,0.38587672,0.07707303,Dallas,48,113,16519
11860,0.33162868,0.011942696,Dallas,48,113,16520
11861,0.39477053,0.024035716,Dallas,48,113,16521
11862,0.29707313,0.046848662,Dallas,48,113,16522
11863,0.3253651,0.048275314,Dallas,48,113,16523
11864,0.30005318,0.016285168,Dallas,48,113,16605
11865,0.35512757,0.013469329,Dallas,48,113,16606
11866,0.31216681,0.0094662039,Dallas,48,113,16607
11867,0.3736133,0.014538324,Dallas,48,113,16610
11868,0.34326014,0.017338116,Dallas,48,113,16611
11869,0.34311578,0.013092962,Dallas,48,113,16612
11870,0.36687696,0.019636186,Dallas,48,113,16615
11871,0.36132154,0.023427173,Dallas,48,113,16616
11872,0.38140833,0.030697647,Dallas,48,113,16617
11873,0.36761993,0.018519238,Dallas,48,113,16618
11874,0.32251483,0.015471608,Dallas,48,113,16619
11875,0.37278506,0.019585801,Dallas,48,113,16620
11876,0.32944739,0.018808132,Dallas,48,113,16621
11877,0.36846891,0.023191847,Dallas,48,113,16622
11878,0.34935358,0.023032857,Dallas,48,113,16623
11879,0.30280244,0.02512921,Dallas,48,113,16624
11880,0.38696402,0.017820871,Dallas,48,113,16625
11881,0.33212107,0.015042049,Dallas,48,113,16626
11882,0.29356742,0.007050564,Dallas,48,113,16701
11883,0.29826599,0.012834859,Dallas,48,113,16703
11884,0.32874832,0.012455567,Dallas,48,113,16704
11885,0.30549869,0.0095763262,Dallas,48,113,16705
11886,0.3351002,0.03739851,Dallas,48,113,16802
11887,0.32507962,0.012623671,Dallas,48,113,16803
11888,0.32295805,0.011674501,Dallas,48,113,16804
11889,0.32634091,0.01989753,Dallas,48,113,16902
11890,0.32461056,0.018241432,Dallas,48,113,16903
11891,0.31666294,0.023318728,Dallas,48,113,17001
11892,0.28076583,0.023380367,Dallas,48,113,17003
11893,0.36153153,0.03346226,Dallas,48,113,17004
11894,0.33767617,0.027336003,Dallas,48,113,17101
11895,0.33499315,0.024742158,Dallas,48,113,17102
11896,0.327106,0.014343144,Dallas,48,113,17201
11897,0.34539726,0.016437745,Dallas,48,113,17202
11898,0.35317218,0.02359413,Dallas,48,113,17301
11899,0.30245557,0.025090653,Dallas,48,113,17303
11900,0.34310132,0.026533516,Dallas,48,113,17304
11901,0.34229311,0.02486822,Dallas,48,113,17305
11902,0.36016327,0.034577645,Dallas,48,113,17306
11903,0.30599529,0.029105635,Dallas,48,113,17400
11904,0.32665366,0.02657553,Dallas,48,113,17500
11905,0.29604283,0.027109344,Dallas,48,113,17602
11906,0.27202758,0.021528268,Dallas,48,113,17604
11907,0.2991024,0.012698871,Dallas,48,113,17605
11908,0.36802706,0.025344975,Dallas,48,113,17606
11909,0.34004715,0.019460419,Dallas,48,113,17702
11910,0.30515483,0.029044615,Dallas,48,113,17703
11911,0.31080228,0.017765529,Dallas,48,113,17704
11912,0.33016172,0.024205592,Dallas,48,113,17804
11913,0.3178744,0.018069249,Dallas,48,113,17805
11914,0.33882505,0.029013462,Dallas,48,113,17806
11915,0.29175872,0.021626513,Dallas,48,113,17807
11916,0.37000322,0.035363313,Dallas,48,113,17808
11917,0.43961614,0.052311257,Dallas,48,113,17811
11918,0.40702793,0.041154381,Dallas,48,113,17812
11919,0.38483328,0.022046445,Dallas,48,113,17813
11920,0.36336482,0.043508951,Dallas,48,113,17814
11921,0.31446081,0.032637779,Dallas,48,113,17900
11922,0.3340641,0.023702953,Dallas,48,113,18001
11923,0.32822514,0.038645249,Dallas,48,113,18002
11924,0.35076141,0.034519203,Dallas,48,113,18104
11925,0.30804747,0.015728049,Dallas,48,113,18105
11926,0.43418723,0.065015107,Dallas,48,113,18110
11927,0.36223152,0.019067686,Dallas,48,113,18111
11928,0.3309347,0.017763674,Dallas,48,113,18118
11929,0.34708047,0.033649568,Dallas,48,113,18120
11930,0.3240689,0.018081473,Dallas,48,113,18121
11931,0.33224043,0.045944005,Dallas,48,113,18122
11932,0.428036,0.028269352,Dallas,48,113,18123
11933,0.40596032,0.030833848,Dallas,48,113,18124
11934,0.33216032,0.025211584,Dallas,48,113,18126
11935,0.42408395,0.044360653,Dallas,48,113,18127
11936,0.34733891,0.015808741,Dallas,48,113,18128
11937,0.34476927,0.032260146,Dallas,48,113,18129
11938,0.33475572,0.022228559,Dallas,48,113,18130
11939,0.34205049,0.025965413,Dallas,48,113,18132
11940,0.36819559,0.04921281,Dallas,48,113,18133
11941,0.37793878,0.039668981,Dallas,48,113,18134
11942,0.35013503,0.03421038,Dallas,48,113,18135
11943,0.31902862,0.060689293,Dallas,48,113,18136
11944,0.37887591,0.029953349,Dallas,48,113,18137
11945,0.33747602,0.020915976,Dallas,48,113,18138
11946,0.38254637,0.044638216,Dallas,48,113,18139
11947,0.35786244,0.036955945,Dallas,48,113,18140
11948,0.3282375,0.022331044,Dallas,48,113,18141
11949,0.3924903,0.038086288,Dallas,48,113,18142
11950,0.33976537,0.015906807,Dallas,48,113,18203
11951,0.29890102,0.01461875,Dallas,48,113,18204
11952,0.32319501,0.020760389,Dallas,48,113,18205
11953,0.26125985,0.021967884,Dallas,48,113,18206
11954,0.31980327,0.029846586,Dallas,48,113,18300
11955,0.31356549,0.019297887,Dallas,48,113,18401
11956,0.43225569,0.057762638,Dallas,48,113,18402
11957,0.34244412,0.019091411,Dallas,48,113,18403
11958,0.32767174,0.032115985,Dallas,48,113,18501
11959,0.33581653,0.012288763,Dallas,48,113,18503
11960,0.3507041,0.014646444,Dallas,48,113,18505
11961,0.33099678,0.017580297,Dallas,48,113,18506
11962,0.26765192,0.060854305,Dallas,48,113,18600
11963,0.30807653,0.02646918,Dallas,48,113,18700
11964,0.33525157,0.033896685,Dallas,48,113,18801
11965,0.26193279,0.045194235,Dallas,48,113,18802
11966,0.36651793,0.026121626,Dallas,48,113,18900
11967,0.33261618,0.027056467,Dallas,48,113,19004
11968,0.29857492,0.022732379,Dallas,48,113,19013
11969,0.32619533,0.019590471,Dallas,48,113,19014
11970,0.32661885,0.019437866,Dallas,48,113,19016
11971,0.342825,0.014354598,Dallas,48,113,19018
11972,0.35462722,0.014657814,Dallas,48,113,19019
11973,0.36040759,0.041147262,Dallas,48,113,19020
11974,0.33420533,0.023062415,Dallas,48,113,19021
11975,0.36676216,0.059191909,Dallas,48,113,19023
11976,0.32607201,0.037228823,Dallas,48,113,19024
11977,0.43120122,0.041482002,Dallas,48,113,19025
11978,0.39373013,0.039268613,Dallas,48,113,19026
11979,0.32978147,0.025244076,Dallas,48,113,19027
11980,0.33441639,0.029188151,Dallas,48,113,19028
11981,0.3907291,0.026950391,Dallas,48,113,19029
11982,0.42390272,0.038619258,Dallas,48,113,19031
11983,0.32859221,0.027142752,Dallas,48,113,19032
11984,0.31282207,0.023707427,Dallas,48,113,19033
11985,0.34059632,0.015240788,Dallas,48,113,19034
11986,0.37428829,0.017369797,Dallas,48,113,19035
11987,0.56396568,0.12297944,Dallas,48,113,19036
11988,0.53247833,0.056801967,Dallas,48,113,19037
11989,0.3691895,0.024476636,Dallas,48,113,19039
11990,0.32142594,0.025006605,Dallas,48,113,19040
11991,0.35711262,0.048049934,Dallas,48,113,19041
11992,0.43504056,0.054943547,Dallas,48,113,19042
11993,0.44887683,0.079840004,Dallas,48,113,19043
11994,0.34107661,0.026434915,Dallas,48,113,19100
11995,0.3524659,0.025545649,Dallas,48,113,19202
11996,0.25064993,0.053995688,Dallas,48,113,19203
11997,0.38646084,0.018609928,Dallas,48,113,19204
11998,0.41739151,0.067692257,Dallas,48,113,19206
11999,0.32323542,0.017449986,Dallas,48,113,19208
12000,0.47017202,0.067344852,Dallas,48,113,19211
12001,0.31935033,0.022002202,Dallas,48,113,19212
12002,0.35517117,0.021421865,Dallas,48,113,19213
12003,0.34758005,0.080908708,Dallas,48,113,20100
12004,0.29596153,0.0083097257,Dallas,48,113,20200
12005,0.27087754,0.0091112209,Dallas,48,113,20300
12006,0.29844588,0.029914236,Dallas,48,113,20400
12007,0.29550028,0.011450866,Dallas,48,113,20500
12008,0.3447071,0.047656346,Dallas,48,113,20700
12009,0.33722275,0.06337066,Dallas,48,121,20113
12010,0.42695123,0.050664335,Dallas,48,121,20114
12011,0.32899028,0.039401799,Dallas,48,121,20401
12012,0.50155175,0.088311881,Dallas,48,121,20402
12013,0.31058317,0.060261991,Dallas,48,121,20403
12014,0.34070587,0.041764963,Dallas,48,121,20503
12015,0.31324238,0.047758821,Dallas,48,121,20504
12016,0.37280264,0.068307333,Dallas,48,121,20505
12017,0.23227552,0.040169615,Dallas,48,121,20601
12018,0.35889551,0.029373283,Dallas,48,121,20602
12019,0.37405512,0.055341251,Dallas,48,121,20700
12020,0.36150259,0.053076014,Dallas,48,121,20800
12021,0.27667415,0.034745291,Dallas,48,121,20900
12022,0.31815869,0.062666461,Dallas,48,121,21000
12023,0.29689249,0.052105546,Dallas,48,121,21100
12024,0.37604693,0.039707627,Dallas,48,121,21201
12025,0.2877588,0.015009248,Dallas,48,121,21202
12026,0.30808014,0.05028832,Dallas,48,121,21301
12027,0.44496888,0.072524682,Dallas,48,121,21303
12028,0.48038653,0.060758002,Dallas,48,121,21304
12029,0.36726734,0.073491529,Dallas,48,121,21305
12030,0.35816371,0.067752607,Dallas,48,121,21403
12031,0.38458863,0.11363111,Dallas,48,121,21404
12032,0.29683343,0.035821956,Dallas,48,121,21405
12033,0.28684223,0.064326964,Dallas,48,121,21406
12034,0.47003734,0.07299871,Dallas,48,121,21408
12035,0.36999249,0.067375273,Dallas,48,121,21409
12036,0.34159634,0.049151547,Dallas,48,121,21502
12037,0.36839366,0.074334636,Dallas,48,121,21505
12038,0.39181724,0.04864917,Dallas,48,121,21516
12039,0.65502805,0.11009481,Dallas,48,121,21518
12040,0.38104656,0.036219273,Dallas,48,121,21519
12041,0.28409541,0.04101713,Dallas,48,121,21520
12042,0.26990396,0.041458271,Dallas,48,121,21521
12043,0.4300046,0.05221913,Dallas,48,121,21523
12044,0.44103536,0.056597423,Dallas,48,121,21611
12045,0.44577223,0.06059175,Dallas,48,121,21612
12046,0.34093601,0.027556831,Dallas,48,121,21613
12047,0.39356148,0.048186991,Dallas,48,121,21614
12048,0.31723335,0.043957021,Dallas,48,121,21615
12049,0.36767071,0.035630699,Dallas,48,121,21616
12050,0.31948766,0.037934121,Dallas,48,121,21618
12051,0.43791023,0.07416261,Dallas,48,121,21619
12052,0.37932584,0.054444022,Dallas,48,121,21620
12053,0.43319964,0.1182888,Dallas,48,121,21621
12054,0.52061158,0.09490288,Dallas,48,121,21622
12055,0.32771173,0.075777411,Dallas,48,121,21623
12056,0.37671947,0.055262089,Dallas,48,121,21624
12057,0.37106287,0.049285352,Dallas,48,121,21628
12058,0.32280317,0.034995575,Dallas,48,121,21630
12059,0.53149253,0.08111959,Dallas,48,121,21631
12060,0.35443723,0.061914582,Dallas,48,121,21632
12061,0.52214164,0.11743291,Dallas,48,121,21633
12062,0.33116421,0.026949285,Dallas,48,121,21634
12063,0.31355241,0.02694729,Dallas,48,121,21635
12064,0.43042645,0.040209819,Dallas,48,121,21636
12065,0.33476916,0.028122665,Dallas,48,121,21637
12066,0.43169349,0.039757937,Dallas,48,121,21638
12067,0.21171707,0.13508323,Dallas,48,121,21715
12068,0.38989645,0.05031867,Dallas,48,121,21716
12069,0.43012697,0.072630994,Dallas,48,121,21717
12070,0.46203962,0.083229296,Dallas,48,121,21722
12071,0.28123274,0.099574029,Dallas,48,121,21730
12072,0.40900743,0.11743493,Dallas,48,121,21731
12073,0.32141855,0.059788711,Dallas,48,121,21732
12074,0.36282247,0.081502885,Dallas,48,121,21733
12075,0.31274465,0.044623535,Dallas,48,121,21734
12076,0.34501252,0.055330578,Dallas,48,121,21735
12077,0.44413584,0.13540962,Dallas,48,121,21737
12078,0.35039616,0.036612537,Dallas,48,121,21739
12079,0.41829306,0.06023898,Dallas,48,121,21740
12080,0.38786912,0.041146908,Dallas,48,121,21742
12081,0.29161561,0.03889706,Dallas,48,121,21743
12082,0.40196037,0.051500332,Dallas,48,121,21744
12083,0.41112044,0.043881807,Dallas,48,121,21745
12084,0.4172895,0.16424431,Dallas,48,121,21747
12085,0.62007546,0.15615176,Dallas,48,121,21748
12086,0.34581771,0.02477251,Dallas,48,139,60101
12087,0.37250203,0.052245732,Dallas,48,139,60102
12088,0.40366766,0.048200093,Dallas,48,139,60204
12089,0.44060707,0.068250842,Dallas,48,139,60206
12090,0.34653211,0.068004772,Dallas,48,139,60207
12091,0.18463287,0.1173247,Dallas,48,139,60209
12092,0.27081448,0.044591162,Dallas,48,139,60213
12093,0.35572091,0.044046763,Dallas,48,139,60300
12094,0.29344493,0.015274767,Dallas,48,139,60400
12095,0.28246212,0.049145237,Dallas,48,139,60500
12096,0.31196088,0.02720193,Dallas,48,139,60600
12097,0.33244962,0.040544242,Dallas,48,139,61000
12098,0.29883209,0.039171185,Dallas,48,139,61400
12099,0.3531031,0.022370303,Dallas,48,139,61500
12100,0.33971307,0.017397899,Dallas,48,139,61600
12101,0.24505107,0.055793878,Dallas,48,139,61700
12102,0.3232165,0.010429459,Houston,48,157,670101
12103,0.34015056,0.011485701,Houston,48,157,670102
12104,0.31675771,0.0078302417,Houston,48,157,670200
12105,0.34786025,0.012624262,Houston,48,157,670300
12106,0.35052642,0.012633807,Houston,48,157,670400
12107,0.36013389,0.013241467,Houston,48,157,670500
12108,0.38738674,0.0096159102,Houston,48,157,670601
12109,0.30930284,0.013324808,Houston,48,157,670602
12110,0.37829125,0.017652836,Houston,48,157,670700
12111,0.38104594,0.018154133,Houston,48,157,670800
12112,0.42584485,0.034569632,Houston,48,157,670901
12113,0.33737692,0.053252134,Houston,48,157,670902
12114,0.39479747,0.032155462,Houston,48,157,671001
12115,0.34723815,0.018130688,Houston,48,157,671002
12116,0.36632529,0.021476576,Houston,48,157,671100
12117,0.36633369,0.016525598,Houston,48,157,671200
12118,0.38898367,0.030748293,Houston,48,157,671300
12119,0.4310894,0.0308064,Houston,48,157,671400
12120,0.40245414,0.029064542,Houston,48,157,671501
12121,0.33915624,0.054510299,Houston,48,157,671502
12122,0.3860203,0.041792296,Houston,48,157,671601
12123,0.45469722,0.13948359,Houston,48,157,671602
12124,0.52381164,0.085968643,Houston,48,157,671700
12125,0.38797554,0.036323685,Houston,48,157,671800
12126,0.36762875,0.073789582,Houston,48,157,671900
12127,0.36351526,0.038811196,Houston,48,157,672001
12128,0.40704545,0.031528044,Houston,48,157,672002
12129,0.43203545,0.11054804,Houston,48,157,672100
12130,0.25466239,0.036060464,Houston,48,157,672200
12131,0.34864771,0.04102071,Houston,48,157,672301
12132,0.34310925,0.05346068,Houston,48,157,672302
12133,0.41992265,0.025178513,Houston,48,157,672400
12134,0.41388455,0.02373668,Houston,48,157,672500
12135,0.44476604,0.019999467,Houston,48,157,672601
12136,0.37773305,0.024589265,Houston,48,157,672602
12137,0.4466908,0.026812378,Houston,48,157,672701
12138,0.33465028,0.033873215,Houston,48,157,672702
12139,0.35019937,0.045265432,Houston,48,157,672800
12140,0.36492372,0.031745143,Houston,48,157,672900
12141,0.43055966,0.12701732,Houston,48,157,673001
12142,0.32435903,0.074183561,Houston,48,157,673002
12143,0.50431544,0.13110606,Houston,48,157,673003
12144,0.33056027,0.036260735,Houston,48,157,673101
12145,0.24713783,0.056032926,Houston,48,157,673200
12146,0.259296,0.051744126,Houston,48,157,673300
12147,0.32699007,0.07023897,Houston,48,157,673400
12148,0.34914401,0.070076719,Houston,48,157,673500
12149,0.44341555,0.09965232,Houston,48,157,673600
12150,0.50382119,0.058237035,Houston,48,157,673800
12151,0.48130536,0.12826903,Houston,48,157,673901
12152,0.27244851,0.042033959,Houston,48,157,674000
12153,0.52467573,0.062530801,Houston,48,157,674100
12154,0.66713458,0.14265881,Houston,48,157,674200
12155,0.49317893,0.054817807,Houston,48,157,674300
12156,0.51046586,0.10568003,Houston,48,157,674400
12157,0.38085943,0.098465569,Houston,48,157,674501
12158,0.30941567,0.027410816,Houston,48,157,674502
12159,0.4303349,0.067254029,Houston,48,157,674602
12160,0.33263603,0.029580368,Houston,48,157,674603
12161,0.34488925,0.04535554,Houston,48,157,674604
12162,0.3649835,0.028402856,Houston,48,157,674700
12163,0.32756793,0.017798314,Houston,48,157,674800
12164,0.30380687,0.016605934,Houston,48,157,674900
12165,0.31825757,0.027871935,Houston,48,157,675000
12166,0.33837733,0.026448343,Houston,48,157,675100
12167,0.32565066,0.027803009,Houston,48,157,675200
12168,0.32587606,0.032453727,Houston,48,157,675300
12169,0.30787754,0.067409568,Houston,48,157,675400
12170,0.35982135,0.053214397,Houston,48,157,675500
12171,0.38246661,0.048951775,Houston,48,157,675700
12172,0.33183753,0.034665514,Houston,48,157,675800
12173,0.20732848,0.1684933,Houston,48,167,720400
12174,0.23896714,0.060330886,Houston,48,167,720501
12175,0.37777498,0.035635788,Houston,48,167,720502
12176,0.33985943,0.045069177,Houston,48,167,720503
12177,0.36748114,0.053679507,Houston,48,167,720600
12178,0.37253398,0.051746402,Houston,48,167,720700
12179,0.33806786,0.019771738,Houston,48,167,720800
12180,0.32469884,0.020957587,Houston,48,167,720900
12181,0.32774165,0.02590204,Houston,48,167,721100
12182,0.46104905,0.049546443,Houston,48,167,721201
12183,0.36242321,0.054038409,Houston,48,167,721202
12184,0.30467972,0.061587088,Houston,48,167,721300
12185,0.60258728,0.091966905,Houston,48,167,721500
12186,0.3615303,0.016680736,Houston,48,167,721900
12187,0.39392349,0.031753834,Houston,48,167,722001
12188,0.38637912,0.03911883,Houston,48,167,722002
12189,0.36096525,0.033676352,Houston,48,167,722100
12190,0.33759663,0.016734496,Houston,48,167,722200
12191,0.34958446,0.017366419,Houston,48,167,722300
12192,0.36639625,0.025461959,Houston,48,167,722600
12193,0.33433178,0.012451567,Houston,48,167,722700
12194,0.32770878,0.022261988,Houston,48,167,722800
12195,0.41006166,0.035797823,Houston,48,167,722900
12196,0.32741681,0.01282172,Houston,48,167,723000
12197,0.36432058,0.018511377,Houston,48,167,723100
12198,0.32969546,0.03335575,Houston,48,167,723200
12199,0.35798046,0.024105724,Houston,48,167,723600
12200,0.34726712,0.021131067,Houston,48,167,723700
12201,0.24820562,0.02014254,Houston,48,167,723800
12202,0.25995034,0.032266203,Houston,48,167,724000
12203,0.30996668,0.028380947,Houston,48,167,724101
12204,0.38050267,0.021686278,Houston,48,167,724200
12205,0.33381256,0.022885764,Houston,48,167,724300
12206,0.31307161,0.015083382,Houston,48,167,724400
12207,0.28222713,0.029937541,Houston,48,167,724500
12208,0.29988167,0.013072276,Houston,48,167,724600
12209,0.31616279,0.012073946,Houston,48,167,724700
12210,0.33802313,0.022275774,Houston,48,167,724800
12211,0.36286536,0.027210947,Houston,48,167,724900
12212,0.28268313,0.022704501,Houston,48,167,725000
12213,0.32429466,0.016052309,Houston,48,167,725100
12214,0.31041014,0.018224452,Houston,48,167,725200
12215,0.35942343,0.040053077,Houston,48,167,725300
12216,0.33585918,0.029004684,Houston,48,167,725400
12217,0.36604261,0.073073037,Houston,48,167,725500
12218,0.32181746,0.018937942,Houston,48,167,725600
12219,0.28958648,0.056761384,Houston,48,167,725700
12220,0.32129514,0.027537832,Houston,48,167,725800
12221,0.36485326,0.043889645,Houston,48,167,725900
12222,0.30157107,0.013425649,Houston,48,167,726200
12223,0.32672116,0.029428713,Houston,48,201,100000
12224,0.24628337,0.020734353,Houston,48,201,210400
12225,0.25251549,0.020617742,Houston,48,201,210500
12226,0.35194346,0.021440174,Houston,48,201,210700
12227,0.30242726,0.014348252,Houston,48,201,210800
12228,0.3473455,0.016581941,Houston,48,201,210900
12229,0.32157123,0.014201839,Houston,48,201,211000
12230,0.31689101,0.009398357,Houston,48,201,211100
12231,0.29416397,0.01118246,Houston,48,201,211200
12232,0.30233622,0.0092222076,Houston,48,201,211300
12233,0.28029716,0.011315887,Houston,48,201,211400
12234,0.32090497,0.032136537,Houston,48,201,211500
12235,0.29558572,0.029817713,Houston,48,201,211600
12236,0.31010816,0.0092182066,Houston,48,201,211700
12237,0.2952553,0.033139538,Houston,48,201,212300
12238,0.35060021,0.039301146,Houston,48,201,212400
12239,0.31191543,0.011775702,Houston,48,201,212500
12240,0.31713536,0.015603072,Houston,48,201,220100
12241,0.42826152,0.076571763,Houston,48,201,220300
12242,0.29348943,0.061347097,Houston,48,201,220400
12243,0.30208176,0.041554797,Houston,48,201,220500
12244,0.3472921,0.039822407,Houston,48,201,220600
12245,0.32882914,0.014424978,Houston,48,201,220700
12246,0.31030586,0.013895434,Houston,48,201,220800
12247,0.28347528,0.032841425,Houston,48,201,220900
12248,0.27474979,0.019168546,Houston,48,201,221000
12249,0.35045195,0.040979378,Houston,48,201,221200
12250,0.27114809,0.028714396,Houston,48,201,221300
12251,0.26842865,0.024097355,Houston,48,201,221400
12252,0.2660509,0.013446059,Houston,48,201,221500
12253,0.38367704,0.043365933,Houston,48,201,221600
12254,0.34113035,0.052191678,Houston,48,201,221900
12255,0.31052089,0.040707596,Houston,48,201,222000
12256,0.38248834,0.042942852,Houston,48,201,222100
12257,0.29692069,0.027457394,Houston,48,201,222200
12258,0.33401185,0.033908077,Houston,48,201,222300
12259,0.26473984,0.048962615,Houston,48,201,222401
12260,0.32969332,0.022684418,Houston,48,201,222402
12261,0.32505208,0.015845027,Houston,48,201,222501
12262,0.33384696,0.041531637,Houston,48,201,222502
12263,0.32613441,0.012347968,Houston,48,201,222503
12264,0.28420231,0.015003548,Houston,48,201,222600
12265,0.3097865,0.014606484,Houston,48,201,222700
12266,0.34671804,0.020924106,Houston,48,201,222900
12267,0.29994884,0.017408557,Houston,48,201,223001
12268,0.34641325,0.023565417,Houston,48,201,223002
12269,0.28242064,0.039199844,Houston,48,201,223100
12270,0.32336053,0.014327074,Houston,48,201,230100
12271,0.29774719,0.0074961009,Houston,48,201,230200
12272,0.3045536,0.012356685,Houston,48,201,230300
12273,0.29345444,0.010505644,Houston,48,201,230400
12274,0.34466374,0.020010103,Houston,48,201,230500
12275,0.32716057,0.012238201,Houston,48,201,230600
12276,0.3068015,0.011213408,Houston,48,201,230700
12277,0.30905971,0.010895304,Houston,48,201,230800
12278,0.32205114,0.0090556722,Houston,48,201,230900
12279,0.30167601,0.0088457102,Houston,48,201,231000
12280,0.32219678,0.01130391,Houston,48,201,231100
12281,0.34844884,0.0090179648,Houston,48,201,231200
12282,0.32635668,0.010934355,Houston,48,201,231300
12283,0.32531443,0.012593687,Houston,48,201,231400
12284,0.32184896,0.010633283,Houston,48,201,231500
12285,0.32406512,0.011610579,Houston,48,201,231600
12286,0.25023463,0.045734387,Houston,48,201,231700
12287,0.34409136,0.023942875,Houston,48,201,231800
12288,0.32345963,0.0079691475,Houston,48,201,231900
12289,0.32234463,0.016051767,Houston,48,201,232000
12290,0.31660789,0.01486161,Houston,48,201,232100
12291,0.34347445,0.034032825,Houston,48,201,232200
12292,0.30936462,0.015075936,Houston,48,201,232301
12293,0.34989008,0.014605176,Houston,48,201,232302
12294,0.3822901,0.023864243,Houston,48,201,232401
12295,0.39207819,0.017384034,Houston,48,201,232402
12296,0.3424688,0.014195088,Houston,48,201,232403
12297,0.37895161,0.050068911,Houston,48,201,232500
12298,0.3094542,0.044640973,Houston,48,201,232600
12299,0.35524717,0.012437998,Houston,48,201,232701
12300,0.32142127,0.013813675,Houston,48,201,232702
12301,0.35992122,0.017448885,Houston,48,201,232800
12302,0.35914597,0.015185592,Houston,48,201,232900
12303,0.33390373,0.012455345,Houston,48,201,233001
12304,0.39795944,0.032704692,Houston,48,201,233002
12305,0.43935308,0.061500058,Houston,48,201,233003
12306,0.33976424,0.044974286,Houston,48,201,233101
12307,0.2268108,0.05850064,Houston,48,201,233102
12308,0.38364142,0.060139425,Houston,48,201,233103
12309,0.27880153,0.04263318,Houston,48,201,233200
12310,0.32006487,0.062862493,Houston,48,201,233300
12311,0.30821291,0.013522921,Houston,48,201,233600
12312,0.33219126,0.024782004,Houston,48,201,233701
12313,0.43939057,0.088961221,Houston,48,201,233702
12314,0.31653202,0.016227067,Houston,48,201,240100
12315,0.34051779,0.018772326,Houston,48,201,240400
12316,0.33743894,0.011908282,Houston,48,201,240501
12317,0.3140412,0.010432904,Houston,48,201,240502
12318,0.31692591,0.014852126,Houston,48,201,240600
12319,0.35360888,0.021269687,Houston,48,201,240701
12320,0.37155637,0.03678387,Houston,48,201,240702
12321,0.32366633,0.017914195,Houston,48,201,240801
12322,0.59216815,0.077951297,Houston,48,201,240802
12323,0.38679206,0.034575958,Houston,48,201,240901
12324,0.39069557,0.022186859,Houston,48,201,240902
12325,0.36539212,0.027044695,Houston,48,201,241000
12326,0.38020173,0.050281219,Houston,48,201,241101
12327,0.35745957,0.022824382,Houston,48,201,241102
12328,0.41686442,0.036752481,Houston,48,201,241103
12329,0.33813536,0.031991251,Houston,48,201,241200
12330,0.35066327,0.027103556,Houston,48,201,241300
12331,0.40711501,0.045202881,Houston,48,201,241400
12332,0.31721246,0.017433198,Houston,48,201,241500
12333,0.43434623,0.031410854,Houston,48,201,250100
12334,0.39140925,0.018352814,Houston,48,201,250200
12335,0.36932698,0.031536404,Houston,48,201,250301
12336,0.36452925,0.030253286,Houston,48,201,250302
12337,0.36547634,0.034968697,Houston,48,201,250401
12338,0.41948873,0.057311475,Houston,48,201,250402
12339,0.35404739,0.038789604,Houston,48,201,250500
12340,0.37354249,0.02134051,Houston,48,201,250600
12341,0.33010909,0.032871101,Houston,48,201,250701
12342,0.42070612,0.09454231,Houston,48,201,250702
12343,0.43091369,0.096923701,Houston,48,201,250800
12344,0.45222387,0.095386125,Houston,48,201,251100
12345,0.23412783,0.090241723,Houston,48,201,251200
12346,0.32969671,0.069528557,Houston,48,201,251402
12347,0.37317118,0.071578994,Houston,48,201,251502
12348,0.30861211,0.044547066,Houston,48,201,251901
12349,0.50689495,0.052484855,Houston,48,201,251902
12350,0.46700779,0.063507453,Houston,48,201,252000
12351,0.36190796,0.059516218,Houston,48,201,252200
12352,0.37768874,0.018070057,Houston,48,201,252301
12353,0.37030154,0.019924158,Houston,48,201,252302
12354,0.35414395,0.052957978,Houston,48,201,252400
12355,0.3614504,0.045431115,Houston,48,201,252700
12356,0.37459907,0.018354386,Houston,48,201,252800
12357,0.27221781,0.058834877,Houston,48,201,252900
12358,0.38101822,0.020039111,Houston,48,201,253000
12359,0.28042057,0.033323377,Houston,48,201,253100
12360,0.36523291,0.051903907,Houston,48,201,253200
12361,0.34765434,0.031651285,Houston,48,201,253400
12362,0.36705601,0.019070003,Houston,48,201,253500
12363,0.37365896,0.016766097,Houston,48,201,253600
12364,0.36999279,0.026478436,Houston,48,201,253700
12365,0.32869893,0.020492462,Houston,48,201,253800
12366,0.31643343,0.025185293,Houston,48,201,253900
12367,0.38152573,0.024669822,Houston,48,201,254000
12368,0.40986082,0.03649031,Houston,48,201,254100
12369,0.36289752,0.045954827,Houston,48,201,254200
12370,0.34646595,0.025413463,Houston,48,201,254300
12371,0.32405627,0.02574986,Houston,48,201,254400
12372,0.34816134,0.027312675,Houston,48,201,254500
12373,0.31467649,0.026663193,Houston,48,201,254600
12374,0.31136206,0.038231689,Houston,48,201,254700
12375,0.23943532,0.021068675,Houston,48,201,310100
12376,0.29293373,0.022830755,Houston,48,201,310200
12377,0.3454724,0.046476934,Houston,48,201,310300
12378,0.53541577,0.083026223,Houston,48,201,311300
12379,0.36442637,0.044924971,Houston,48,201,311400
12380,0.3806985,0.049038123,Houston,48,201,311500
12381,0.32981023,0.026673319,Houston,48,201,311600
12382,0.24554501,0.02564822,Houston,48,201,311700
12383,0.38652498,0.031307224,Houston,48,201,312000
12384,0.2777985,0.011540988,Houston,48,201,312200
12385,0.30173093,0.012928396,Houston,48,201,312300
12386,0.29548097,0.013637607,Houston,48,201,312400
12387,0.34878185,0.024806408,Houston,48,201,312500
12388,0.32229471,0.014671905,Houston,48,201,312600
12389,0.27148077,0.011870168,Houston,48,201,312700
12390,0.33242467,0.017868871,Houston,48,201,312800
12391,0.32905635,0.011433369,Houston,48,201,312900
12392,0.34749669,0.016269604,Houston,48,201,313000
12393,0.26205149,0.053476639,Houston,48,201,313100
12394,0.34695634,0.014229799,Houston,48,201,313200
12395,0.32521027,0.01228773,Houston,48,201,313300
12396,0.30755147,0.01158728,Houston,48,201,313400
12397,0.31307516,0.01202161,Houston,48,201,313500
12398,0.3127493,0.0091915969,Houston,48,201,313600
12399,0.31996229,0.013149312,Houston,48,201,313700
12400,0.30838215,0.010237443,Houston,48,201,313800
12401,0.37193316,0.03870523,Houston,48,201,313900
12402,0.37850058,0.042370144,Houston,48,201,314001
12403,0.39422181,0.030007357,Houston,48,201,314002
12404,0.32844824,0.010527459,Houston,48,201,314300
12405,0.322602,0.033111177,Houston,48,201,314400
12406,0.32201141,0.037624136,Houston,48,201,320100
12407,0.37787643,0.045328461,Houston,48,201,320200
12408,0.28816885,0.063198581,Houston,48,201,320602
12409,0.34625652,0.029201487,Houston,48,201,320700
12410,0.3272993,0.067834832,Houston,48,201,320800
12411,0.33303502,0.02080882,Houston,48,201,320900
12412,0.36165798,0.030148068,Houston,48,201,321000
12413,0.36870062,0.031480826,Houston,48,201,321100
12414,0.30840594,0.018450417,Houston,48,201,321300
12415,0.30412933,0.063332021,Houston,48,201,321402
12416,0.37855682,0.066190295,Houston,48,201,321500
12417,0.46533343,0.090620644,Houston,48,201,322600
12418,0.30019832,0.067049079,Houston,48,201,323100
12419,0.35547909,0.06484931,Houston,48,201,323200
12420,0.31803134,0.053992596,Houston,48,201,323400
12421,0.37065154,0.06661512,Houston,48,201,323500
12422,0.37167403,0.05274637,Houston,48,201,323600
12423,0.25309825,0.06184933,Houston,48,201,324100
12424,0.33018357,0.0096360706,Houston,48,201,330100
12425,0.33098328,0.014552104,Houston,48,201,330200
12426,0.33629721,0.034539815,Houston,48,201,330301
12427,0.32591254,0.01265958,Houston,48,201,330302
12428,0.3582243,0.019216256,Houston,48,201,330303
12429,0.33534706,0.014429224,Houston,48,201,330400
12430,0.3251434,0.012559883,Houston,48,201,330500
12431,0.31313035,0.0096508171,Houston,48,201,330600
12432,0.30734566,0.012368158,Houston,48,201,330700
12433,0.35131654,0.021238791,Houston,48,201,330800
12434,0.32280785,0.016128905,Houston,48,201,330900
12435,0.29949534,0.010184592,Houston,48,201,331100
12436,0.30305034,0.011439627,Houston,48,201,331200
12437,0.31860659,0.0089655621,Houston,48,201,331300
12438,0.28633988,0.01266443,Houston,48,201,331400
12439,0.33960855,0.0090381177,Houston,48,201,331500
12440,0.32502955,0.0079403883,Houston,48,201,331601
12441,0.28603372,0.0099929459,Houston,48,201,331602
12442,0.32262495,0.010148427,Houston,48,201,331700
12443,0.30906892,0.010671554,Houston,48,201,331800
12444,0.29960856,0.0095251128,Houston,48,201,331900
12445,0.31275621,0.0085935621,Houston,48,201,332000
12446,0.29262155,0.012178241,Houston,48,201,332100
12447,0.29473132,0.0089036832,Houston,48,201,332200
12448,0.32729131,0.011049449,Houston,48,201,332300
12449,0.31325763,0.0088809766,Houston,48,201,332400
12450,0.33217883,0.013937675,Houston,48,201,332500
12451,0.32120746,0.013356348,Houston,48,201,332600
12452,0.31233272,0.050201025,Houston,48,201,332700
12453,0.29231274,0.019667802,Houston,48,201,332800
12454,0.40898821,0.04699105,Houston,48,201,332900
12455,0.25490856,0.049259815,Houston,48,201,333000
12456,0.31880569,0.017876484,Houston,48,201,333100
12457,0.31755286,0.012818079,Houston,48,201,333201
12458,0.34405684,0.012552615,Houston,48,201,333202
12459,0.34351027,0.014418573,Houston,48,201,333300
12460,0.33534285,0.01310653,Houston,48,201,333500
12461,0.29848525,0.039955109,Houston,48,201,333600
12462,0.40253821,0.046188381,Houston,48,201,333700
12463,0.3562834,0.016778661,Houston,48,201,333800
12464,0.26757663,0.044325043,Houston,48,201,333901
12465,0.38159341,0.031631812,Houston,48,201,333902
12466,0.37034932,0.019967981,Houston,48,201,334001
12467,0.42502403,0.031161802,Houston,48,201,334003
12468,0.34187722,0.011468343,Houston,48,201,334100
12469,0.31228274,0.039783087,Houston,48,201,340100
12470,0.41430694,0.076346166,Houston,48,201,340302
12471,0.43876255,0.04080575,Houston,48,201,340500
12472,0.44312093,0.04870208,Houston,48,201,340700
12473,0.48504636,0.091613889,Houston,48,201,340800
12474,0.38888595,0.033722535,Houston,48,201,340900
12475,0.33136129,0.036387388,Houston,48,201,341000
12476,0.29078954,0.03076466,Houston,48,201,341100
12477,0.36394542,0.04671688,Houston,48,201,341201
12478,0.41303009,0.05521217,Houston,48,201,341202
12479,0.46524817,0.056835122,Houston,48,201,341301
12480,0.27410212,0.041442066,Houston,48,201,341302
12481,0.048280869,0.10191172,Houston,48,201,341400
12482,0.35294941,0.067309722,Houston,48,201,341501
12483,0.34733325,0.058524203,Houston,48,201,341700
12484,0.45052487,0.054494765,Houston,48,201,342200
12485,0.38236633,0.039751526,Houston,48,201,342300
12486,0.31859756,0.054550942,Houston,48,201,343000
12487,0.37702674,0.068128772,Houston,48,201,343100
12488,0.42030567,0.089978747,Houston,48,201,343200
12489,0.76953757,0.12059144,Houston,48,201,343301
12490,0.38777092,0.068955757,Houston,48,201,343302
12491,0.31466213,0.03379282,Houston,48,201,343600
12492,0.33895162,0.024086764,Houston,48,201,343700
12493,0.40010202,0.039464816,Houston,48,201,350100
12494,0.43123844,0.027754894,Houston,48,201,350200
12495,0.46547452,0.03439755,Houston,48,201,350300
12496,0.37851492,0.025339635,Houston,48,201,350400
12497,0.33569267,0.022030784,Houston,48,201,350500
12498,0.50122178,0.041245792,Houston,48,201,350601
12499,0.41709986,0.045700487,Houston,48,201,350602
12500,0.35215411,0.03104325,Houston,48,201,350801
12501,0.46413016,0.051077764,Houston,48,201,350802
12502,0.3205483,0.018489299,Houston,48,201,410100
12503,0.27340046,0.056929819,Houston,48,201,410702
12504,0.36249122,0.072790936,Houston,48,201,411300
12505,0.53246868,0.083789691,Houston,48,201,411501
12506,0.31114584,0.039199758,Houston,48,201,412900
12507,0.28508592,0.055333488,Houston,48,201,413000
12508,0.31872928,0.022079522,Houston,48,201,413300
12509,0.3211568,0.018510066,Houston,48,201,420100
12510,0.3317827,0.036616519,Houston,48,201,420200
12511,0.32093656,0.067031704,Houston,48,201,420300
12512,0.38214517,0.037869159,Houston,48,201,420400
12513,0.31108424,0.012626353,Houston,48,201,420500
12514,0.27965066,0.03776731,Houston,48,201,420600
12515,0.30030727,0.035725504,Houston,48,201,421101
12516,0.35175407,0.03181554,Houston,48,201,421102
12517,0.34710494,0.031058466,Houston,48,201,421201
12518,0.31838864,0.030887106,Houston,48,201,421202
12519,0.35134125,0.020085406,Houston,48,201,421300
12520,0.3164148,0.0298928,Houston,48,201,421401
12521,0.44101587,0.047313917,Houston,48,201,421402
12522,0.31589967,0.032840606,Houston,48,201,421403
12523,0.37572512,0.021613717,Houston,48,201,421500
12524,0.36475104,0.027681815,Houston,48,201,421600
12525,0.32008377,0.052287523,Houston,48,201,421700
12526,0.39620498,0.034765769,Houston,48,201,421800
12527,0.33725259,0.019196212,Houston,48,201,422100
12528,0.33053148,0.0087446775,Houston,48,201,422200
12529,0.33751589,0.0076778801,Houston,48,201,422301
12530,0.34928963,0.018735921,Houston,48,201,422302
12531,0.33322397,0.011457337,Houston,48,201,422401
12532,0.34907982,0.013977215,Houston,48,201,422402
12533,0.3225255,0.0094669247,Houston,48,201,422500
12534,0.3287853,0.015795881,Houston,48,201,422600
12535,0.33485439,0.024002699,Houston,48,201,422701
12536,0.26812342,0.042772062,Houston,48,201,422702
12537,0.34776044,0.020338304,Houston,48,201,422800
12538,0.35092095,0.014796915,Houston,48,201,422900
12539,0.30890369,0.013245886,Houston,48,201,423000
12540,0.31917083,0.013470734,Houston,48,201,423100
12541,0.36762229,0.027675409,Houston,48,201,423201
12542,0.3147552,0.0087081958,Houston,48,201,423202
12543,0.3327871,0.013442042,Houston,48,201,423301
12544,0.32383737,0.014465944,Houston,48,201,423302
12545,0.36002293,0.011536462,Houston,48,201,423401
12546,0.38722831,0.020825161,Houston,48,201,423402
12547,0.48859015,0.058980983,Houston,48,201,423500
12548,0.37635207,0.013548846,Houston,48,201,423600
12549,0.28720516,0.058802035,Houston,48,201,430100
12550,0.37549776,0.0633559,Houston,48,201,431101
12551,0.47743043,0.079316802,Houston,48,201,431102
12552,0.44319791,0.073399045,Houston,48,201,431201
12553,0.28453794,0.051460896,Houston,48,201,431202
12554,0.30742189,0.049107265,Houston,48,201,431301
12555,0.31695345,0.052524213,Houston,48,201,432001
12556,0.37153271,0.045393534,Houston,48,201,432002
12557,0.35842535,0.040532719,Houston,48,201,432100
12558,0.30115566,0.025481835,Houston,48,201,432200
12559,0.36440358,0.019670706,Houston,48,201,432300
12560,0.35036832,0.017382594,Houston,48,201,432400
12561,0.34607816,0.018113295,Houston,48,201,432500
12562,0.25430575,0.033401165,Houston,48,201,432600
12563,0.31764883,0.026974859,Houston,48,201,432701
12564,0.26180097,0.066913754,Houston,48,201,432702
12565,0.31072164,0.019191543,Houston,48,201,432801
12566,0.32599142,0.021141047,Houston,48,201,432802
12567,0.30336764,0.021,Houston,48,201,432901
12568,0.31441832,0.019293047,Houston,48,201,432902
12569,0.32303527,0.021835195,Houston,48,201,433001
12570,0.33436069,0.01885036,Houston,48,201,433002
12571,0.3191162,0.021099864,Houston,48,201,433003
12572,0.32160848,0.012238192,Houston,48,201,433100
12573,0.36227211,0.019066656,Houston,48,201,433201
12574,0.36608881,0.031536993,Houston,48,201,433202
12575,0.37079072,0.040059786,Houston,48,201,433300
12576,0.38058576,0.01756035,Houston,48,201,433400
12577,0.32694849,0.017955186,Houston,48,201,433501
12578,0.3575083,0.014020557,Houston,48,201,433502
12579,0.35836813,0.01108058,Houston,48,201,433600
12580,0.37117764,0.024503699,Houston,48,201,440100
12581,0.40504104,0.024887504,Houston,48,201,450300
12582,0.36893636,0.041214671,Houston,48,201,450400
12583,0.29322729,0.041035816,Houston,48,201,450600
12584,0.44457281,0.072867721,Houston,48,201,450801
12585,0.35401565,0.014151375,Houston,48,201,450802
12586,0.29097685,0.061727021,Houston,48,201,450900
12587,0.30604362,0.022615377,Houston,48,201,451001
12588,0.36456275,0.017779578,Houston,48,201,451002
12589,0.32829612,0.036892239,Houston,48,201,451100
12590,0.33488005,0.034250513,Houston,48,201,451300
12591,0.3691546,0.055879995,Houston,48,201,451401
12592,0.41191936,0.039780401,Houston,48,201,451402
12593,0.33926958,0.033104111,Houston,48,201,451403
12594,0.45205817,0.062048651,Houston,48,201,451500
12595,0.34687212,0.080922931,Houston,48,201,451601
12596,0.48009217,0.066835098,Houston,48,201,451602
12597,0.36449128,0.022897765,Houston,48,201,451700
12598,0.34727931,0.023490932,Houston,48,201,451800
12599,0.3806822,0.014855902,Houston,48,201,451901
12600,0.39757004,0.021879736,Houston,48,201,452000
12601,0.36505973,0.029286591,Houston,48,201,452100
12602,0.35632324,0.02073711,Houston,48,201,452201
12603,0.43489689,0.042674288,Houston,48,201,452202
12604,0.41369882,0.031741161,Houston,48,201,452300
12605,0.35583454,0.013986964,Houston,48,201,452400
12606,0.3665635,0.012845457,Houston,48,201,452500
12607,0.39251617,0.014458938,Houston,48,201,452600
12608,0.36906281,0.016878199,Houston,48,201,452700
12609,0.37586573,0.016691094,Houston,48,201,452801
12610,0.33775532,0.013159369,Houston,48,201,452802
12611,0.36360997,0.019921999,Houston,48,201,452900
12612,0.34117326,0.013267604,Houston,48,201,453000
12613,0.36829066,0.013480349,Houston,48,201,453100
12614,0.33073145,0.0094570983,Houston,48,201,453200
12615,0.31355113,0.016045624,Houston,48,201,453300
12616,0.40075547,0.036014359,Houston,48,201,453401
12617,0.37844896,0.01523063,Houston,48,201,453402
12618,0.30669382,0.01352017,Houston,48,201,453403
12619,0.4054631,0.017410886,Houston,48,201,453501
12620,0.40839088,0.022315402,Houston,48,201,453502
12621,0.36574885,0.022489656,Houston,48,201,453601
12622,0.34979075,0.012526088,Houston,48,201,453602
12623,0.35217264,0.010938343,Houston,48,201,453700
12624,0.39517069,0.023252398,Houston,48,201,453800
12625,0.37084407,0.016980335,Houston,48,201,453900
12626,0.41665947,0.024824079,Houston,48,201,454000
12627,0.378537,0.024389401,Houston,48,201,454100
12628,0.42616078,0.029423254,Houston,48,201,454200
12629,0.34405971,0.020120641,Houston,48,201,454301
12630,0.40920219,0.026502855,Houston,48,201,454302
12631,0.50655323,0.086722046,Houston,48,201,454700
12632,0.31876066,0.04019646,Houston,48,201,454800
12633,0.49161559,0.074683309,Houston,48,201,454900
12634,0.3885999,0.047912747,Houston,48,201,455101
12635,0.59215069,0.084983923,Houston,48,201,455102
12636,0.3308295,0.088819645,Houston,48,201,455200
12637,0.25226593,0.034451567,Houston,48,201,510100
12638,0.30632308,0.030885087,Houston,48,201,510200
12639,0.25660381,0.058577057,Houston,48,201,510300
12640,0.2675963,0.019789487,Houston,48,201,510500
12641,0.29896337,0.029944101,Houston,48,201,510600
12642,0.3992216,0.063462839,Houston,48,201,510800
12643,0.42526257,0.053410303,Houston,48,201,511002
12644,0.33832332,0.039323956,Houston,48,201,511100
12645,0.32309186,0.039121509,Houston,48,201,511200
12646,0.27528518,0.042859416,Houston,48,201,511500
12647,0.29574755,0.023920596,Houston,48,201,520200
12648,0.36924189,0.029461537,Houston,48,201,520300
12649,0.25199279,0.045310769,Houston,48,201,520400
12650,0.31771526,0.019321522,Houston,48,201,520500
12651,0.37099937,0.036947802,Houston,48,201,520602
12652,0.32165134,0.040314555,Houston,48,201,520700
12653,0.26296347,0.044473514,Houston,48,201,521000
12654,0.27452376,0.046401139,Houston,48,201,521100
12655,0.3368673,0.023083171,Houston,48,201,521200
12656,0.33358431,0.026472185,Houston,48,201,521300
12657,0.25245816,0.040575229,Houston,48,201,521400
12658,0.3622818,0.031400934,Houston,48,201,521500
12659,0.37877807,0.0242876,Houston,48,201,521600
12660,0.34510201,0.015308797,Houston,48,201,521700
12661,0.393226,0.028357813,Houston,48,201,521800
12662,0.33674139,0.028686667,Houston,48,201,521900
12663,0.34463724,0.038753793,Houston,48,201,522000
12664,0.35889667,0.015271675,Houston,48,201,522100
12665,0.37371919,0.027885931,Houston,48,201,522201
12666,0.33715603,0.024178574,Houston,48,201,522202
12667,0.35062283,0.031236518,Houston,48,201,522301
12668,0.2710036,0.027351383,Houston,48,201,522302
12669,0.38385841,0.035996672,Houston,48,201,522401
12670,0.33822343,0.029772297,Houston,48,201,522402
12671,0.32982087,0.015275802,Houston,48,201,530100
12672,0.32533768,0.035893343,Houston,48,201,530200
12673,0.3287538,0.011791065,Houston,48,201,530300
12674,0.30112937,0.013324577,Houston,48,201,530400
12675,0.31386796,0.010167894,Houston,48,201,530500
12676,0.34086367,0.016139966,Houston,48,201,530600
12677,0.31508031,0.014039244,Houston,48,201,530700
12678,0.34778175,0.011886065,Houston,48,201,530800
12679,0.32823855,0.02327786,Houston,48,201,530900
12680,0.39520383,0.079679094,Houston,48,201,531000
12681,0.3366653,0.025316646,Houston,48,201,531200
12682,0.30191621,0.017026732,Houston,48,201,531300
12683,0.33954072,0.034568846,Houston,48,201,531500
12684,0.25304866,0.055915155,Houston,48,201,531600
12685,0.30459675,0.01172428,Houston,48,201,531800
12686,0.31408468,0.0099346638,Houston,48,201,531900
12687,0.3166545,0.007704366,Houston,48,201,532001
12688,0.36471367,0.058283988,Houston,48,201,532002
12689,0.32138151,0.011048404,Houston,48,201,532100
12690,0.29909894,0.010338044,Houston,48,201,532200
12691,0.36132333,0.021535544,Houston,48,201,532300
12692,0.31859142,0.027318235,Houston,48,201,532400
12693,0.36392361,0.035176534,Houston,48,201,532501
12694,0.3246837,0.019102767,Houston,48,201,532502
12695,0.33830762,0.012175404,Houston,48,201,532600
12696,0.34829944,0.017904179,Houston,48,201,532700
12697,0.35133591,0.025818599,Houston,48,201,532800
12698,0.31250039,0.012412219,Houston,48,201,532900
12699,0.31680757,0.012544514,Houston,48,201,533000
12700,0.35688415,0.010703705,Houston,48,201,533100
12701,0.35266629,0.010564432,Houston,48,201,533200
12702,0.29118049,0.0070902607,Houston,48,201,533300
12703,0.34251273,0.0087190047,Houston,48,201,533400
12704,0.35238206,0.026000619,Houston,48,201,533500
12705,0.3420541,0.012998221,Houston,48,201,533600
12706,0.31385949,0.016450627,Houston,48,201,533701
12707,0.29672945,0.020023191,Houston,48,201,533702
12708,0.33845562,0.024391627,Houston,48,201,533801
12709,0.35841951,0.022804793,Houston,48,201,533802
12710,0.32948038,0.011102761,Houston,48,201,533901
12711,0.33920363,0.020016845,Houston,48,201,533902
12712,0.33915606,0.032004818,Houston,48,201,534001
12713,0.35786301,0.015340135,Houston,48,201,534002
12714,0.34355938,0.041980334,Houston,48,201,534003
12715,0.33182099,0.023942931,Houston,48,201,534100
12716,0.36547244,0.037187368,Houston,48,201,534202
12717,0.30781317,0.0295773,Houston,48,201,534203
12718,0.33499625,0.049869351,Houston,48,201,540100
12719,0.41294315,0.042627029,Houston,48,201,540200
12720,0.40910837,0.025653016,Houston,48,201,540501
12721,0.62342077,0.078961104,Houston,48,201,540502
12722,0.4123556,0.039201833,Houston,48,201,540601
12723,0.32846135,0.023604287,Houston,48,201,540602
12724,0.43455917,0.044269882,Houston,48,201,540700
12725,0.40367359,0.034804404,Houston,48,201,540800
12726,0.36909351,0.030570835,Houston,48,201,540902
12727,0.39266878,0.034144405,Houston,48,201,541001
12728,0.44205198,0.081668571,Houston,48,201,541002
12729,0.40144587,0.055845838,Houston,48,201,541003
12730,0.44856998,0.061780415,Houston,48,201,541100
12731,0.47277296,0.094005249,Houston,48,201,541201
12732,0.42644477,0.031283908,Houston,48,201,541202
12733,0.36041456,0.13938631,Houston,48,201,541203
12734,0.40127864,0.026746679,Houston,48,201,541300
12735,0.39260671,0.027447034,Houston,48,201,541400
12736,0.38385224,0.053144678,Houston,48,201,541500
12737,0.42133597,0.029215761,Houston,48,201,541602
12738,0.35149533,0.031686243,Houston,48,201,541700
12739,0.42617446,0.052204698,Houston,48,201,541800
12740,0.38563982,0.058604315,Houston,48,201,541900
12741,0.39045486,0.032272447,Houston,48,201,542000
12742,0.33999223,0.03123373,Houston,48,201,542101
12743,0.39320481,0.028770182,Houston,48,201,542102
12744,0.38834727,0.035103563,Houston,48,201,542200
12745,0.45904285,0.041095965,Houston,48,201,542301
12746,0.32866001,0.042158954,Houston,48,201,542302
12747,0.38025439,0.03250812,Houston,48,201,542400
12748,0.32728782,0.062177345,Houston,48,201,542600
12749,0.52597225,0.075533718,Houston,48,201,542700
12750,0.40556911,0.059827261,Houston,48,201,542800
12751,0.34861711,0.034565594,Houston,48,201,542900
12752,0.3470073,0.029379308,Houston,48,201,543003
12753,0.37148219,0.024114262,Houston,48,201,543200
12754,0.30832878,0.012434336,Houston,48,201,550100
12755,0.30319077,0.011332582,Houston,48,201,550200
12756,0.32899413,0.013332003,Houston,48,201,550301
12757,0.35061851,0.016588319,Houston,48,201,550302
12758,0.3437008,0.013673231,Houston,48,201,550401
12759,0.37642503,0.013239824,Houston,48,201,550402
12760,0.39655271,0.022516731,Houston,48,201,550500
12761,0.36610132,0.013989778,Houston,48,201,550601
12762,0.35163084,0.021025211,Houston,48,201,550602
12763,0.36700612,0.016345007,Houston,48,201,550603
12764,0.31954458,0.023104824,Houston,48,201,550700
12765,0.34758565,0.018840393,Houston,48,201,550800
12766,0.3749069,0.019577067,Houston,48,201,550900
12767,0.33542284,0.022753723,Houston,48,201,551000
12768,0.36053407,0.019467689,Houston,48,201,551100
12769,0.42906106,0.034584034,Houston,48,201,551200
12770,0.33496079,0.054457232,Houston,48,201,551300
12771,0.39845783,0.043220825,Houston,48,201,551400
12772,0.28567794,0.032450959,Houston,48,201,551500
12773,0.41977757,0.025375631,Houston,48,201,551600
12774,0.3344872,0.034037616,Houston,48,201,551701
12775,0.27774248,0.15356846,Houston,48,201,551702
12776,0.38287207,0.043201834,Houston,48,201,551703
12777,0.42150977,0.039399199,Houston,48,201,551900
12778,0.3239519,0.04424382,Houston,48,201,552001
12779,0.37865943,0.042308472,Houston,48,201,552101
12780,0.31524268,0.066579662,Houston,48,201,552102
12781,0.49216291,0.058697108,Houston,48,201,552103
12782,0.35723472,0.040957507,Houston,48,201,552200
12783,0.42558745,0.05621171,Houston,48,201,552302
12784,0.33580679,0.038473394,Houston,48,201,552400
12785,0.33227569,0.023038363,Houston,48,201,552500
12786,0.34769431,0.040910158,Houston,48,201,552601
12787,0.3948212,0.046664827,Houston,48,201,552700
12788,0.46345723,0.060623273,Houston,48,201,552800
12789,0.3686389,0.041698594,Houston,48,201,552900
12790,0.46136773,0.044284783,Houston,48,201,553001
12791,0.35840595,0.031406358,Houston,48,201,553002
12792,0.37438682,0.021632638,Houston,48,201,553100
12793,0.3160404,0.016566761,Houston,48,201,553200
12794,0.33065009,0.024721811,Houston,48,201,553300
12795,0.27554855,0.053401239,Houston,48,201,553401
12796,0.42303261,0.055631626,Houston,48,201,553402
12797,0.32674676,0.061190993,Houston,48,201,553403
12798,0.37603819,0.047926228,Houston,48,201,553500
12799,0.42599007,0.061134335,Houston,48,201,553600
12800,0.46023929,0.071127303,Houston,48,201,553700
12801,0.39855373,0.046810068,Houston,48,201,553802
12802,0.44882691,0.055104159,Houston,48,201,553900
12803,0.35566485,0.056284226,Houston,48,201,554001
12804,0.46039185,0.057574887,Houston,48,201,554102
12805,0.43762559,0.038559001,Houston,48,201,554200
12806,0.54596847,0.10144284,Houston,48,201,554301
12807,0.40085936,0.04048878,Houston,48,201,554302
12808,0.52403682,0.13081203,Houston,48,201,554401
12809,0.29800835,0.054927692,Houston,48,201,554402
12810,0.40043005,0.099300243,Houston,48,201,554403
12811,0.3743954,0.14193794,Houston,48,201,554502
12812,0.33809608,0.088396162,Houston,48,201,554700
12813,0.45481282,0.049031775,Houston,48,201,554801
12814,0.37815464,0.066182099,Houston,48,201,554802
12815,0.47658595,0.086727656,Houston,48,201,554901
12816,0.47401777,0.083643921,Houston,48,201,554903
12817,0.38216585,0.039052002,Houston,48,201,555000
12818,0.47987691,0.077205971,Houston,48,201,555100
12819,0.1709132,0.082493521,Houston,48,201,555200
12820,0.34392041,0.075818218,Houston,48,201,555302
12821,0.29937106,0.066711009,Houston,48,201,555303
12822,0.3220847,0.040262956,Houston,48,201,555401
12823,0.32682282,0.040257074,Houston,48,201,555402
12824,0.45451283,0.066996299,Houston,48,201,555502
12825,0.35778934,0.027988179,Houston,48,201,556000
12826,0.29331827,0.053872615,Dallas,48,257,50203
12827,0.39911038,0.074492536,Dallas,48,257,50204
12828,0.4349128,0.089894652,Dallas,48,257,50205
12829,0.3479532,0.049950764,Dallas,48,257,50206
12830,0.32021961,0.031375021,Dallas,48,257,50300
12831,0.26937267,0.022122698,Dallas,48,257,50400
12832,0.31038344,0.010953088,Dallas,48,257,50500
12833,0.30568272,0.037376951,Dallas,48,257,50600
12834,0.36694524,0.056954022,Dallas,48,257,50701
12835,0.36997715,0.053873647,Dallas,48,257,50704
12836,0.35400492,0.0459828,Dallas,48,257,50800
12837,0.38495734,0.039215252,Dallas,48,257,51000
12838,0.33292136,0.032275904,Dallas,48,257,51100
12839,0.38970682,0.090520777,Dallas,48,257,51202
12840,0.46289593,0.090172336,Dallas,48,257,51300
12841,0.33475709,0.019156603,Houston,48,291,700200
12842,0.32268113,0.035470359,Houston,48,291,700300
12843,0.38921794,0.039997682,Houston,48,291,700800
12844,0.41008541,0.065950915,Houston,48,291,700900
12845,0.34842023,0.035691768,Houston,48,291,701000
12846,0.42856178,0.048885319,Houston,48,291,701100
12847,0.36774436,0.029261401,Houston,48,291,701200
12848,0.33151937,0.024864271,Houston,48,291,701400
12849,0.40405652,0.073209047,Houston,48,339,690100
12850,0.46454266,0.097714141,Houston,48,339,690401
12851,0.25070593,0.074005306,Houston,48,339,690402
12852,0.41714445,0.069981612,Houston,48,339,691200
12853,0.33328247,0.050833713,Houston,48,339,691302
12854,0.36366159,0.057493076,Houston,48,339,691400
12855,0.37983176,0.065105289,Houston,48,339,691500
12856,0.38372517,0.060240492,Houston,48,339,691602
12857,0.44088519,0.056300327,Houston,48,339,691800
12858,0.27987632,0.060120534,Houston,48,339,691900
12859,0.3329401,0.039563295,Houston,48,339,692001
12860,0.33494595,0.046456549,Houston,48,339,692100
12861,0.30633953,0.055241574,Houston,48,339,692200
12862,0.31154099,0.054861568,Houston,48,339,692300
12863,0.41082683,0.063225247,Houston,48,339,692500
12864,0.31915691,0.015418012,Houston,48,339,693101
12865,0.32098067,0.031149199,Houston,48,339,693102
12866,0.35586569,0.047457576,Houston,48,339,693200
12867,0.31904557,0.033447489,Houston,48,339,693300
12868,0.26064283,0.024244532,Houston,48,339,693400
12869,0.31632525,0.031851582,Houston,48,339,693500
12870,0.33635283,0.044413995,Houston,48,339,693600
12871,0.31415483,0.061375152,Houston,48,339,693700
12872,0.2909252,0.045208361,Houston,48,339,693800
12873,0.34468079,0.028070508,Houston,48,339,693900
12874,0.37019283,0.029706536,Houston,48,339,694101
12875,0.35394579,0.060540184,Houston,48,339,694102
12876,0.30950418,0.052468248,Houston,48,339,694400
12877,0.34201968,0.042507157,Houston,48,339,694600
12878,0.33532718,0.064372577,Houston,48,339,694700
12879,0.3276585,0.039458551,Dallas,48,397,40301
12880,0.32129961,0.032155681,Dallas,48,397,40302
12881,0.37011281,0.061890174,Dallas,48,397,40401
12882,0.31449452,0.058256786,Dallas,48,397,40402
12883,0.43599853,0.076093569,Dallas,48,397,40503
12884,0.35819644,0.056572031,Dallas,48,397,40505
12885,0.39332435,0.040004529,Houston,48,407,200101
12886,0.39399931,0.036518849,Houston,48,407,200102
12887,0.2754367,0.03372623,Houston,48,407,200200
12888,0.3106285,0.039106734,Houston,48,407,200300
12889,0.33680862,0.021100949,Houston,48,473,680200
12890,0.36470404,0.029476402,Houston,48,473,680300
12891,0.30881825,0.018641232,Houston,48,473,680500
12892,0.32786164,0.017920695,Houston,48,477,170100
12893,0.29078898,0.021393092,Houston,48,477,170200
12894,0.37955466,0.027233087,Houston,48,477,170300
12895,0.29886684,0.027188523,Houston,48,477,170400
12896,0.40616161,0.041005228,Houston,48,477,170500
12897,0.329391,0.02505533,Houston,48,477,170600
12898,0.31531832,0.037908617,Washington DC,51,13,100700
12899,0.35058179,0.034882978,Washington DC,51,13,100800
12900,0.34500888,0.047853705,Washington DC,51,13,100900
12901,0.34341305,0.055822421,Washington DC,51,13,101200
12902,0.34774235,0.083398528,Washington DC,51,13,101300
12903,0.41516337,0.074325874,Washington DC,51,13,101500
12904,0.4525739,0.066977926,Washington DC,51,13,101702
12905,0.54071438,0.067483179,Washington DC,51,13,101802
12906,0.28803742,0.055227432,Washington DC,51,13,101803
12907,0.25746906,0.051922873,Washington DC,51,13,102001
12908,0.40808848,0.038456075,Washington DC,51,13,102003
12909,0.37336898,0.019653348,Washington DC,51,13,102200
12910,0.3885155,0.04259751,Washington DC,51,13,102302
12911,0.37759376,0.039798651,Washington DC,51,13,102400
12912,0.35649729,0.028613672,Washington DC,51,13,102500
12913,0.46322939,0.052264895,Washington DC,51,13,102600
12914,0.38577396,0.025245694,Washington DC,51,13,102701
12915,0.450351,0.040170405,Washington DC,51,13,102702
12916,0.38534752,0.021915363,Washington DC,51,13,102801
12917,0.40918127,0.10421129,Washington DC,51,13,102802
12918,0.31792262,0.046103876,Washington DC,51,13,102902
12919,0.34953931,0.016035307,Washington DC,51,13,103100
12920,0.41235334,0.034669682,Washington DC,51,13,103200
12921,0.46105117,0.034550596,Washington DC,51,13,103300
12922,0.51728487,0.080304146,Washington DC,51,13,103401
12923,0.42428216,0.086325005,Washington DC,51,13,103402
12924,0.38232714,0.061772767,Washington DC,51,13,103503
12925,0.40888271,0.025517436,Washington DC,51,13,103800
12926,0.35181138,0.046726342,Washington DC,51,59,415100
12927,0.34774706,0.063862503,Washington DC,51,59,415200
12928,0.35060707,0.030931609,Washington DC,51,59,415300
12929,0.43050888,0.019026844,Washington DC,51,59,415401
12930,0.37193507,0.051938653,Washington DC,51,59,415402
12931,0.37307528,0.018992065,Washington DC,51,59,415500
12932,0.31016758,0.096212551,Washington DC,51,59,415900
12933,0.37702292,0.027017489,Washington DC,51,59,416000
12934,0.50134856,0.068196088,Washington DC,51,59,416100
12935,0.39464369,0.019488981,Washington DC,51,59,416200
12936,0.45145333,0.044084113,Washington DC,51,59,420100
12937,0.44184402,0.057210311,Washington DC,51,59,420201
12938,0.41102311,0.07279709,Washington DC,51,59,420202
12939,0.43289575,0.076672494,Washington DC,51,59,420203
12940,0.48016289,0.052694745,Washington DC,51,59,420300
12941,0.30323839,0.026369615,Washington DC,51,59,420400
12942,0.4119297,0.048886489,Washington DC,51,59,420502
12943,0.48534799,0.038407616,Washington DC,51,59,420503
12944,0.39777187,0.023847405,Washington DC,51,59,420600
12945,0.52862513,0.075773828,Washington DC,51,59,420700
12946,0.50907075,0.06609939,Washington DC,51,59,420800
12947,0.41846064,0.051149588,Washington DC,51,59,421001
12948,0.3699784,0.04201157,Washington DC,51,59,421002
12949,0.36071509,0.030951444,Washington DC,51,59,421101
12950,0.57244587,0.056878656,Washington DC,51,59,421102
12951,0.39437371,0.041688554,Washington DC,51,59,421103
12952,0.3776904,0.15375853,Washington DC,51,59,421200
12953,0.5843612,0.054984011,Washington DC,51,59,421300
12954,0.41763553,0.015319142,Washington DC,51,59,421400
12955,0.41043741,0.016108179,Washington DC,51,59,421500
12956,0.40368417,0.014218361,Washington DC,51,59,421600
12957,0.40833783,0.019116396,Washington DC,51,59,421701
12958,0.43898928,0.032759733,Washington DC,51,59,421702
12959,0.38693908,0.019064344,Washington DC,51,59,421800
12960,0.34925184,0.022280544,Washington DC,51,59,421900
12961,0.39417845,0.040889192,Washington DC,51,59,422000
12962,0.40772253,0.024133487,Washington DC,51,59,422101
12963,0.36639723,0.019472836,Washington DC,51,59,422102
12964,0.53769463,0.046224061,Washington DC,51,59,422202
12965,0.52309114,0.048742108,Washington DC,51,59,422301
12966,0.55432743,0.043720789,Washington DC,51,59,422302
12967,0.46921226,0.070451275,Washington DC,51,59,422401
12968,0.42809898,0.033771977,Washington DC,51,59,422402
12969,0.46717644,0.084564112,Washington DC,51,59,422403
12970,0.39456123,0.055980109,Washington DC,51,59,430102
12971,0.32315427,0.055589251,Washington DC,51,59,430201
12972,0.39525324,0.054130778,Washington DC,51,59,430202
12973,0.3943263,0.055550601,Washington DC,51,59,430400
12974,0.54370886,0.048951566,Washington DC,51,59,430600
12975,0.36896899,0.075810038,Washington DC,51,59,430700
12976,0.47612348,0.08591143,Washington DC,51,59,430801
12977,0.45480457,0.060522582,Washington DC,51,59,430802
12978,0.4782525,0.049541626,Washington DC,51,59,430901
12979,0.44397202,0.056104172,Washington DC,51,59,430902
12980,0.52355814,0.046119619,Washington DC,51,59,431001
12981,0.57796532,0.066135563,Washington DC,51,59,431002
12982,0.50560415,0.069304474,Washington DC,51,59,431300
12983,0.36687061,0.070669152,Washington DC,51,59,431400
12984,0.59186763,0.059700154,Washington DC,51,59,431500
12985,0.43726739,0.039575078,Washington DC,51,59,431600
12986,0.44140255,0.054794975,Washington DC,51,59,431801
12987,0.49850938,0.068566814,Washington DC,51,59,431802
12988,0.51457238,0.052855488,Washington DC,51,59,432000
12989,0.32491168,0.070369855,Washington DC,51,59,432100
12990,0.32535401,0.055646338,Washington DC,51,59,432201
12991,0.64312851,0.071433082,Washington DC,51,59,432202
12992,0.52388006,0.10443277,Washington DC,51,59,432300
12993,0.50350571,0.093473412,Washington DC,51,59,432402
12994,0.53269279,0.071010426,Washington DC,51,59,432500
12995,0.68090588,0.085439436,Washington DC,51,59,432600
12996,0.44986627,0.078034595,Washington DC,51,59,432701
12997,0.45733362,0.03677664,Washington DC,51,59,432702
12998,0.49472234,0.047879577,Washington DC,51,59,432800
12999,0.38197446,0.058939531,Washington DC,51,59,440100
13000,0.55163437,0.051875107,Washington DC,51,59,440201
13001,0.49473965,0.042835791,Washington DC,51,59,440202
13002,0.49695539,0.099262074,Washington DC,51,59,440501
13003,0.5137406,0.050610021,Washington DC,51,59,450100
13004,0.29995877,0.028695455,Washington DC,51,59,450200
13005,0.42350286,0.05424545,Washington DC,51,59,450300
13006,0.47863588,0.058194041,Washington DC,51,59,450602
13007,0.69258994,0.121099,Washington DC,51,59,450701
13008,0.43363336,0.037419967,Washington DC,51,59,450702
13009,0.49298352,0.090356439,Washington DC,51,59,450800
13010,0.40122035,0.055650122,Washington DC,51,59,451400
13011,0.39910072,0.037921581,Washington DC,51,59,451501
13012,0.39342761,0.030882629,Washington DC,51,59,451502
13013,0.37635952,0.031723391,Washington DC,51,59,451601
13014,0.31074676,0.038815513,Washington DC,51,59,451602
13015,0.40587297,0.024209481,Washington DC,51,59,451900
13016,0.55190772,0.072345503,Washington DC,51,59,452000
13017,0.44440451,0.04324029,Washington DC,51,59,452101
13018,0.36568004,0.064067721,Washington DC,51,59,452102
13019,0.4218016,0.036732338,Washington DC,51,59,452200
13020,0.42090911,0.043966629,Washington DC,51,59,452301
13021,0.47849396,0.041972719,Washington DC,51,59,452302
13022,0.55811554,0.044100564,Washington DC,51,59,452400
13023,0.42192373,0.089468308,Washington DC,51,59,452501
13024,0.42618558,0.018049162,Washington DC,51,59,452502
13025,0.41967008,0.030204423,Washington DC,51,59,452600
13026,0.46023589,0.033971667,Washington DC,51,59,452700
13027,0.45841298,0.042349219,Washington DC,51,59,452801
13028,0.51957703,0.071313769,Washington DC,51,59,460502
13029,0.48964348,0.063744038,Washington DC,51,59,461000
13030,0.51358634,0.080451481,Washington DC,51,59,461100
13031,0.33117908,0.053732015,Washington DC,51,59,461601
13032,0.36703196,0.049128029,Washington DC,51,59,461602
13033,0.44303101,0.049690757,Washington DC,51,59,461700
13034,0.47228941,0.058072612,Washington DC,51,59,461802
13035,0.44395489,0.042159148,Washington DC,51,59,461901
13036,0.4286814,0.055537354,Washington DC,51,59,461902
13037,0.33877647,0.08713387,Washington DC,51,59,470900
13038,0.48539412,0.066342212,Washington DC,51,59,471100
13039,0.6572879,0.074342065,Washington DC,51,59,471202
13040,0.39619032,0.05416137,Washington DC,51,59,471301
13041,0.4796679,0.068531156,Washington DC,51,59,471401
13042,0.38452554,0.031572785,Washington DC,51,59,471402
13043,0.54261643,0.085609697,Washington DC,51,59,480300
13044,0.57741421,0.11788451,Washington DC,51,59,480502
13045,0.32854533,0.095551379,Washington DC,51,59,480503
13046,0.48983178,0.054991014,Washington DC,51,59,480801
13047,0.2665213,0.054753184,Washington DC,51,59,480802
13048,0.38760731,0.038318042,Washington DC,51,59,480901
13049,0.35066289,0.04167866,Washington DC,51,59,480902
13050,0.39150664,0.0482269,Washington DC,51,59,480903
13051,0.35620716,0.03687885,Washington DC,51,59,481000
13052,0.47208992,0.073773734,Washington DC,51,59,481102
13053,0.43005663,0.055894066,Washington DC,51,59,481103
13054,0.36130673,0.072254933,Washington DC,51,59,481104
13055,0.4678326,0.11856105,Washington DC,51,59,481105
13056,0.37808886,0.027548868,Washington DC,51,59,481202
13057,0.47312406,0.064644389,Washington DC,51,59,481400
13058,0.38817114,0.052643571,Washington DC,51,59,481702
13059,0.37422955,0.043377813,Washington DC,51,59,481900
13060,0.31647015,0.09023542,Washington DC,51,59,482001
13061,0.39761025,0.065836906,Washington DC,51,59,482100
13062,0.37988266,0.046953693,Washington DC,51,59,482201
13063,0.36859575,0.059133679,Washington DC,51,59,482202
13064,0.44315708,0.06844987,Washington DC,51,59,482301
13065,0.40572828,0.034176007,Washington DC,51,59,482302
13066,0.46256018,0.12074167,Washington DC,51,59,482303
13067,0.41721144,0.046406541,Washington DC,51,59,482501
13068,0.40710238,0.086575225,Washington DC,51,59,482502
13069,0.87036163,0.15618561,Washington DC,51,59,482504
13070,0.25353867,0.059041195,Washington DC,51,59,482601
13071,0.44410849,0.13001299,Washington DC,51,59,482602
13072,0.50578403,0.089938067,Washington DC,51,59,490101
13073,0.52456588,0.066917621,Washington DC,51,59,490103
13074,0.61712646,0.13922921,Washington DC,51,59,490502
13075,0.37335029,0.036693823,Washington DC,51,59,491103
13076,0.52598655,0.054768737,Washington DC,51,59,491201
13077,0.43940887,0.045074202,Washington DC,51,59,491301
13078,0.45939103,0.10115336,Washington DC,51,59,491302
13079,0.41007966,0.041148983,Washington DC,51,59,491303
13080,0.53289229,0.053808693,Washington DC,51,59,491401
13081,0.4600527,0.059369422,Washington DC,51,59,491402
13082,0.55056095,0.13218981,Washington DC,51,59,491403
13083,0.36772472,0.076423593,Washington DC,51,59,491404
13084,0.46248057,0.095477074,Washington DC,51,59,491501
13085,0.67927694,0.10370645,Washington DC,51,59,491502
13086,0.4682962,0.052250672,Washington DC,51,59,491601
13087,0.55187893,0.072228275,Washington DC,51,59,491602
13088,0.68195742,0.093194641,Washington DC,51,59,491701
13089,0.48559669,0.04941234,Washington DC,51,59,491702
13090,0.34838438,0.071814515,Washington DC,51,59,491801
13091,0.38383907,0.057046253,Washington DC,51,59,491803
13092,0.47402918,0.095990539,Washington DC,51,59,492000
13093,0.44919553,0.11291365,Washington DC,51,59,492202
13094,0.4717395,0.061575767,Washington DC,51,59,492300
13095,0.36577559,0.033806257,Washington DC,51,59,492400
13096,0.46352693,0.072494261,Washington DC,51,61,930100
13097,0.33514187,0.061334737,Washington DC,51,61,930203
13098,0.24385107,0.051815506,Washington DC,51,61,930206
13099,0.34317979,0.036617234,Washington DC,51,61,930302
13100,0.52559483,0.084294513,Washington DC,51,61,930303
13101,0.24448708,0.049617462,Washington DC,51,61,930401
13102,0.3768132,0.064514168,Washington DC,51,61,930402
13103,0.35718545,0.041268621,Washington DC,51,61,930403
13104,0.40562713,0.064914487,Washington DC,51,61,930704
13105,0.38154539,0.063257739,Washington DC,51,61,930705
13106,0.28075188,0.030829448,Washington DC,51,61,930706
13107,0.33341819,0.064523168,Washington DC,51,61,930707
13108,0.57296628,0.090095587,Washington DC,51,107,610503
13109,0.44600633,0.05944252,Washington DC,51,107,610504
13110,0.35114968,0.029152595,Washington DC,51,107,610505
13111,0.33364391,0.057492141,Washington DC,51,107,610506
13112,0.36088666,0.053750187,Washington DC,51,107,610601
13113,0.40939108,0.10370646,Washington DC,51,107,610603
13114,0.28670028,0.087808602,Washington DC,51,107,611002
13115,0.45055246,0.06340953,Washington DC,51,107,611004
13116,0.20898318,0.056189641,Washington DC,51,107,611005
13117,0.60953754,0.086913794,Washington DC,51,107,611014
13118,0.39341602,0.077677555,Washington DC,51,107,611020
13119,0.39889729,0.073181987,Washington DC,51,107,611101
13120,0.45195225,0.052540865,Washington DC,51,107,611102
13121,0.48709652,0.10270529,Washington DC,51,107,611202
13122,0.38225353,0.047786314,Washington DC,51,107,611204
13123,0.40528557,0.047690708,Washington DC,51,107,611205
13124,0.34665194,0.12139495,Washington DC,51,107,611206
13125,0.63472998,0.12610248,Washington DC,51,107,611209
13126,0.41001612,0.043210946,Washington DC,51,107,611300
13127,0.47078723,0.062451724,Washington DC,51,107,611400
13128,0.37027639,0.046613377,Washington DC,51,107,611501
13129,0.43496343,0.064758599,Washington DC,51,107,611502
13130,0.53875446,0.063642442,Washington DC,51,107,611601
13131,0.42318147,0.05499924,Washington DC,51,107,611602
13132,0.31120738,0.05260684,Washington DC,51,107,611700
13133,0.37306201,0.079658762,Washington DC,51,107,611803
13134,0.41964123,0.07096307,Washington DC,51,153,900100
13135,0.3992494,0.037122644,Washington DC,51,153,900201
13136,0.37593937,0.035654694,Washington DC,51,153,900202
13137,0.38605928,0.018315237,Washington DC,51,153,900203
13138,0.43243149,0.024179876,Washington DC,51,153,900300
13139,0.36419418,0.025506752,Washington DC,51,153,900403
13140,0.3484354,0.019020768,Washington DC,51,153,900404
13141,0.36658135,0.017906001,Washington DC,51,153,900407
13142,0.46413055,0.025396461,Washington DC,51,153,900408
13143,0.41415837,0.023447305,Washington DC,51,153,900409
13144,0.38657996,0.035254505,Washington DC,51,153,900410
13145,0.37041977,0.023263158,Washington DC,51,153,900501
13146,0.37325829,0.017368365,Washington DC,51,153,900600
13147,0.36813357,0.022295125,Washington DC,51,153,900701
13148,0.34284234,0.026146889,Washington DC,51,153,900702
13149,0.41145784,0.076371521,Washington DC,51,153,900801
13150,0.37246659,0.016676694,Washington DC,51,153,900802
13151,0.37479681,0.014815959,Washington DC,51,153,900901
13152,0.44822776,0.031401765,Washington DC,51,153,900904
13153,0.33908078,0.030183492,Washington DC,51,153,900905
13154,0.30230826,0.023064589,Washington DC,51,153,901001
13155,0.3732267,0.077118598,Washington DC,51,153,901005
13156,0.40759555,0.02531277,Washington DC,51,153,901008
13157,0.42365044,0.055876616,Washington DC,51,153,901009
13158,0.40823951,0.060274381,Washington DC,51,153,901010
13159,0.39072028,0.03683171,Washington DC,51,153,901011
13160,0.35975996,0.055393379,Washington DC,51,153,901012
13161,0.29210716,0.034609266,Washington DC,51,153,901100
13162,0.390129,0.025784947,Washington DC,51,153,901203
13163,0.46836016,0.037937816,Washington DC,51,153,901208
13164,0.35648772,0.023931503,Washington DC,51,153,901209
13165,0.3792372,0.026162045,Washington DC,51,153,901211
13166,0.39167336,0.025046069,Washington DC,51,153,901212
13167,0.084724069,0.13094194,Washington DC,51,153,901219
13168,0.37798211,0.028501097,Washington DC,51,153,901221
13169,0.4417125,0.042793322,Washington DC,51,153,901222
13170,0.42731872,0.024863722,Washington DC,51,153,901223
13171,0.45224398,0.035104122,Washington DC,51,153,901224
13172,0.41059721,0.036358841,Washington DC,51,153,901225
13173,0.45090997,0.034062438,Washington DC,51,153,901226
13174,0.41926646,0.025451748,Washington DC,51,153,901227
13175,0.45154595,0.026654301,Washington DC,51,153,901228
13176,0.38205212,0.036824342,Washington DC,51,153,901229
13177,0.45989278,0.034034889,Washington DC,51,153,901230
13178,0.49683955,0.10101116,Washington DC,51,153,901233
13179,0.61124712,0.058260724,Washington DC,51,153,901235
13180,0.36624235,0.04765223,Washington DC,51,153,901236
13181,0.38172165,0.031608041,Washington DC,51,153,901237
13182,0.39890763,0.10735146,Washington DC,51,153,901303
13183,0.41209152,0.091831841,Washington DC,51,153,901306
13184,0.39264286,0.037381362,Washington DC,51,153,901403
13185,0.43110797,0.049522113,Washington DC,51,153,901407
13186,0.41506919,0.027949141,Washington DC,51,153,901408
13187,0.55141521,0.089339651,Washington DC,51,153,901409
13188,0.56154978,0.099345818,Washington DC,51,153,901410
13189,0.53089267,0.11800313,Washington DC,51,153,901412
13190,0.58182442,0.08569061,Washington DC,51,153,901413
13191,0.51918209,0.078955218,Washington DC,51,153,901416
13192,0.5004006,0.082301781,Washington DC,51,153,901508
13193,0.37334788,0.075870991,Washington DC,51,153,901509
13194,0.32965317,0.071139559,Washington DC,51,153,901601
13195,0.32433277,0.030649057,Washington DC,51,153,901602
13196,0.38366228,0.026819954,Washington DC,51,153,901701
13197,0.25148535,0.047435485,Washington DC,51,153,901702
13198,0.356783,0.040952198,Washington DC,51,153,901900
13199,0.37975237,0.039469693,Washington DC,51,187,20400
13200,0.38841209,0.037583478,Washington DC,51,187,20500
13201,0.52570432,0.083177872,Washington DC,51,187,20601
13202,0.40055412,0.022566194,Washington DC,51,510,200102
13203,0.40491,0.014419168,Washington DC,51,510,200103
13204,0.42435867,0.027546113,Washington DC,51,510,200104
13205,0.44099036,0.024132552,Washington DC,51,510,200105
13206,0.42040291,0.034192771,Washington DC,51,510,200106
13207,0.43068212,0.031855121,Washington DC,51,510,200107
13208,0.40590501,0.029950161,Washington DC,51,510,200201
13209,0.43049347,0.027718127,Washington DC,51,510,200301
13210,0.39725637,0.024100391,Washington DC,51,510,200302
13211,0.41420975,0.021084948,Washington DC,51,510,200303
13212,0.39738521,0.01678922,Washington DC,51,510,200405
13213,0.43757486,0.021563897,Washington DC,51,510,200406
13214,0.45866346,0.039348502,Washington DC,51,510,200407
13215,0.34908801,0.020575628,Washington DC,51,510,200500
13216,0.42793474,0.025461908,Washington DC,51,510,200600
13217,0.40707725,0.024948396,Washington DC,51,510,200703
13218,0.39849013,0.052037824,Washington DC,51,510,200801
13219,0.40505964,0.027606197,Washington DC,51,510,200802
13220,0.33368245,0.065187238,Washington DC,51,510,200900
13221,0.4641785,0.07509809,Washington DC,51,510,201100
13222,0.35896841,0.021512847,Washington DC,51,510,201202
13223,0.35224617,0.015405975,Washington DC,51,510,201203
13224,0.35626438,0.017634263,Washington DC,51,510,201204
13225,0.3656925,0.026585756,Washington DC,51,510,201300
13226,0.3941682,0.028042866,Washington DC,51,510,201400
13227,0.22094689,0.057750784,Washington DC,51,510,201500
13228,0.35034221,0.015283739,Washington DC,51,510,201600
13229,0.34960216,0.026290851,Washington DC,51,510,201801
13230,0.26874161,0.027327575,Washington DC,51,510,201802
13231,0.40040594,0.071351126,Washington DC,51,510,201900
13232,0.44706586,0.050009094,Washington DC,51,600,300100
13233,0.41694754,0.063968547,Washington DC,51,600,300200
13234,0.4310219,0.047443304,Washington DC,51,600,300300
13235,0.51684481,0.051851697,Washington DC,51,600,300400
13236,0.57949388,0.091090627,Washington DC,51,600,300500
13237,0.48053014,0.067074105,Washington DC,51,610,500200
13238,0.2449425,0.041085482,Washington DC,51,683,910100
13239,0.48029959,0.071924634,Washington DC,51,683,910201
13240,0.39212006,0.03313395,Washington DC,51,683,910202
13241,0.31349042,0.050479446,Washington DC,51,683,910301
13242,0.36344919,0.033690929,Washington DC,51,683,910302
13243,0.33554646,0.02276564,Washington DC,51,683,910401
13244,0.36954832,0.074585743,Washington DC,51,683,910402
13245,0.32353121,0.040393025,Washington DC,51,685,920100
13246,0.364777,0.04083132,Washington DC,51,685,920200
13247,0.47345629,0.070291787,Seattle,53,29,970400
13248,0.30341935,0.058735259,Seattle,53,29,970601
13249,0.26008898,0.072552249,Seattle,53,29,970602
13250,0.32570562,0.064644612,Seattle,53,29,970800
13251,0.32622701,0.036674686,Seattle,53,29,970900
13252,0.41381338,0.032732356,Seattle,53,33,100
13253,0.35614344,0.03586138,Seattle,53,33,200
13254,0.37133545,0.058288533,Seattle,53,33,300
13255,0.33122444,0.046680391,Seattle,53,33,401
13256,0.32639876,0.068854034,Seattle,53,33,402
13257,0.35593262,0.036254082,Seattle,53,33,600
13258,0.29433364,0.043840423,Seattle,53,33,700
13259,0.39150101,0.06942001,Seattle,53,33,1000
13260,0.35165003,0.034845162,Seattle,53,33,1200
13261,0.29484996,0.049548719,Seattle,53,33,1300
13262,0.31691986,0.060228504,Seattle,53,33,1400
13263,0.27739066,0.048241973,Seattle,53,33,1701
13264,0.33123207,0.068969272,Seattle,53,33,1702
13265,0.35301545,0.052922253,Seattle,53,33,1800
13266,0.344877,0.080980517,Seattle,53,33,3000
13267,0.30408317,0.06089874,Seattle,53,33,3300
13268,0.37774751,0.052430656,Seattle,53,33,4200
13269,0.44240841,0.06974674,Seattle,53,33,4700
13270,0.43702891,0.077006176,Seattle,53,33,5801
13271,0.52912986,0.067677483,Seattle,53,33,6400
13272,0.43364128,0.060604408,Seattle,53,33,7300
13273,0.3181603,0.042629428,Seattle,53,33,7402
13274,0.32952842,0.046165124,Seattle,53,33,7500
13275,0.40347201,0.036742169,Seattle,53,33,7600
13276,0.31887323,0.018041579,Seattle,53,33,7700
13277,0.34684229,0.032564633,Seattle,53,33,7800
13278,0.31467906,0.020680252,Seattle,53,33,7900
13279,0.33318403,0.052499179,Seattle,53,33,8001
13280,0.30513415,0.056263927,Seattle,53,33,8100
13281,0.38316667,0.06032341,Seattle,53,33,8400
13282,0.3314535,0.038251668,Seattle,53,33,8500
13283,0.27697614,0.038517453,Seattle,53,33,8600
13284,0.30825853,0.01731389,Seattle,53,33,8700
13285,0.33415988,0.017965397,Seattle,53,33,8800
13286,0.3114008,0.016421881,Seattle,53,33,8900
13287,0.30935943,0.026658712,Seattle,53,33,9000
13288,0.26917845,0.039440423,Seattle,53,33,9100
13289,0.43437654,0.070229925,Seattle,53,33,9200
13290,0.29311186,0.038459878,Seattle,53,33,9300
13291,0.3500976,0.02691716,Seattle,53,33,9400
13292,0.33761564,0.023807231,Seattle,53,33,9500
13293,0.35926914,0.052308641,Seattle,53,33,9800
13294,0.31920704,0.032626182,Seattle,53,33,9900
13295,0.35033014,0.026906939,Seattle,53,33,10001
13296,0.38535011,0.039048523,Seattle,53,33,10002
13297,0.32666898,0.016397217,Seattle,53,33,10100
13298,0.33304527,0.02583318,Seattle,53,33,10200
13299,0.33810204,0.01549679,Seattle,53,33,10300
13300,0.30070528,0.027058106,Seattle,53,33,10401
13301,0.31373641,0.027414668,Seattle,53,33,10402
13302,0.35915193,0.061642516,Seattle,53,33,10500
13303,0.28637818,0.051780406,Seattle,53,33,10600
13304,0.27639067,0.024478426,Seattle,53,33,10701
13305,0.3692652,0.034970362,Seattle,53,33,10702
13306,0.35487062,0.030996565,Seattle,53,33,10800
13307,0.3722319,0.030729393,Seattle,53,33,11001
13308,0.34974942,0.027403181,Seattle,53,33,11002
13309,0.35842219,0.01998103,Seattle,53,33,11101
13310,0.3032667,0.024211243,Seattle,53,33,11102
13311,0.35095376,0.042475328,Seattle,53,33,11200
13312,0.31054309,0.029724317,Seattle,53,33,11300
13313,0.38368124,0.034354303,Seattle,53,33,11401
13314,0.28132316,0.03087092,Seattle,53,33,11402
13315,0.35170349,0.051858012,Seattle,53,33,11500
13316,0.31719989,0.01891923,Seattle,53,33,11700
13317,0.34191281,0.015227014,Seattle,53,33,11800
13318,0.32104853,0.017354574,Seattle,53,33,11900
13319,0.39413166,0.05623034,Seattle,53,33,20300
13320,0.4139716,0.064736679,Seattle,53,33,20402
13321,0.44871899,0.082509108,Seattle,53,33,20500
13322,0.42005691,0.072244629,Seattle,53,33,20600
13323,0.37775251,0.068568848,Seattle,53,33,21000
13324,0.39684102,0.054049857,Seattle,53,33,21100
13325,0.28195518,0.061282709,Seattle,53,33,21300
13326,0.36480409,0.086192071,Seattle,53,33,22003
13327,0.38810635,0.079728536,Seattle,53,33,22005
13328,0.42358306,0.081253737,Seattle,53,33,22202
13329,0.31870192,0.054751173,Seattle,53,33,22801
13330,0.36580226,0.054792054,Seattle,53,33,23201
13331,0.41467747,0.054316986,Seattle,53,33,23202
13332,0.39995974,0.061277881,Seattle,53,33,23300
13333,0.41802201,0.059926134,Seattle,53,33,23603
13334,0.31282103,0.048034221,Seattle,53,33,23604
13335,0.26412442,0.092219628,Seattle,53,33,24702
13336,0.57546055,0.0702774,Seattle,53,33,24800
13337,0.38027164,0.053220954,Seattle,53,33,25101
13338,0.33591253,0.063775055,Seattle,53,33,25102
13339,0.44192398,0.049155552,Seattle,53,33,25200
13340,0.31291163,0.049269933,Seattle,53,33,25301
13341,0.33944038,0.036772821,Seattle,53,33,25302
13342,0.40238249,0.033313315,Seattle,53,33,25400
13343,0.36709908,0.054815918,Seattle,53,33,25500
13344,0.37157896,0.055214103,Seattle,53,33,25601
13345,0.35198021,0.089570701,Seattle,53,33,25602
13346,0.38429573,0.028939519,Seattle,53,33,25701
13347,0.36810347,0.063608386,Seattle,53,33,25702
13348,0.33419046,0.03702274,Seattle,53,33,25803
13349,0.47089556,0.060436007,Seattle,53,33,25804
13350,0.42465359,0.042042349,Seattle,53,33,25805
13351,0.33967441,0.041316018,Seattle,53,33,25806
13352,0.36658695,0.025535848,Seattle,53,33,26001
13353,0.32961723,0.021884194,Seattle,53,33,26002
13354,0.30377877,0.015466983,Seattle,53,33,26100
13355,0.34502438,0.025822049,Seattle,53,33,26200
13356,0.39227095,0.068256348,Seattle,53,33,26300
13357,0.29122353,0.024722544,Seattle,53,33,26400
13358,0.31774125,0.034353465,Seattle,53,33,26500
13359,0.37532225,0.06914252,Seattle,53,33,26600
13360,0.25688037,0.035376448,Seattle,53,33,26700
13361,0.36504662,0.036083125,Seattle,53,33,26801
13362,0.37647802,0.044193231,Seattle,53,33,26802
13363,0.30748826,0.082802847,Seattle,53,33,27000
13364,0.36839384,0.040517818,Seattle,53,33,27100
13365,0.39829004,0.043039747,Seattle,53,33,27200
13366,0.38548255,0.033238281,Seattle,53,33,27300
13367,0.27381307,0.05011338,Seattle,53,33,27400
13368,0.27320051,0.046433751,Seattle,53,33,27500
13369,0.26169765,0.026466232,Seattle,53,33,27600
13370,0.26004595,0.034116011,Seattle,53,33,27900
13371,0.38055515,0.04198122,Seattle,53,33,28000
13372,0.28835487,0.033835962,Seattle,53,33,28100
13373,0.31267515,0.023376368,Seattle,53,33,28200
13374,0.3907657,0.090739734,Seattle,53,33,28300
13375,0.36394539,0.038870241,Seattle,53,33,28402
13376,0.33841628,0.030290872,Seattle,53,33,28403
13377,0.27165419,0.040039301,Seattle,53,33,28500
13378,0.37203503,0.063677259,Seattle,53,33,28700
13379,0.37108615,0.021916904,Seattle,53,33,28802
13380,0.35013616,0.022158483,Seattle,53,33,28902
13381,0.27124938,0.038636155,Seattle,53,33,29001
13382,0.37897292,0.02860208,Seattle,53,33,29003
13383,0.30212516,0.025432184,Seattle,53,33,29004
13384,0.33854768,0.065604374,Seattle,53,33,29101
13385,0.28829148,0.046537276,Seattle,53,33,29102
13386,0.37573302,0.052195206,Seattle,53,33,29203
13387,0.3026557,0.031928964,Seattle,53,33,29204
13388,0.37865394,0.043671463,Seattle,53,33,29205
13389,0.34753811,0.035390768,Seattle,53,33,29206
13390,0.43971431,0.040283442,Seattle,53,33,29303
13391,0.41513228,0.085928246,Seattle,53,33,29304
13392,0.34199247,0.072336935,Seattle,53,33,29305
13393,0.52300239,0.080784023,Seattle,53,33,29306
13394,0.27846822,0.07149151,Seattle,53,33,29307
13395,0.32183579,0.043428298,Seattle,53,33,29403
13396,0.34686285,0.075527444,Seattle,53,33,29405
13397,0.40187371,0.061901856,Seattle,53,33,29406
13398,0.33815321,0.0340438,Seattle,53,33,29407
13399,0.37093881,0.045909494,Seattle,53,33,29408
13400,0.37550807,0.057885729,Seattle,53,33,29502
13401,0.3660244,0.034163151,Seattle,53,33,29503
13402,0.37454417,0.037379798,Seattle,53,33,29504
13403,0.36774993,0.048448406,Seattle,53,33,29601
13404,0.34405544,0.053457711,Seattle,53,33,29700
13405,0.36675727,0.027901897,Seattle,53,33,29801
13406,0.38280004,0.053032741,Seattle,53,33,29802
13407,0.32577819,0.056136869,Seattle,53,33,29901
13408,0.41253975,0.11033838,Seattle,53,33,29902
13409,0.34490666,0.038617186,Seattle,53,33,30003
13410,0.28742605,0.018434659,Seattle,53,33,30004
13411,0.34381148,0.043776296,Seattle,53,33,30005
13412,0.27663219,0.034260072,Seattle,53,33,30006
13413,0.27368742,0.044501171,Seattle,53,33,30100
13414,0.36558962,0.040097263,Seattle,53,33,30201
13415,0.34144086,0.038080152,Seattle,53,33,30202
13416,0.44141451,0.072988994,Seattle,53,33,30304
13417,0.33547452,0.042942677,Seattle,53,33,30305
13418,0.39637569,0.055341307,Seattle,53,33,30306
13419,0.34559444,0.030387739,Seattle,53,33,30308
13420,0.33738509,0.030509736,Seattle,53,33,30309
13421,0.33007154,0.054299004,Seattle,53,33,30310
13422,0.33822268,0.032395966,Seattle,53,33,30311
13423,0.39997873,0.039083481,Seattle,53,33,30312
13424,0.31258172,0.032350395,Seattle,53,33,30313
13425,0.37018922,0.059573229,Seattle,53,33,30314
13426,0.3610796,0.068210661,Seattle,53,33,30401
13427,0.13539901,0.083542265,Seattle,53,33,30403
13428,0.33134511,0.060931377,Seattle,53,33,30503
13429,0.31857687,0.059551306,Seattle,53,33,30600
13430,0.33803669,0.063516185,Seattle,53,33,30700
13431,0.35981005,0.056425396,Seattle,53,33,30801
13432,0.36561659,0.053292919,Seattle,53,33,31100
13433,0.36431813,0.076048978,Seattle,53,33,31205
13434,0.2945998,0.067746967,Seattle,53,33,31206
13435,0.39661554,0.071746454,Seattle,53,33,31703
13436,0.42770728,0.054177094,Seattle,53,33,31704
13437,0.37214413,0.071164332,Seattle,53,33,31706
13438,0.47283879,0.068224259,Seattle,53,33,31907
13439,0.37669063,0.046466857,Seattle,53,33,31908
13440,0.3186613,0.09645506,Seattle,53,33,31909
13441,0.32108223,0.041602883,Seattle,53,33,32005
13442,0.36302355,0.048540778,Seattle,53,35,80102
13443,0.36446047,0.058825534,Seattle,53,35,80200
13444,0.30643058,0.037028529,Seattle,53,35,80300
13445,0.22771375,0.03897367,Seattle,53,35,80500
13446,0.3115533,0.03679537,Seattle,53,35,80600
13447,0.30918473,0.029918978,Seattle,53,35,80800
13448,0.29861683,0.035114355,Seattle,53,35,81000
13449,0.31065241,0.066849574,Seattle,53,35,81100
13450,0.34113234,0.048813686,Seattle,53,35,81200
13451,0.38378105,0.05862863,Seattle,53,35,90300
13452,0.26088086,0.068219386,Seattle,53,35,91201
13453,0.4552266,0.059909578,Seattle,53,35,91203
13454,0.38403654,0.054968011,Seattle,53,35,91600
13455,0.31959313,0.086757608,Seattle,53,35,91700
13456,0.37864339,0.096308336,Seattle,53,35,91900
13457,0.19119327,0.089320205,Seattle,53,35,92200
13458,0.34109351,0.069239885,Seattle,53,35,92400
13459,0.25058371,0.063469268,Seattle,53,53,60300
13460,0.38093165,0.091157205,Seattle,53,53,60400
13461,0.32988268,0.038640756,Seattle,53,53,60600
13462,0.43296593,0.058994334,Seattle,53,53,60700
13463,0.32113302,0.068609484,Seattle,53,53,60800
13464,0.34996393,0.060126789,Seattle,53,53,60903
13465,0.35274687,0.03802618,Seattle,53,53,60904
13466,0.39994195,0.041097526,Seattle,53,53,60905
13467,0.44885394,0.091133274,Seattle,53,53,60906
13468,0.33778819,0.027243929,Seattle,53,53,61002
13469,0.41262311,0.037039977,Seattle,53,53,61100
13470,0.32157108,0.021127043,Seattle,53,53,61200
13471,0.33909774,0.014826335,Seattle,53,53,61300
13472,0.38919669,0.026280422,Seattle,53,53,61400
13473,0.31420064,0.039814942,Seattle,53,53,61500
13474,0.32716414,0.016518733,Seattle,53,53,61700
13475,0.34571448,0.041832786,Seattle,53,53,61800
13476,0.34795624,0.059278809,Seattle,53,53,61900
13477,0.33927917,0.028269479,Seattle,53,53,62000
13478,0.3813017,0.02504345,Seattle,53,53,62300
13479,0.32225987,0.036433127,Seattle,53,53,62400
13480,0.3956205,0.034524422,Seattle,53,53,62500
13481,0.29304889,0.035843387,Seattle,53,53,62600
13482,0.3304894,0.014991264,Seattle,53,53,62801
13483,0.35953069,0.028989885,Seattle,53,53,62802
13484,0.28606856,0.018404592,Seattle,53,53,62900
13485,0.33898893,0.037631787,Seattle,53,53,63000
13486,0.322337,0.035375338,Seattle,53,53,63100
13487,0.39550948,0.035437822,Seattle,53,53,63200
13488,0.3006829,0.016951555,Seattle,53,53,63300
13489,0.33567452,0.032340188,Seattle,53,53,63400
13490,0.34232205,0.028228298,Seattle,53,53,63501
13491,0.3501552,0.024796616,Seattle,53,53,63502
13492,0.24666055,0.067216612,Seattle,53,53,70703
13493,0.27658123,0.057685781,Seattle,53,53,71206
13494,0.30835214,0.057713844,Seattle,53,53,71207
13495,0.34890515,0.058375396,Seattle,53,53,71208
13496,0.46027148,0.077899277,Seattle,53,53,71304
13497,0.34594801,0.066655725,Seattle,53,53,71305
13498,0.38630542,0.055768386,Seattle,53,53,71306
13499,0.45002735,0.082506433,Seattle,53,53,71307
13500,0.34403148,0.053402584,Seattle,53,53,71403
13501,0.34776053,0.06474866,Seattle,53,53,71406
13502,0.40822133,0.041775759,Seattle,53,53,71407
13503,0.35058352,0.036675964,Seattle,53,53,71408
13504,0.39211452,0.034808926,Seattle,53,53,71409
13505,0.28293127,0.040770762,Seattle,53,53,71410
13506,0.34196061,0.038122535,Seattle,53,53,71411
13507,0.37734488,0.041961502,Seattle,53,53,71503
13508,0.43705076,0.053319961,Seattle,53,53,71504
13509,0.3652384,0.046348598,Seattle,53,53,71505
13510,0.29463828,0.043776575,Seattle,53,53,71506
13511,0.27256113,0.022427218,Seattle,53,53,71601
13512,0.31496239,0.025102789,Seattle,53,53,71602
13513,0.36190704,0.028087154,Seattle,53,53,71703
13514,0.34379661,0.021689506,Seattle,53,53,71704
13515,0.38692799,0.04485194,Seattle,53,53,71705
13516,0.35561365,0.048048455,Seattle,53,53,71706
13517,0.35388428,0.041296855,Seattle,53,53,71707
13518,0.31408542,0.025155811,Seattle,53,53,71803
13519,0.33204111,0.026727876,Seattle,53,53,71805
13520,0.31569773,0.022377038,Seattle,53,53,71806
13521,0.41009918,0.029542094,Seattle,53,53,71807
13522,0.30429703,0.025880352,Seattle,53,53,71808
13523,0.33265111,0.028289659,Seattle,53,53,71901
13524,0.24602954,0.043113522,Seattle,53,53,71902
13525,0.37751269,0.024462502,Seattle,53,53,72000
13526,0.33572048,0.051462803,Seattle,53,53,72105
13527,0.31429595,0.020954473,Seattle,53,53,72106
13528,0.38322917,0.041137915,Seattle,53,53,72107
13529,0.32068264,0.023978468,Seattle,53,53,72108
13530,0.38433322,0.053294104,Seattle,53,53,72109
13531,0.33487716,0.025646841,Seattle,53,53,72112
13532,0.31191313,0.039293271,Seattle,53,53,72305
13533,0.34317768,0.029690986,Seattle,53,53,72307
13534,0.39320356,0.038379334,Seattle,53,53,72308
13535,0.36973488,0.035950061,Seattle,53,53,72309
13536,0.29725105,0.038918834,Seattle,53,53,72310
13537,0.39028296,0.028325288,Seattle,53,53,72311
13538,0.34522709,0.023344327,Seattle,53,53,72312
13539,0.38092595,0.054504201,Seattle,53,53,72313
13540,0.43678379,0.087737404,Seattle,53,53,72800
13541,0.35148019,0.037957989,Seattle,53,53,72901
13542,0.44703153,0.033835236,Seattle,53,53,72903
13543,0.35877219,0.017583612,Seattle,53,53,72905
13544,0.34204167,0.013260139,Seattle,53,53,72907
13545,0.42286181,0.06886062,Seattle,53,53,73108
13546,0.52305841,0.086550832,Seattle,53,53,73110
13547,0.33996695,0.047653195,Seattle,53,53,73114
13548,0.27805662,0.10934484,Seattle,53,53,73115
13549,0.58272827,0.087098546,Seattle,53,53,73122
13550,0.51698101,0.084659956,Seattle,53,53,73125
13551,0.4407891,0.072272874,Seattle,53,53,940002
13552,0.32854816,0.042307753,Seattle,53,53,940003
13553,0.56111681,0.073129691,Seattle,53,53,940004
13554,0.34311751,0.068631724,Seattle,53,53,940005
13555,0.24698651,0.026896728,Seattle,53,53,940006
13556,0.29635787,0.024970436,Seattle,53,53,940007
13557,0.26199004,0.043565243,Seattle,53,53,940008
13558,0.37529504,0.061328519,Seattle,53,61,40700
13559,0.43288967,0.077054568,Seattle,53,61,41000
13560,0.35533544,0.07331153,Seattle,53,61,41100
13561,0.3710112,0.064488098,Seattle,53,61,41202
13562,0.4228901,0.057366781,Seattle,53,61,41805
13563,0.31432587,0.040987387,Seattle,53,61,41806
13564,0.29546955,0.038756404,Seattle,53,61,41809
13565,0.30959833,0.04634447,Seattle,53,61,41810
13566,0.35703477,0.046752289,Seattle,53,61,41811
13567,0.33928025,0.046351716,Seattle,53,61,41903
13568,0.29443949,0.038664911,Seattle,53,61,41904
13569,0.37123847,0.064995579,Seattle,53,61,41905
13570,0.28535038,0.083171405,Seattle,53,61,42006
13571,0.32013011,0.065549172,Seattle,53,61,50102
13572,0.3375223,0.093879096,Seattle,53,61,50700
13573,0.52193636,0.10639837,Seattle,53,61,51000
13574,0.33964375,0.066480175,Seattle,53,61,51200
13575,0.32995197,0.046424881,Seattle,53,61,51300
13576,0.37028098,0.040486589,Seattle,53,61,51400
13577,0.32800674,0.063026898,Seattle,53,61,51500
13578,0.37958959,0.054706886,Seattle,53,61,51601
13579,0.35105386,0.055191696,Seattle,53,61,51701
13580,0.37601048,0.065634936,Seattle,53,61,51702
13581,0.35719663,0.079498425,Seattle,53,61,51802
13582,0.27948728,0.039713737,Seattle,53,61,51905
13583,0.34873331,0.06878151,Seattle,53,61,51915
13584,0.24085328,0.051277027,Seattle,53,61,51928
13585,0.29694864,0.061507344,Seattle,53,67,10520
13586,0.3133091,0.063067473,Seattle,53,67,10910
13587,0.33036891,0.066031381,Seattle,53,67,11200
13588,0.32613388,0.07059066,Seattle,53,67,11300
13589,0.34870756,0.087967284,Seattle,53,67,11410
13590,0.33183283,0.040479962,Seattle,53,67,11420
13591,0.3506943,0.04800744,Seattle,53,67,11500
13592,0.42401022,0.057034913,Seattle,53,67,11610
13593,0.53529239,0.061731383,Seattle,53,67,11621
13594,0.42998162,0.054686066,Seattle,53,67,11622
13595,0.46440676,0.087160833,Seattle,53,67,11623
13596,0.5023061,0.072093233,Seattle,53,67,12212
13597,0.67901421,0.12574829,Seattle,53,67,12222
13598,0.32383507,0.035695784,Seattle,53,67,12310
13599,0.32774693,0.033970557,Seattle,53,67,12330
